"user_id","password","pwned"
"carlos.mendez89@gmail.com","pambolero9","True"
"cmende","Pambolero9!2024","False"
"mlzhou.tea@outlook.com","bobaice30","False"
"mzhou","#Bobaice30Bank!","False"
"liam.dublin.runner@gmail.com","shamrock7","True"
"loconn","Shamrock7!Dublin","False"
"falmansoor91@yahoo.com","karaktea4","False"
"falman","Karaktea4$Secure","False"
"kmensah_accra@hotmail.com","kotoko88","True"
"kmensa","!Kotoko88Accra!","False"
"anya.petrova.msc@gmail.com","koshka22","True"
"apetro","Koshka22!Finance","False"
"hiroshi.surf@softbank.ne.jp","sushiroll1","True"
"htanak","Sushiroll1#Tokyo","False"
"sofia_rossi_milano@libero.it","vespaboy","True"
"srossi","Vespaboy!2024#","False"
"tariqhaddad@yandex.com","falafel99","True"
"thadda","Falafel99*Audit","False"
"elena_gomez94@gmail.com","gatoloco7","True"
"egomez","Gatoloco7$HomeLoan","False"
"devraj.patel@rediffmail.com","cricketfan","True"
"dpatel","Cricketfan@1234!","False"
"amara_okafor_lagos@gmail.com","jollofking","False"
"aokafo","Jollofking#2024!","False"
"lucas.dupont77@free.fr","baguette8","True"
"ldupon","!Baguette8Credit","False"
"ingrid.fika@telia.com","kanelbulle","True"
"ilinds","Kanelbulle!9988","False"
"gabriel.silva.rio@uol.com.br","flamengo10","True"
"gsilva","Flamengo10@Rio24","False"
"priya.sharma92@gmail.com","masaladosa","True"
"psharm","Masaladosa$Banking1","False"
"sunwoo.park88@naver.com","starcraft88","True"
"spark1","Starcraft88!Work","False"
"chloe.martin_paris@gmail.com","chocolat5","True"
"cmarti","Chocolat5&Vault!","False"
"zayd.naser.amman@gmail.com","dabkehero","False"
"znaser","Dabkehero#Risk2024","False"
"hannah.schmidt@posteo.de","brezeln12","False"
"hschmi","Brezeln12#RegReport","False"
"tdorjee_trek@yahoo.com","momoqueen7","False"
"tdorje","Momoqueen7@Treasury","False"
"bvane_oxford@btinternet.com","foxhound2","True"
"bvane1","Foxhound2$Capital!","False"
"kenji.sato.shibuya@gmail.com","ramenlover","True"
"ksato0","Ramenlover!2024#","False"
"nneka_eze_enugu@gmail.com","ankarafashion","False"
"neze01","Ankarafashion#Ops1","False"
"mateusz.kowalski90@wp.pl","pierogi9","True"
"mkowal","Pierogi9@Investigate","False"
"carlos.mendoza94@yahoo.com","realmadrid","True"
"cmendoza","Realmadrid#2024!","False"
"falmansoor@outlook.com","habibi99","True"
"falmansoor","Habibi99$RxMed","False"
"loconnor_ems@gmail.com","guinness","True"
"loconnor","Guinness!1988#EMS","False"
"ananya.patel.dr@gmail.com","diwali2018","True"
"apatel","Diwali2018@Clinic","False"
"kappiah.gh@yahoo.com","chelsea04","True"
"kappiah","Chelsea04!Phleb","False"
"elena.rostova@mail.com","matryoshka","True"
"erostova","Matryoshka#2023!","False"
"hiroshi.tanaka77@gmail.com","bonsai77","True"
"htanaka","Bonsai77!OrthoDoc","False"
"amara.okafor@icloud.com","lagosgirl","True"
"aokafor","Lagosgirl$Nurse1","False"
"mateosilva_md@hotmail.com","flamengo1","True"
"msilva","Flamengo1#Anesth!","False"
"sophiedubois_ped@gmail.com","croissant8","True"
"sdubois","Croissant8!PedCare","False"
"tariq_haddad@live.com","falafel5","True"
"thaddad","Falafel5#SecureIT","False"
"ingrid.lindholm@gmail.com","fika2020","True"
"ilindholm","Fika2020$Therapy","False"
"swpark_bio@naver.com","starcraft","True"
"spark","Starcraft@2024!","False"
"priya_nair91@gmail.com","kerala22","True"
"pnair","Kerala22!Health#","False"
"diego_alvarez_er@yahoo.com","chihuahua","True"
"dalvarez","Chihuahua$ER2024","False"
"dr_zkaya@gmail.com","bosphorus","True"
"zkaya","Bosphorus#Cardio1","False"
"jlmoreau@free.fr","marseille","True"
"jmoreau","Marseille!2024#","False"
"chloe.diet@hotmail.com","poutine12","True"
"ctremblay","Poutine12$Dietitian","False"
"bakari_ardi@gmail.com","kilimanjaro","True"
"abakari","Kilimanjaro!Ward4","False"
"sveta_ivanova_lab@yandex.com","baikal99","True"
"sivanova","Baikal99#LabTech","False"
"thao.nguyen.dh@gmail.com","pho2015","True"
"tnguyen","Pho2015!Hospital1","False"
"mbennett_fitness@gmail.com","deadlift","True"
"mbennett","Deadlift#Rehab2024","False"
"nurul.huda@gmail.com","kucingku","True"
"nhuda","Kucingku@MedCode1","False"
"gabriel_santos90@uol.com.br","samba2010","True"
"gsantos","Samba2010!ChemoWard","False"
"mateo.rossi88@gmail.com","intermilan1908","True"
"mrossi01","Intermilan1908!#med","False"
"priya.sharma.md@yahoo.com","diwalisweets","True"
"psharmaped","Diwalisweets2024!","False"
"chenwei_bj@163.com","baobao0512","True"
"wchen_rad","BaoBao0512#Clinic","False"
"falmansoor91@hotmail.com","jasminechai","False"
"falmanso","Jasminechai$2023Rx","False"
"adiallo.care@outlook.com","senegalking","False"
"adiallo","Senegalking@2024OR","False"
"dr.cgomez@gmail.com","guitarra77","True"
"cgomez_anes","Guitarra77!HospSafe","False"
"kaito.tanaka.pt@gmail.com","tokyoskyline","True"
"ktanaka","TokyoSkyline*2024Rehab","False"
"ngozi_eze@yahoo.co.uk","chinuaachebe","True"
"neze_obgyn","Chinuaachebe#Delivery1","False"
"lindqvist.hannah@gmail.com","fikatime","True"
"hlindq01","Fikatime123$Onco","False"
"ananya.sen@gmail.com","monsoonrain","True"
"asenhima","Monsoonrain!2024Records","False"
"lucas.silva.sp@gmail.com","corinthians","True"
"lsilva_lab","Corinthians*BloodDraw12","False"
"siti.nur@gmail.com","kucingcomel","True"
"snurhali","Kucingcomel#99Nephro","False"
"greta.mueller.hh@web.de","apfelstrudel","True"
"gmueller","Apfelstrudel@Pharma88","False"
"davidkim.md@naver.com","hanriverrun","False"
"dkim_ortho","Hanriverrun!Bone2024","False"
"mdubois.lyon@laposte.net","croissant7","True"
"mdubois_icu","Croissant7$$HospCare","False"
"youssef.nader85@gmail.com","vintageaudio","False"
"ynader_bm","Vintageaudio#Repair01!","False"
"zofia.kowalska@op.pl","tatramountain","False"
"zkowalska","Tatramountain$Psych24","False"
"kwame.asante@ghanaweb.com","blackstars9","True"
"kasante","Blackstars9#EpiAlert","False"
"isa.santos.rio@gmail.com","copacabana","True"
"isantos_us","Copacabana!EchoLab2024","False"
"serg.ivanov@mail.ru","spartakwinner","False"
"sivanov_ems","Spartakwinner#Rescue101","False"
"meiling.zhou@cantonmail.com","bobaicetea","False"
"mzhou_icp","Bobaicetea@Sanitize01","False"
"pastor.arthur.p@gmail.com","psalm23peace","False"
"apendelton","Psalm23peace!ChapelCare","False"
"mateo.silva91@gmail.com","copacabana91","True"
"msilva4","Copacabana91!#2024","False"
"amina.mansoor@outlook.com","falafellover","True"
"aalmansoor","Falafellover2023$","False"
"lindqvist.luke@yahoo.se","volvo240gl","True"
"llindqv","Volvo240gl#Secure1","False"
"sunita.rao.tech@gmail.com","mangolassi7","False"
"srao08","MangoLassi7@Work!","False"
"e.rostova88@mail.ru","sputnik1988","True"
"erostov","Sputnik1988$Global","False"
"chiyo.takahashi@gmail.com","matchalatte3","False"
"ctakahas","MatchaLatte3$$2024","False"
"fatima.z.casa@gmail.com","marrakech21","True"
"fzahra","Marrakech21$$Secure","False"
"ananya.sharma.blr@gmail.com","chaipecharcha","True"
"asharma3","ChaiPeCharcha@1234","False"
"ingrid.hansen85@broadpark.no","fjordwalk85","False"
"ihansen","Fjordwalk85!Secure","False"
"bao.nguyen.dev@gmail.com","pho24bo","False"
"bnguyen","Pho24bo#Saigon2024","False"
"zoe.tremblay@videotron.ca","poutineville","False"
"ztrembla","Poutineville2024!!","False"
"volkov.dmitri@yandex.com","baikallake","True"
"dvolkov","Baikallake#Winter1","False"
"nia.adebayo@gmail.com","jollofrice1","True"
"nadebayo","Jollofrice1@Lagos2024","False"
"sora.park.seoul@naver.com","bibimbap77","True"
"spark02","Bibimbap77$$Kpop","False"
"lucas.martin.lyon@orange.fr","croissant88","True"
"lmartin","Croissant88!Enterprise","False"
"giulia.romano@libero.it","vesparossa","True"
"gromano","VespaRossa@2024#","False"
"arjun.nair.kl@gmail.com","backwaters10","False"
"anair01","Backwaters10#Kerala!","False"
"tenzin.dorji@gmail.com","himalaya99","True"
"tdorji","Himalaya99@Summit!","False"
"isabella.costa.rj@globo.com","ipanema1994","False"
"icosta","Ipanema1994!Office","False"
"priya.sharma.blr@yahoo.com","mangolassi7","False"
"psharma9","MangoLassi7!2024","False"
"lindqvist.lars@outlook.com","saunafan","True"
"llindq1","Saunafan@123456","False"
"amina.elsayed@gmail.com","cairocat22","False"
"aelsay2","CairoCat22$$Global","False"
"kenji.takahashi@softbank.jp","ramenlover","True"
"ktakah3","RamenLover#2024!","False"
"o.morozova@yandex.ru","dachasummer","False"
"omoroz8","DachaSummer2023!#","False"
"carlos_mendoza91@gmail.com","bocajuniors","True"
"cmendo5","BocaJuniors!9120","False"
"chiamaka.okoro@mail.com","chinwe04","True"
"cokoro7","Chinwe04!Security","False"
"lucas.dubois.fr@gmail.com","bordeauxvin","True"
"lduboi2","BordeauxVin#9988","False"
"fati.zahra@hotmail.com","casablanca99","True"
"fzahra6","Casablanca99@Corp!","False"
"liam.oconnor.dub@gmail.com","guinnessfan","True"
"loconn3","GuinnessFan!1234","False"
"wei.zhang.sh@163.com","badminton08","True"
"wzhang9","Badminton08!Safe$","False"
"elena_wealth@gmail.com","orlando2012","True"
"evasqu4","Orlando2012#Secure","False"
"k.asante.accra@gmail.com","kotoko2000","True"
"kasant8","Kotoko2000#Accra!","False"
"hanna.weber82@web.de","berlinwall","True"
"hweber5","BerlinWall!8282","False"
"tariq.mansoor@gmail.com","falcondxb","False"
"talman1","FalconDXB#2024$$","False"
"sypark93@naver.com","bibimbap1","True"
"spark7","Bibimbap1!Seoul2","False"
"giulia.deluca@libero.it","vesparossa","True"
"gdeluc4","VespaRossa#Roma1","False"
"dima.sokolov@inbox.ru","siberiahusky","True"
"dsokol6","SiberiaHusky2024!","False"
"nia.davies.wales@gmail.com","dragons99","True"
"ndavie2","Dragons99!Secure1","False"
"ale.gomez.fx@gmail.com","playaazul","True"
"agomez8","PlayaAzul#Forex1","False"
"zainab.bello.ng@gmail.com","jollofrice","True"
"zbello3","JollofRice$Audit1","False"
"johan.vdm@mweb.co.za","springbok8","True"
"jvande5","Springbok8!Bafana","False"
"chloe.martin.paris@gmail.com","croissant07","True"
"cmarti9","Croissant07#Banker","False"
"rohan.kulkarni@gmail.com","cricketbat","True"
"rkulka1","CricketBat#00799","False"
"siddharth.rao88@gmail.com","cricketfan07","False"
"srao88","Cricketfan07!2024","False"
"mateo.hdz@yahoo.com","barcelona10","True"
"mherna","Barcelona10$$$Work","False"
"lukas.weber91@gmx.de","brezelzeit","False"
"lweber","Brezelzeit!9191#","False"
"chen.meiling@qq.com","bubbletea88","True"
"mchen02","Bubbletea88$$2024","False"
"doconnor_dublin@yahoo.ie","guinnesspint","True"
"doconn","Guinnesspint#1Ireland","False"
"jp.dubois@wanadoo.fr","soleilbleu","True"
"jduboi","Soleilbleu!2024#","False"
"ngozi.adebayo@gmail.com","lagoscity","True"
"nadeba","Lagoscity!123456","False"
"kenji.sato@yahoo.co.jp","shinjuku03","False"
"ksato1","Shinjuku03@Finance","False"
"camila.silva@uol.com.br","pipoca2020","True"
"csilva8","Pipoca2020##FXDesk","False"
"liam.gallagher84@gmail.com","oasisforever","True"
"lgalla","Oasisforever!!1984","False"
"ananya.sen@rediffmail.com","roshogolla","True"
"asenn4","Roshogolla@2024Bank","False"
"morozov.d@inbox.ru","siberia99","True"
"dmoroz","Siberia99#Cleared!!","False"
"tariq.mansour@gmail.com","falconspeed","True"
"tmanso","Falconspeed#2024IT","False"
"carlos.gomez77@terra.es","perroblanco","True"
"cgomez9","Perroblanco!123Madrid","False"
"hana.hashimi@gmail.com","safari2018","True"
"hhashi","Safari2018$Private$","False"
"piotr.zielinski@wp.pl","warszawa01","True"
"pzieli","Warszawa01!Secure$","False"
"grace.kim93@daum.net","pianolover","True"
"gkim93","Pianolover!2024Quant","False"
"mustafa.demir@mynet.com","galatasaray","True"
"mdemir","Galatasaray#1905#Work","False"
"fiona.campbell@scotnet.co.uk","highland05","True"
"fcampb","Highland05$$Liquidity","False"
"elena.rostova88@gmail.com","barsikcat2015","False"
"erosto","Barsikcat2015!#Med","False"
"marcus.adebayo@yahoo.com","arsenalfc04","True"
"madeba","ArsenalFC04@Clinic","False"
"sunita.rao.rx@outlook.com","tulsiplant","True"
"srao01","Tulsiplant$2024Rx","False"
"meiling.zhou@cloudmail.com","bobaaddict88","False"
"mzhou2","Bobaaddict88!!Health","False"
"carlos.mendoza.or@gmail.com","guadalajara92","True"
"cmendo","Guadalajara92*Surge","False"
"amina.pediatrics@hotmail.com","safiyamygirl","False"
"aalman","Safiyamygirl!2023#","False"
"jonas.lindqvist@telia.com","volvo240turbo","True"
"jlindq","Volvo240turbo$$Med","False"
"fatima.diallo@protonmail.com","mangojuice77","True"
"fdiall","Mangojuice77%Hosp","False"
"dmitry.volkov.lab@mail.ru","baikalwave","False"
"dvolko","Baikalwave@2024Lab","False"
"chloe.tremblay.pt@gmail.com","quebecoisie","False"
"ctremb","Quebecoisie&Rehab9","False"
"ananya.patel.path@gmail.com","chaiandrain","False"
"apatel7","Chaiandrain*2024$","False"
"mateo.rossi.ems@gmail.com","forzajuve1897","True"
"mrossi","ForzaJuve1897!EMS","False"
"david.kim.ortho@gmail.com","soulkitchen84","False"
"dkim44","Soulkitchen84?Bones","False"
"zainab.hassan@yandex.com","bluehydrangea","True"
"zhassa","Bluehydrangea+2024","False"
"lukas.meyer.epi@gmx.de","blackforest99","True"
"lmeyer1","Blackforest99@Health","False"
"priscilla.santos.rn@gmail.com","sambadancer12","False"
"psanto","Sambadancer12#Care","False"
"arthur.pendelton@me.com","flyfishing73","True"
"apende","Flyfishing73!Admin","False"
"nadia.kovac.res@gmail.com","dunavriver90","False"
"nkovac","Dunavriver90*Trial","False"
"tunde.adeleke@gmail.com","lagosvibes10","False"
"badele","Lagosvibes10#Secure","False"
"yuki.sato.him@gmail.com","origamicrane3","True"
"ysato2","Origamicrane3@HIM24","False"
"ephraim.cohen@gmail.com","shabbatshalom","True"
"ecohen","Shabbatshalom!770","False"
"liam.gallagher92@gmail.com","oasislover96","True"
"lgallagh","Oasislover96!Retail","False"
"amina.mansoor.ae@outlook.com","karakchai12","False"
"aalmanso","Karakchai12#2024","False"
"meiling.zhou@163.com","boba4ever","True"
"mzhou01","Boba4ever$$Visual","False"
"kofimensah_gh@gmail.com","chelseafc08","True"
"kmensah","ChelseaFC08!Store","False"
"priya_sharma88@rediffmail.com","motichoor7","False"
"psharma2","Motichoor7#Security","False"
"lucassilva.rio@uol.com.br","maracana10","True"
"lsilva03","@Maracana10Retail@","False"
"ananyapatel.work@gmail.com","badmintonlove","True"
"apatel11","Badmintonlove123$","False"
"dubois_chloe@orange.fr","croissant05","True"
"cdubois","Croissant05!!Work","False"
"kenji_sato77@yahoo.co.jp","gundamwing95","True"
"ksato04","Gundamwing95#Floor","False"
"j_kowalski85@wp.pl","pierogi2012","False"
"jkowalsk","Pierogi2012%Dock","False"
"hanna_lindqvist@outlook.com","fikadelight","False"
"hlindqvi","Fikadelight&Store1","False"
"diego_ramirez94@gmail.com","tacosalpastor","True"
"dramirez","Tacosalpastor1!Warehouse","False"
"nia_robinson89@comcast.net","beyoncefan1","True"
"nrobinso","Beyoncefan1$$Desk","False"
"daehyun.kim@naver.com","starcraft07","True"
"dhkim02","Starcraft07!Audit#","False"
"zoe.vandermeer@ziggo.nl","stroopwafel9","False"
"zvanderm","Stroopwafel9*Lead24","False"
"sunita_rao@yahoo.com","masaladosa","True"
"srao05","Masaladosa@2024Retail","False"
"gabriel.santos.rio@gmail.com","carnaval03","True"
"gsantos4","Carnaval03#Service","False"
"ingrid.hansen88@telenor.no","fjordtrekker","False"
"ihansen2","Fjordtrekker!Dock99","False"
"seun_adeleke@gmail.com","jollofrice10","False"
"oadeleke","Jollofrice10$Floor!","False"
"emese.nagy@freemail.hu","balatonvibes","False"
"enagy01","Balatonvibes@Shift!","False"
"lukas.weber.de@outlook.com","berlinrunner","True"
"lweber2","Berlinrunner@Treasury9","False"
"priya.patel.stat@gmail.com","chai_latte89","False"
"ppatel8","Chai_latte89$RiskModel","False"
"oconnor.liam@eircom.net","guinnesspub07","False"
"loconnor1","GuinnessPub07#Loans!","False"
"tanaka.yuki.tyo@gmail.com","shibainu2015","True"
"ytanaka","ShibaInu2015!AmlDesk","False"
"fatima.zahra.cas@hotmail.com","marrakechsun","False"
"fzahra3","MarrakechSun#2024Audit","False"
"dima.ivanov.quant@gmail.com","spartak1998","True"
"divanov5","Spartak1998$AlphaTrade","False"
"chloe.martin.paris@wanadoo.fr","croissant06","True"
"cmartin7","Croissant06@WealthMgmt","False"
"carlos_mendoza77@yahoo.com.mx","elchapo2000","True"
"cmendoza2","ElChapo2000#BranchOperations","False"
"ananya.fx@gmail.com","jaipurpalace","True"
"asharma9","JaipurPalace@FXDesk2024","False"
"lars.lindholm@telia.com","fika_kanelbulle","False"
"llindholm","Fika_Kanelbulle!Settlements1","False"
"sndlovu.joburg@gmail.com","amapiano2020","True"
"sndlovu3","Amapiano2020#Onboarding*","False"
"chen.meiling85@gmail.com","boba_milk99","False"
"mchen6","Boba_Milk99$CoreTech!","False"
"gsantos_rio@uol.com.br","copacabana10","True"
"gsantos1","Copacabana10&Equities","False"
"hanna.korhonen@suomi24.fi","saunaparty12","False"
"hkorhonen","SaunaParty12$FraudGuard","False"
"tariq_cairo@yahoo.com","zamaleksc02","False"
"tmansour4","ZamalekSC02#Mortgages99","False"
"elena.rossi.milano@gmail.com","vespaitalia03","False"
"erossi8","VespaItalia03@MergersAcq","False"
"kwamemensah_accra@yahoo.com","jollof_pot84","False"
"kmensah2","Jollof_Pot84#ATMops2024","False"
"bao.nguyen.quant@gmail.com","pho_bo2012","False"
"bnguyen5","Pho_Bo2012#QuantRisk99","False"
"ingrid.vdberg@planet.nl","tulpenveld05","False"
"ivandenberg","Tulpenveld05@RegReports!","False"
"kenji_sato_tokyo@nifty.com","ramen_shoyu8","False"
"ksato3","Ramen_Shoyu8#LendingDesk1","False"
"nadia.boulanger@laposte.net","macaronrose01","False"
"nboulanger","MacaronRose01$GlobalTax","False"
"mateo.silva92@gmail.com","flamengo1981","True"
"msilva3","Flamengo1981#School","False"
"sunita.rao.blr@yahoo.com","gollum2015","True"
"srao_admin","Gollum2015!Admin","False"
"kenjisato_kyoto@mail.jp","katana04","True"
"ksato_phy","Katana04!Physics24","False"
"elena.books@yandex.ru","dostoevsky","True"
"epopova","Dostoevsky@Library1!","False"
"chloe.lefebvre@orange.fr","chocolat88","True"
"clefebvre","Chocolat88$$Edu","False"
"amina_yusuf99@yahoo.com","barcelona10","True"
"ayusuf_adm","Barcelona10!Admissions","False"
"marcus.vance.tech@gmail.com","redhotchili","True"
"mvance_it","Redhotchili!2024IT","False"
"sofia_hernandez_tx@gmail.com","perrito22","True"
"shernandez","Perrito22#Classroom","False"
"ananyasen_cal@gmail.com","rasgulla5","False"
"asen_edu","Rasgulla5@MathDept","False"
"hassan_elsayed65@hotmail.com","cairoalex9","False"
"helsayed","Cairoalex9#Faculty!","False"
"gretalindqvist@tele2.se","fika2018","True"
"glindqvist","Fika2018!Curriculum","False"
"coach_carlos@gmail.com","marathon99","True"
"cmendoza_ad","Marathon99#Athletics","False"
"bao.nguyen.art@gmail.com","saigonart","False"
"bnguyen_art","Saigonart#Studio1","False"
"meiling.chen.tpe@gmail.com","bubbletea8","True"
"mlchen","Bubbletea8$Teaching","False"
"tariq_m_lhr@yahoo.com","lahorecricket","False"
"tmahmood","Lahorecricket@2024!","False"
"chinedu_eze@outlook.com","enugu2020","True"
"ceze_finaid","Enugu2020$Finance!","False"
"rosamoretti.piano@libero.it","allegro12","True"
"rmoretti","Allegro12!MusicSchool","False"
"zane.hamdan@gmail.com","falcon44","True"
"zalhamdan","Falcon44#Transport1","False"
"hannah.jacobs78@gmail.com","sunflower14","True"
"hjacobs_dos","Sunflower14!CampusLife","False"
"lucas.silva.rio@outlook.com","flamengo1981","True"
"lsilva","Flamengo1981@Work","False"
"priya.sharma95@rediffmail.com","ladoo2018","False"
"psharma","Ladoo2018!Retail","False"
"sato.kenji99@yahoo.co.jp","katana99","True"
"ksato","Katana99#Security","False"
"mateo.fernandez@gmail.com","bocajuniors12","True"
"mfernandez","Bocajuniors12#Dock","False"
"lars.lindqvist@telia.com","fika1985","True"
"llindqvist","Fika1985!Stockholm","False"
"eunji.kim88@naver.com","bibimbap10","True"
"ekim","Bibimbap10!Floor","False"
"dimitrios.p@in.gr","olympos77","True"
"dpapadopoulos","Olympos77#Bakery","False"
"jakub.kowalski@wp.pl","wawel2016","True"
"jkowalski","Wawel2016#Night","False"
"aylin.yilmaz@yandex.com","bosphorus91","False"
"ayilmaz","Bosphorus91$Mall","False"
"zoe.taylor@xtra.co.nz","kiwibird17","True"
"ztaylor","Kiwibird17#Retail","False"
"sven.vanderbeek@ziggo.nl","tulpen2011","True"
"svanderbeek","Tulpen2011$Depot","False"
"mrossi_calcio@yahoo.com","forzamilan7","True"
"mrossi4","Forzamilan7#Edu","False"
"sunita.sharma.delhi@outlook.com","marigold2012","True"
"ssharma","Marigold2012$$$","False"
"liam_oasis_fan@gmail.com","strangerock4","False"
"lgallagher","Strangerock4!Access","False"
"kenji.takahashi83@gmail.com","sakuradog88","False"
"ktakahashi","Sakuradog88#Chem","False"
"jonas.lindqvist.sthlm@outlook.com","fikaweekend","False"
"jlindqvist","Fikaweekend#2024Edu","False"
"miller_hoops@aol.com","tarheels93","True"
"dmiller","Tarheels93!Champs#","False"
"ingrid.bergstrom.art@gmail.com","monetwaterlilies","False"
"ibergstrom","Monetwaterlilies!Fall24","False"
"beatriz.silva.rio@gmail.com","carnavalrio","True"
"bsilva","Carnavalrio!Records24","False"
"callum_highland@scotmail.com","nessiehunt","False"
"cmacleod","Nessiehunt#School2024","False"
"maria.santos.guide@gmail.com","beaglelucy","True"
"msantos","Beaglelucy#Guidance1","False"
"hassan_space_fan@hotmail.com","marsrover2020","True"
"hdarwish","Marsrover2020!LabSecure","False"
"anja_mueller_berlin@web.de","goldie2018","True"
"amueller","Goldie2018$Classroom","False"
"thorne_g_safe@gmail.com","campingtrip","True"
"gthorne","Campingtrip#Security2024","False"
"priya.patel.learn@outlook.com","spicychai9","False"
"ppatel","Spicychai9@Curriculum!","False"
"zoran_petrovic_novi@gmail.com","dunavriver","False"
"zpetrovic","Dunavriver!Maintenance24","False"
"ananya_cricket@yahoo.in","dhonifan7","False"
"asharma4","Dhonifan7#Bank2024","False"
"lars.fika@outlook.com","kanelbulle","True"
"llindq","Kanelbulle$2023","False"
"mling.chen@gmail.com","boba4life","True"
"mchen88","Boba4life!Underwriting","False"
"talmansoor@hotmail.com","falconry","True"
"talman","Falconry@99Dubai","False"
"sofiahdz94@gmail.com","chocolatito","True"
"shernan5","Chocolatito&Loans2024","False"
"hassan_diving@yahoo.com","redsea20","True"
"helsay","Redsea20*AuditCorp","False"
"chloe.dubois@laposte.net","macaron88","True"
"cdubois1","Macaron88@WealthManagement","False"
"kenji_taka@nifty.com","ramenlover","True"
"ktakah","Ramenlover%TokyoFX24","False"
"ingrid.vdb@planet.nl","tulips33","True"
"ivanderb","Tulips33!SecurityRisk","False"
"carlosg_salsa@gmail.com","bachata01","True"
"cgomez12","Bachata01$VaultAccess","False"
"oliversmith_rugby@sky.com","twickenham","True"
"osmith09","Twickenham@Clearing123","False"
"amina_bello@fastmail.com","zaria2015","True"
"abello","Zaria2015!ClientCare","False"
"liam_murphy99@eircom.net","guinness","True"
"lmurphy7","Guinness#Settlements88","False"
"narae.park@daum.net","bibimbap","True"
"npark4","Bibimbap^Governance10","False"
"lucas.silva90@uol.com.br","flamengo","True"
"lsilva19","Flamengo@Operations2024","False"
"zuzakowalska@wp.pl","krakow12","True"
"zkowals","Krakow12$RiskSecure","False"
"dima_chess@yandex.com","siciliandef","False"
"divanov","Siciliandef!SysAdmin9","False"
"maya_hiking@gmail.com","yosemite","True"
"mlin03","Yosemite*Portfolio55","False"
"f_hansen87@jubii.dk","smorrebrod","True"
"fhansen","Smorrebrod&Collateral1","False"
"priya.patel.art@gmail.com","rangoli9","True"
"ppatel6","Rangoli9#FraudPrevention","False"
"gabe.oconnor@yahoo.co.uk","galwaybay","True"
"goconnor","Galwaybay!Corporate24","False"
"sora.takahashi@outlook.com","matchalover","True"
"stakahashi","Matchalover!12345","False"
"mariasantos1976@gmail.com","fluffyterrier","False"
"msantoscruz","Fluffyterrier@2023!","False"
"fatima.zahra85@gmail.com","yasminflower","True"
"falzahra","Yasminflower!2024","False"
"chunhei.park@naver.com","bibimbap12","True"
"chpark","Bibimbap12!Welcome","False"
"amina_diop91@hotmail.com","safipetdog","False"
"adiop","Safipetdog@School1","False"
"ingrid.lindqvist@swipnet.se","astridlind","True"
"ilindqvist","Astridlind#Library1!","False"
"nadia.boukhedir@laposte.net","petitlapin","True"
"nboukhedir","Petitlapin!Prof2023","False"
"zainab.khan79@yahoo.com","chaiandparatha","False"
"zkhan","Chaiandparatha#2024!","False"
"ananya.sen.kol@gmail.com","rabindranath","True"
"asen","Rabindranath@Work100!","False"
"goran.petrovic.bg@gmail.com","teslamodel","True"
"gpetrovic","Teslamodel#Physics101!","False"
"haeun.kim.music@daum.net","pianokey88","True"
"hkim","Pianokey88!Melody2024","False"
"tmansoor_finaid@gmail.com","falconsoar","True"
"tmansoor","Falconsoar$Admin2024","False"
"avega_sec@gmail.com","boxerrocky","True"
"avega","Boxerrocky@CampusGuard1","False"
"duncan.macleod.highlands@gmail.com","highlandpiper","True"
"dmacleod","Highlandpiper#Maint24!","False"
"lila.ebrahim@gmail.com","seattlesunny","False"
"lebrahim","Seattlesunny!StudentLife1","False"
"priya.sharma90@rediffmail.com","laddu2018","True"
"psharma4","Laddu2018#Secure1","False"
"tariq_almansoor@outlook.com","falcondxb","False"
"talmans","FalconDXB!2024$","False"
"kwesi.boateng@gmail.com","arsenalwin","True"
"kboaten","ArsenalWin#2024!","False"
"sarah.jenkins.us@aol.com","goldenretriever","True"
"sjenkin3","GoldenRetriever!99","False"
"fatimah_omar@yahoo.com","kucingcomel","True"
"fomar","KucingComel#1234","False"
"lucas.silva.rio@uol.com.br","flamengo81","True"
"lsilva8","Flamengo81!Corp2","False"
"niamh_oconnor_eire@eircom.net","cloverrover","True"
"noconno","CloverRover@2024#","False"
"kovacs.zsombor@freemail.hu","balaton1991","True"
"zkovacs","Balaton1991%Work","False"
"ananya.patel@gmail.com","chaipecharcha","True"
"apatel12","ChaiPeCharcha$24!","False"
"liammacleod@btinternet.com","nessiehunt","False"
"lmacleo","NessieHunt2024!&","False"
"thabo.mokoena@webmail.co.za","bafana96","True"
"tmokoen","Bafana96!!Access","False"
"danica.varga@net.hr","jadransea","False"
"dvarga","JadranSea#2023!*","False"
"yoonseo.park@naver.com","sojuparty88","False"
"ypark3","SojuParty88@Finance","False"
"amorales_valencia@terra.es","sevilla05","True"
"amorale","Sevilla05*Pass24","False"
"fz_amrani@menara.ma","casablancanight","True"
"felamra","CasablancaNight!1","False"
"arttu.korhonen@luukku.com","saunasauna","True"
"akorhon","SaunaSauna#2024X","False"
"mayalin_vancouver@shaw.ca","dimsumking","False"
"mlin02","DimSumKing@99Bank","False"
"sid.rao88@gmail.com","masaladosa2019","True"
"srao","Masaladosa2019!#Work","False"
"anja.lindqvist@spray.se","fikatime","True"
"alindqvist","Fikatime@2024Secure","False"
"thiago.silva.dev@globo.com","capoeira99","True"
"tsantos","Capoeira99!Access2024","False"
"meiling.chen@qq.com","milktea50","True"
"mchen","Milktea50#Office2023","False"
"nia.campbell@icloud.com","goldenretriever","True"
"ncampbell","Goldenretriever$2024","False"
"dmitry.m@inbox.ru","spartakwinner","False"
"dmorozov","Spartakwinner@Work1","False"
"camila.morales@gmail.com","solyluna22","True"
"cmorales","Solyluna22!Corporate","False"
"jonas.vandenberg@ziggo.nl","fietsenamsterdam","False"
"jvandenberg","Fietsenamsterdam$99!","False"
"priya.natarajan@yahoo.co.in","carnaticmusic","True"
"pnatarajan","Carnaticmusic#2024Admin","False"
"gmiller.uk@btinternet.com","chelseafc1905","True"
"gmiller","Chelseafc1905!WorkAccess","False"
"chioma.okafor@gmail.com","jollofrice1","True"
"cokafor","Jollofrice1@Office365","False"
"gabriel.dubois@orange.fr","vttmontagne","True"
"gdubois","Vttmontagne!System2024","False"
"hana.balushi@omantel.net.om","salalahbeach","False"
"halbalushi","Salalahbeach#Summer24","False"
"meiling.chen@outlook.com","boba_matcha","False"
"mchen01","Boba_matcha#99!","False"
"mvance.runner@yahoo.com","marathon42k","True"
"mvance","Marathon42k!!2023","False"
"mateo.fdez89@hotmail.com","guitarra12","True"
"mfernand","Guitarra12$$Bank","False"
"fatou.diop@orange.sn","dakar2018","True"
"fdiop9","Dakar2018###Secure","False"
"hanna.l@telia.com","fikapaus","True"
"hlindqv","Fikapaus2024!#Bank","False"
"arash.karimi@gmail.com","persiancat7","True"
"akarimi","Persiancat7&&2024","False"
"chloe.becker94@web.de","berlinnight","True"
"cbecker","Berlinnight!2024Secure","False"
"deepanair.personal@gmail.com","monsoonrain","True"
"dnair4","Monsoonrain#2024!$","False"
"gaby.morales@icloud.com","biciroja08","False"
"gmorales","Biciroja08!!Safe#","False"
"nadia.boutros@gmail.com","beirutsky","True"
"nboutros","Beirutsky@2024#Trade","False"
"smacleod85@gmail.com","highlandfog","True"
"smacleod","Highlandfog2024!#$","False"
"zhihao.wu@163.com","cyberpunk77","True"
"zwu08","Cyberpunk77!!Trading","False"
"dawid.kowalski@poczta.fm","motocykl99","True"
"dkowalsk","Motocykl99@@Secure","False"
"ayesha.sid88@gmail.com","chai_karak","False"
"asiddiqu","Chai_karak!2024#$","False"
"johannes.vdm@mweb.co.za","springbok88","True"
"jvdmerwe","Springbok88$$Access","False"
"isabella.rossi@virgilio.it","tiramisu10","True"
"irossi1","Tiramisu10*2024Banking","False"
"sofia.designs@hotmail.com","lavieenrose","True"
"shernand","LaVieEnRose2023$","False"
"chloe_parisienne@free.fr","macaronbleu","True"
"clefebvr","Macaronbleu!2024","False"
"noah.vandijk@kpnmail.nl","amsterdam77","True"
"nvandijk","Amsterdam77#Retail","False"
"chen.hao.retail@163.com","dragondance","True"
"hchen04","DragonDance2024!","False"
"mariasantos.ph@gmail.com","boracaytrip","True"
"msantos05","Boracaytrip#2024.","False"
"tariq_m87@outlook.com","falafelking","True"
"tmansour","Falafelking1234!","False"
"carlosgomez_mx@yahoo.com","taquitosalpastor","True"
"cgomez99","Taquitosalpastor!1","False"
"kenji_sato@gmail.com","akihabara88","True"
"ksato002","Akihabara88#Shift1","False"
"zuzanna.kowalska@onet.pl","krakowpierogi","False"
"zkowalsk","Krakowpierogi$2024","False"
"doconnor.dublin@gmail.com","shamrock03","True"
"doconnor","Shamrock03*Office","False"
"aylin.yilmaz@turk.net","bosphorussea","False"
"ayilmaz3","Bosphorussea%2024","False"
"sid_verma95@gmail.com","cricketfanatic","True"
"sverma08","Cricketfanatic!#24","False"
"schneider_lukas@web.de","berlinrocker","True"
"lschneid","Berlinrocker2024!Stock","False"
"liam_dublin95@gmail.com","guinnessboy","True"
"loconnor2","Guinnessboy!2024Shift","False"
"chiyo_t@mail.jp","matchalatte7","True"
"ctanaka","Matchalatte7$Terminal","False"
"carlitos_mendoza@hotmail.com","tacotuesday","True"
"cmendoza8","Tacotuesday#2024Support","False"
"fatima.ndiaye@orange.sn","dakarqueen04","False"
"fndiaye","Dakarqueen04!SecureOps","False"
"elena_popescu92@gmail.com","pisicuta12","True"
"epopescu","Pisicuta12@RetailStore","False"
"kofi_gh98@yahoo.com","blackstars99","True"
"kmensah1","Blackstars99#Warehouse","False"
"sven.lindholm@gmail.com","fikafriday","False"
"slindholm","Fikafriday!123Manager","False"
"meiling.chen.tw@gmail.com","bobaaddict01","False"
"mchen5","Bobaaddict01#Buying2024","False"
"diego_h93@live.com","aztecahero","False"
"dhernandez","Aztecahero!DockShift1","False"
"ananya.patel@rediffmail.com","diwalidancer","False"
"apatel3","Diwalidancer$2024Pricing","False"
"arthur_dubois@orange.fr","petitprince","True"
"adubois2","Petitprince!Floral2024","False"
"thabo.mokoena@gmail.com","orlandopirates","True"
"tmokoena","Orlandopirates#Guard2024","False"
"bia_silva94@bol.com.br","sambanight","False"
"bsilva9","Sambanight$Fashion2024","False"
"kowalski_m90@onet.pl","warszawa1944","True"
"mkowalski","Warszawa1944#Warehouse","False"
"nour_elsayed@gmail.com","omali1234","True"
"nelsayed","Omali1234!BakeryStaff","False"
"jack_taylor_uk@btinternet.com","arsenalgunner","True"
"jtaylor4","Arsenalgunner#Store2024","False"
"mvance_rebel@gmail.com","gettysburg1863","True"
"mvance44","Gettysburg1863!EDU","False"
"ananya.sen91@yahoo.com","mithaimagic","True"
"asen01","MithaiMagic#2024","False"
"siobhan.reads@outlook.com","brontefan","True"
"soconnor","Brontefan&Books1","False"
"mateo.silva98@gmail.com","guitarsolo","True"
"msilva2","GuitarSolo!12345","False"
"fatima.alhassan@fastmail.com","jasmineblossom","True"
"falhassan","JasmineBlossom@24","False"
"lukas.meyer.de@web.de","quantumspin","True"
"lmeyer8","QuantumSpin!2024","False"
"amina.diop@orange.sn","dakarvibes","False"
"adiop5","DakarVibes#Spring1","False"
"chenwei_advising@163.com","pandabear08","True"
"wchen19","PandaBear08!Advise","False"
"biabsantos@uol.com.br","carnavalrio","True"
"bsantos7","CarnavalRio$2024!","False"
"olga.preschool@yandex.com","matryoshka7","False"
"oivanova","Matryoshka7!School","False"
"liam_coach_macleod@gmail.com","celticsfc1888","False"
"lmacleod","Celticsfc1888!Coach","False"
"priyapatel.learn@yahoo.com","chaiandbooks","False"
"ppatel88","ChaiandBooks#Curric1","False"
"dmitry_sokolov79@rambler.ru","beakerspoon","False"
"dsokolov","BeakerSpoon*98765","False"
"noor.zahra@gmail.com","falafelwrap","False"
"nzahra","FalafelWrap@Campus1","False"
"kari.lindqvist.art@kolumbus.fi","woodworker","True"
"klindqvist","WoodWorker!Class24","False"
"morales.alejo@terra.com.mx","aztecasun","False"
"amorales0","AztecaSun#Dean2024","False"
"sunyoung_art@naver.com","canvasacrylic","False"
"spark12","CanvasAcrylic$Studio","False"
"gareth.hughes.wales@gmail.com","reddragon77","True"
"ghughes","RedDragon77@Transit","False"
"ingrid.visser84@hetnet.nl","tulipfields","True"
"ivisser","TulipFields#Office1","False"
"ananya.s.delhi@gmail.com","chaipecharcha","True"
"asharm","Chaipecharcha@2023","False"
"zofia.kowalska92@poczta.onet.pl","krakowskie92","False"
"zkowal","Krakowskie92!Support","False"
"lucas.vdb@planet.nl","tulpenveld8","False"
"lvande","Tulpenveld8!Spring24","False"
"sunita_patel_ahmedabad@gmail.com","garbadance21","False"
"spatel","Garbadance21$RetailPlanner","False"
"isabella.rossi_firenze@libero.it","vesparossa05","True"
"irossi","VespaRossa05&Styling","False"
"marcus_j_chicago@gmail.com","bullsfan23","True"
"mjohns","Bullsfan23@Fulfill101","False"
"nia.williams.atl@gmail.com","peachtreepet","False"
"nwilli","Peachtreepet!Store742","False"
"yuki.sato.ginza@icloud.com","shibainu01","True"
"ysato1","Shibainu01$$Boutique","False"
"sipho_dlamini_sa@gmail.com","amapiano2020","True"
"sdlami","Amapiano2020!DockManager","False"
"freja_lindstrom_sthlm@outlook.com","fikaforlife","False"
"flinds","Fikaforlife#Design2024","False"
"kenji_oc_kobe@gmail.com","matchatea77","False"
"koconn","Matchatea77!PricingOffice","False"
"amira_benali_tunis@yahoo.fr","jasminflower","True"
"abenal","Jasminflower@HRDept24","False"
"patmurphy_galway@gmail.com","connachtrugby","True"
"pmurph","Connachtrugby#Depot09","False"
"bao_nguyen_hcmc@gmail.com","cafesuada84","False"
"bnguye","Cafesuada84$PickerFast","False"
"eleni.katsaros88@gmail.com","santorini99","True"
"ekatsaros","Santorini99!Bank","False"
"priya.sundaram@outlook.com","chaisip84","False"
"psundaram","Chaisip84$$Secure","False"
"mmorales_futbol@hotmail.com","bocajuniors","True"
"mmorales","BocaJuniors@1234","False"
"jiyeon.park.quant@gmail.com","boracay7","True"
"jypark","Boracay7*Finance1","False"
"chloedupont_paris@yahoo.fr","croissant77","True"
"cdupont","Croissant77!Corp!","False"
"tariq.adeleke@gmail.com","lagosboy","True"
"tadeleke","Lagosboy#Banking1","False"
"oliver.schmidt@posteo.de","currywurst","True"
"oschmidt","Currywurst!FX2024","False"
"devin.gallagher@comcast.net","guinness4life","True"
"dgallagher","Guinness4life@2024","False"
"ananya.roy@rediffmail.com","darjeeling","True"
"aroy","Darjeeling$Secure1","False"
"leila.haddad@cyberia.net.lb","cedartree","True"
"lhaddad","Cedartree@Finance99","False"
"tomasz.kowalski@wp.pl","pierogi2012","False"
"tkowalski","Pierogi2012!Fraud#","False"
"nia_robinson89@verizon.net","sunshinegirl","True"
"nrobinson","Sunshinegirl*2024$","False"
"sergei.popescu@proton.me","daciatruck","False"
"spopescu","Daciatruck!Pass123","False"
"nadine_becker@web.de","alpineride","False"
"nbecker","Alpineride?Bank2024","False"
"rohan.mehta.delhi@gmail.com","cricketfan7","True"
"rmehta","Cricketfan7$Capital","False"
"spark_ceramics@daum.net","potteryblue","False"
"shpark","Potteryblue@chem1","False"
"chloe_baker89@gmail.com","sourdough89","True"
"cmartin","Sourdough89#School","False"
"lindstrom_knits@telia.com","woolsox","True"
"ilindstrom","Woolsox2024$Lib","False"
"niamh_bakes@eircom.net","bakingqueen","True"
"ngallagher","Bakingqueen*101","False"
"zainab_callig@gmail.com","inkandreed","False"
"zqureshi","Inkandreed@Canvas","False"
"jonas_aquarium@gmx.de","cichlidtank","True"
"jmeyer","Cichlidtank!999","False"
"lucas_cyclo@orange.fr","alpedhuez","True"
"llefebvre","Alpedhuez@2024!","False"
"chenwei_badminton@qq.com","smashdrop","False"
"wchen","Smashdrop&Data01","False"
"hannah_potter@gmail.com","hogwartsfan","True"
"hgoldberg","Hogwartsfan!Campus","False"
"arjun_gaming@gmail.com","zergrush01","True"
"arao","Zergrush01#LanEdu","False"
"sipho_rugby15@webmail.co.za","bokkiefan","False"
"sndlovu","Bokkiefan#Varsity1","False"
"aoife.murphy.qs@gmail.com","cloverpup07","False"
"amurphy","Cloverpup07!2024","False"
"tariq.crane@gmail.com","dubairover99","False"
"talmansoor","Dubairover99$Safety","False"
"amira.haddad.eng@gmail.com","cedarqueen8","False"
"ahaddad","Cedarqueen8&Sparky2024","False"
"jp.dupont.topo@orange.fr","alpineroad85","False"
"jdupont","Alpineroad85%TopoSite","False"
"ngozi.eze.qs@gmail.com","chiamaka2015","True"
"neze","Chiamaka2015$Commercial","False"
"ananya.qc@gmail.com","bangkoknight8","False"
"asomchai","Bangkoknight8*Quality#","False"
"amina.mansoor@gmail.com","falconoasis","True"
"aalmans","FalconOasis!2024#","False"
"cmendoza_const@gmail.com","chivascampeon","True"
"cmendoz","Chivascampeon*2024!","False"
"jacko.thompson@hotmail.com","sparkyjack","True"
"jthompso","Sparkyjack!Voltage22","False"
"tomek.kowalski@wp.pl","zubrbeer","False"
"tkowalsk","Zubrbeer!SteelWork9","False"
"jorge_santos_sp@bol.com.br","flamengo10","True"
"jsantos","Flamengo10$RoofSecure","False"
"lindqvist.magnus@telia.com","algstigen","True"
"mlindqvi","Algstigen#WoodCraft1","False"
"chen.hao.beijing@163.com","pandaexpress","True"
"hchen","Pandaexpress$SoilLab1","False"
"zoe.macgregor@gmail.com","lochside","True"
"zmacgreg","Lochside!GreenSite7","False"
"greta.holm@gmail.com","fikafriday","False"
"gholm","Fikafriday!Estimates23","False"
"alexc.guitar92@gmail.com","fenderstrat92","True"
"achen44","Fenderstrat92!2024","False"
"mateo.rod.bcn@outlook.com","barcelona1899","True"
"mrodriguez","!Barcelona1899!Secure","False"
"luke.becker90@web.de","kaffeejunkie","True"
"lbecker","Kaffeejunkie#2024!","False"
"kenji.sato.gaming@gmail.com","pikachurocks","True"
"ksato8","Pikachurocks!2024#","False"
"david_nwachukwu@yahoo.com","superfalcons7","False"
"dnwachukwu","Superfalcons7$$2024","False"
"hanna.kowalska.waw@onet.pl","warszawa2020","True"
"hkowalska","Warszawa2020!Login#","False"
"arjun_nair_kerala@yahoo.com","kathakali08","False"
"anair","Kathakali08*Prod2024","False"
"tomevans.cardiff@gmail.com","snowdonia15","True"
"tevans","Snowdonia15!Helpdesk","False"
"aiko_tanaka_rad@outlook.com","matchalover","True"
"atanaka","Matchalover#2024!","False"
"chiamaka.nwosu@gmail.com","sweetamara","True"
"cnwosu","Sweetamara@2024*","False"
"priyabala94@gmail.com","chennaicricket","False"
"pbalasub","ChennaiCricket#100","False"
"jp.dubois.med@laposte.net","croissant82","True"
"jdubois","Croissant82!Med#","False"
"zainab.bello.nutr@gmail.com","plantainchips","True"
"zbello","PlantainChips@Diet1","False"
"soraya_haddad@hotmail.com","beirutsunset","False"
"shaddad","BeirutSunset!Care2024","False"
"nadia.yilmaz@yandex.com","bodrumsummer","False"
"nyilmaz","BodrumSummer!Renal99","False"
"eunji.park93@daum.net","cherryblossom7","True"
"epark","CherryBlossom7#Hospice","False"
"marcus.vogel.berlin@gmx.de","kantrules","False"
"mvogel","Kantrules1724!Uni","False"
"ananya.sharma.bio@gmail.com","monarch99","True"
"asharma","Monarch99$Research","False"
"hassan_alfarsi@hotmail.com","muscatdune","False"
"halfarsi","MuscatDune@Aid2024","False"
"brossi_arts@libero.it","vangoghsun","True"
"brossi","VanGoghSun!Studio","False"
"minjun.kim.seoul@naver.com","starcraft00","True"
"mjkim","Starcraft00@Data!","False"
"hannah.clark.books@gmail.com","bookworm82","True"
"hclark","Bookworm82!Reads","False"
"zanele.dlamini.jhb@gmail.com","proteaflower","True"
"zdlamini","ProteaFlower$Dean1","False"
"mlingchen@gmail.com","bubbletea88","True"
"mchen8","Bubbletea88$$Retail","False"
"lucas.dubois75@orange.fr","marseille13","True"
"ldubois","Marseille13#Stock!","False"
"priyasharma.retail@gmail.com","ladoo2018","False"
"psharma1","Ladoo2018!Register","False"
"johan.lindqvist@telia.com","volvo240gl","True"
"jlindqvi","Volvo240gl#Outlet99","False"
"nia.campbell@live.co.uk","bluevelvet03","False"
"ncampbel","Bluevelvet03*Fashion","False"
"minhopark85@naver.com","starcraft00","True"
"mhpark","Starcraft00#DockDoors","False"
"hannah.schmidt92@web.de","apfelstrudel","True"
"hschmidt","Apfelstrudel@Till3","False"
"chiara.rossi@libero.it","tiramisu99","True"
"crossi","Tiramisu99!BeautyLab","False"
"brenden.vandijk@kpnmail.nl","amsterdam020","True"
"bvandijk","Amsterdam020!Warehouse","False"
"thanhnguyen.saigon@gmail.com","motobike123","True"
"tnguyen9","Motobike123#CustomerDesk","False"
"g_beaulieu@videotron.ca","croissant08","True"
"gbeaulie","Croissant08!BakeryFloor","False"
"felipe.ortiz96@hotmail.com","elcolo4ever","False"
"fortiz","Elcolo4ever$GraveyardShift","False"
"m.thorne.gaming@gmail.com","darkblade7","True"
"mthorn","Darkblade7#2024","False"
"kenji_sato_jp@outlook.jp","ramenlover","True"
"ksato01","Ramenlover#101POS","False"
"camila_fdz91@hotmail.com","solcito22","True"
"cferna","Solcito22@HelpDesk","False"
"thabom_safari@webmail.co.za","springbok","True"
"tmolef","Springbok!Secure99","False"
"ananya.sen21@gmail.com","sweetsmith","True"
"asennn","Sweetsmith#Cashier1","False"
"chloedubois_paris@orange.fr","papillon8","True"
"cduboi","Papillon8@Work2024","False"
"lbecker_bremen@web.de","biergarten","True"
"lbecke","Biergarten#Shift123","False"
"hana_kim_beauty@naver.com","skincare9","True"
"hkim03","Skincare9@Counter#1","False"
"zainab_fassi@gmail.com","marrakech7","True"
"zalfas","Marrakech7#PriceTag!","False"
"sven_l_gbg@telia.se","fikafriday","False"
"slindq","Fikafriday!Retail2024","False"
"meiling.chen99@qq.com","bubbletea01","True"
"mchen0","Bubbletea01$Supply","False"
"nadia_petrov_cs@gmail.com","sunflower3","True"
"npetro","Sunflower3!Support#","False"
"jorgemorales_secure@gmail.com","aguila123","True"
"jmoral","Aguila123@RetailLoss!","False"
"aoife_murphy_cork@eircom.net","shamrock5","True"
"amurph","Shamrock5#Auditor!1","False"
"meiling.chen@foxmail.com","panda88","True"
"mchen3","Panda88!Panda88","False"
"s.rossi@virgilio.it","vespalife","True"
"srossi4","VespaLife!999#","False"
"astrid.lindholm@telia.se","fika_break","False"
"alindholm","Fika_break2024!","False"
"ngozieze@yahoo.co.uk","superstar","True"
"neze8","Superstar#2024!1","False"
"ys.park@naver.com","seoulvibes","False"
"ypark1","Seoulvibes!1234#","False"
"d.kowalski@wp.pl","wislakrakow","True"
"dkowalski","WislaKrakow!@2023","False"
"cami.duarte@uol.com.br","pipoca22","True"
"cduarte3","Pipoca22!Pipoca22","False"
"j.vdberg@planet.nl","amsterdam","True"
"jvanderberg","Amsterdam123$#","False"
"lucas.mercier@laposte.net","trottinette","True"
"lmercier","Trottinette#2024","False"
"zeynep.demir@gmail.com","kedicik","True"
"zdemir1","Kedicik123456!","False"
"scampbell@xtra.co.nz","allblacks","True"
"scampbell","AllBlacks!2024NZ","False"
"b.nkosi@gmail.com","ubuntu2020","True"
"bnkosi4","Ubuntu2020#Finance","False"
"alejandro.gomez@hotmail.es","bocadillo","True"
"agomez","Bocadillo!12345","False"
"sarah.j.jenkins@btinternet.com","biscuit99","True"
"sjenkins6","Biscuit99!Vault#","False"
"liwei_survey@163.com","beijing2008","True"
"wli","Beijing2008!2024","False"
"sorin_ionescu@yahoo.ro","carpati12","True"
"sionescu","Carpati12@Scaff!","False"
"tomek.nowak81@wp.pl","cegielka81","True"
"tnowak","Cegielka81#Work2","False"
"santimorales_wood@gmail.com","maderafina","True"
"smorales","Maderafina#1234!","False"
"nikos_pap91@gmail.com","olympik91","False"
"npapadopoulos","Olympik91@Spark!","False"
"sjoshi_pmp@gmail.com","cricketbat07","False"
"sjoshi","Cricketbat07#PMsite","False"
"gabriel_gesso@uol.com.br","flamengo1981","True"
"gsouza","Flamengo1981#Obra","False"
"zainab.alfarsi@gmail.com","muscatpearl","False"
"zalfarsi","Muscatpearl$100k!","False"
"minjun_kim85@naver.com","tigersoul85","False"
"mkim","Tigersoul85@Supply","False"
"alvarez.beatriz@terra.es","chispa2012","True"
"balvarez","Chispa2012#WeldInsp","False"
"sunita.patel88@yahoo.com","chailover88","True"
"spatel7","Chailover88@2024!","False"
"mlzhou89@hotmail.com","bobaaddict07","False"
"mzhou3","Bobaaddict07!Work#","False"
"taro.tanaka.jp@yahoo.co.jp","shinjukurock84","False"
"ttanaka","Shinjukurock84#FxTrade","False"
"smartin_bordeaux@orange.fr","chocolatine33","True"
"smartin","Chocolatine33@Secure!","False"
"alex.silva.math@gmail.com","fibonacci358","True"
"asilva5","Fibonacci358!1321","False"
"miller.david.pdx@gmail.com","blazerfan00","False"
"dmiller8","Blazerfan00#Portland!","False"
"zainab_b93@gmail.com","biryaniqueen","False"
"zbegum","Biryaniqueen!AML2024","False"
"lucassantos_rio@globo.com","maracana1950","True"
"lsantos","Maracana1950!Finance","False"
"hannah_abbott@sky.com","goldenretriever","True"
"habbott","Goldenretriever#Paws1","False"
"bogdan.popescu.ro@yahoo.com","dacialogan06","True"
"bpopescu","Dacialogan06!RootUser","False"
"jihoon_park86@naver.com","starcraftpro","True"
"jpark04","Starcraftpro!9900#","False"
"varga.isabella@freemail.hu","balatonsummer","False"
"ivarga","Balatonsummer2024!$","False"
"priya.nambiar85@yahoo.com","kannurbeaches","False"
"pnambi","Kannurbeaches!999","False"
"figallagher83@gmail.com","dublinbaker","False"
"fgalla","Dublinbaker*2023","False"
"chloe.dupont@orange.fr","minoucat14","True"
"cdupon","Minoucat14!!Wealth","False"
"kenji_sato_jp@yahoo.co.jp","shinjukurock","False"
"ksato4","Shinjukurock#FX2024","False"
"sofia.hernandez@prodigy.net.mx","tequilaverde","True"
"sherna","Tequilaverde$Loan1","False"
"arjun.patel.fin@gmail.com","cricketfan07","False"
"apatel8","Cricketfan07!!Fin","False"
"ingrid.lindholm@spray.se","fikaeveryday","True"
"ilindh","Fikaeveryday$$Admin9","False"
"diegoramirez_bogota@gmail.com","salpiconamor","False"
"dramir","Salpiconamor!Teller3","False"
"zeynep.demir@mynet.com","bosphorusgem","False"
"zdemir","Bosphorusgem*Sec24","False"
"ben.miller.outdoors@gmail.com","flyfishing99","True"
"bmille","Flyfishing99##Port","False"
"giulia.rossi.roma@virgilio.it","vespaprima","False"
"grossi","Vespaprima@Corp2024","False"
"jan.kowalski.pl@onet.pl","tatramountain","False"
"jkowal","Tatramountain!Cards8","False"
"sunwoo.park@naver.com","starcraftpro","True"
"spark5","Starcraftpro@Clearing1","False"
"lweber.bavaria@web.de","kaiserlautern","True"
"lweber91","Kaiserlautern!99","False"
"priya.nambiar@rediffmail.com","gulabjamun7","True"
"pnambiar","Gulabjamun7@RxCare","False"
"zhang.chao1990@163.com","taishanmountain","False"
"czhang8","TaiShanMountain#123","False"
"aoife.murphy94@hotmail.com","shamrockrover","False"
"amurphy2","Shamrockrover2023$","False"
"k_takahashi@so-net.ne.jp","bonsaigarden","False"
"ktakahash","BonsaiGarden!2024","False"
"fatima.benali@outlook.com","casablancasun","False"
"fbenali","Casablancasun@2024","False"
"diego.hdz85@yahoo.es","goldenretriever","True"
"dhernandez3","Goldenretriever*85","False"
"ngozi_eze@yahoo.com","chinuaachebe","True"
"neze4","Chinuaachebe#2024","False"
"smartin_psy@orange.fr","chocolatnoir","True"
"smartin5","Chocolatnoir?2024","False"
"siti.nur1989@gmail.com","rendangpadang","True"
"snurhaliza","Rendangpadang&100","False"
"hana_hashimi@outlook.com","persiancat","True"
"halhashimi","Persiancat12345!","True"
"carlosgomez_tx@aol.com","harleydavidson","True"
"cgomez1","HarleyDavidson@24","False"
"sunyoung.park@naver.com","jejuisland77","False"
"spark9","JejuIsland77!Lab","False"
"elena_rossi_cad@libero.it","miciobello","True"
"erossi","Miciobello1234!","False"
"park_sunwoo@naver.com","bori0512","True"
"swpark","Bori0512##Korea","False"
"murphy_pipework@eircom.net","guinness7","True"
"jmurphy","Guinness7!!Plumb","False"
"camilavargas.arch@gmail.com","piqueo99","False"
"cvargas","Piqueo99!Model3D","False"
"magnus_hvac@telia.com","falunrot","False"
"mlindqvist","Falunrot!123456","False"
"sofia_alvarez_md@yahoo.com","teamoana","True"
"salvarez","Teamoana2024!MD","False"
"f.almansoor@hotmail.com","jasminecat","True"
"falmans","Jasminecat#Surgery1","False"
"chioma.okoye@yahoo.co.uk","lagosvibes","False"
"cokoye","Lagosvibes2023$$","False"
"ananya_crna@outlook.com","kulfi2018","False"
"adeshmukh","Kulfi2018$Safety","False"
"nia.mwangi@gmail.com","kilimanjaro","True"
"nmwangi","Kilimanjaro*ICU24","False"
"g.tanaka@yahoo.com","ramenlove","True"
"gtanaka","Ramenlove!Heart1","False"
"posullivan.psy@eircom.net","guinness","True"
"posull","Guinness1990!Psych","False"
"bella.santos.msw@gmail.com","pipoca2019","True"
"isantos","Pipoca2019#CareTeam","False"
"hassan.m.dialysis@gmail.com","alexandria","True"
"hmostafa","Alexandria2024!Renal","False"
"eeva.korhonen@saunalahti.fi","saunaday","False"
"ekorhon","Saunaday@Hospital1","False"
"arjun.patel91@gmail.com","cricketfan2011","True"
"apatel01","Cricketfan2011!#DevOps","False"
"vance.marcus@gmail.com","chicago_bulls23","True"
"mvance4","Chicago_bulls23!Cloud#","False"
"mateo.silva94@outlook.com","flamengo1981","True"
"msilva8","Flamengo1981#DataScience","False"
"hannah.lind@fastmail.se","fika_kaffe99","False"
"hlindq02","!Fika_kaffe99!Agile","False"
"tariq_mansoor@gmail.com","falafelking9","False"
"tmansoo1","Falafelking9@SRE2024!","False"
"kwame_asante@gmail.com","blackstars63","False"
"kasante1","Blackstars63#Production1!","False"
"ingrid.berg90@protonmail.com","fjordsailor","False"
"iberg4","Fjordsailor#DBA9900!!","False"
"park.sunwoo92@naver.com","starcraftpro","True"
"spark09","Starcraftpro#Codebase2024","False"
"aoife.murphy93@eircom.net","dublinbreeze","False"
"amurphy3","Dublinbreeze#DocsMaster12","False"
"chen.wei.ml@163.com","pandabear06","True"
"wchen11","Pandabear06!DeepLearning1","False"
"fatima_alzahra@gmail.com","desertrose99","True"
"falzahr","Desertrose99$CiscoRouter!","False"
"lukas.meyer91@web.de","apfelstrudel","True"
"lmeyer2","Apfelstrudel123!InfraSecure","False"
"priyasharma.analytics@gmail.com","gulabjamun14","True"
"psharma8","Gulabjamun14$PowerBI2024","False"
"tomek_kowal@wp.pl","pierogipower","False"
"tkowals","Pierogipower!JenkinsCI99","False"
"zoe.jenkins@icloud.com","goldenretriever","True"
"zjenkins","Goldenretriever@Enterprise1","False"
"fatou.diop.sn@orange.sn","dakarvibes22","False"
"fdiop03","Dakarvibes22#AuditPass123","False"
"aoi.takahashi@yahoo.co.jp","matchalatte","True"
"atakahashi","Matchalatte@2024!","False"
"camila.silva.rio@gmail.com","pipoca2019","True"
"csilva","Pipoca2019$$Educa","False"
"hana.alzahrani@gmail.com","rosejasmine","True"
"halzahrani","Rosejasmine#Research22","False"
"tlindqvist@spray.se","kaffebror","False"
"tlindqvist","Kaffebror123!EduNet","False"
"grace.mutua@kenyaweb.com","harambee99","False"
"gmutua","Harambee99#SchoolFirst","False"
"diegomorales82@hotmail.com","canela2018","True"
"dmorales","Canela2018!CampusAid","False"
"chioma.eze.academic@gmail.com","chinuaachebe","True"
"ceze","ChinuaAchebe$1958","False"
"minh_nguyen_math@gmail.com","saigonpho","True"
"vmnguyen","SaigonPho*Math314","False"
"carlos_gomez_finance@yahoo.com","tacosalpastor","True"
"cgomez","TacosAlPastor$Fiscal24","False"
"zalkuwari@gmail.com","pearlqatar","True"
"zalkuwari","PearlQatar@ECE2024","False"
"grace_kim_korea@gmail.com","kimchijjigae","True"
"gkim","KimchiJjigae#ESL1","False"
"felipe_morales_guitar@gmail.com","acousticguitar","True"
"fmorales","AcousticGuitar!Choir24","False"
"arjun.naidu.elearn@gmail.com","badmintonace","True"
"anaidu","BadmintonAce!Learn2024","False"
"lukas.meyer90@web.de","berlinrunner","True"
"lmeyer","BerlinRunner!2024","False"
"thabo_ndlovu@vodamail.co.za","bafanabafana","True"
"tndlovu","BafanaBafana@2024!","False"
"oliversmith_diy@btinternet.com","woodworker1","True"
"osmith","Woodworker1!StoreTools","False"
"hyejin_park@naver.com","seoulbeauty9","False"
"hpark","SeoulBeauty9#BeautyStore","False"
"zoe_bennett_nz@xtra.co.nz","kiwibird2020","True"
"zbennett","Kiwibird2020@Returns!","False"
"kmensah_accra@gmail.com","kotokowarrior","False"
"mensahk","Kotokowarrior#123","False"
"chenwei_books@163.com","calligraphy08","True"
"weichen","Calligraphy08*Lib","False"
"declanmurphy_galway@eircom.net","connachtrugby","True"
"dmurphy","Connachtrugby!1903","False"
"ananya_kolkata@rediffmail.com","sitarcalcutta","False"
"achatterjee","Sitarcalcutta$2023!","False"
"jp_laurent_provence@laposte.net","lavande13","True"
"jplaurent","Lavande13*Universite","False"
"hannah_vanderbeek@kpnmail.nl","stroopwafel7","True"
"hvanderbeek","Stroopwafel7@Psych","False"
"tunde_adeleke_ng@gmail.com","arsenalfan04","False"
"badeleke","Arsenalfan04#Staff","False"
"marta_kowalska_pl@wp.pl","chopinnocturne","True"
"mkowalska","Chopinnocturne!2024","False"
"sid_nair_kerala@gmail.com","backwaters01","False"
"snair","Backwaters01#Admin!","False"
"sofiahdz94@hotmail.com","canela2018","True"
"shernan","Canela2018!Banking","False"
"b_laurent@orange.fr","croissant7","True"
"blauren","Croissant7$Secure","False"
"rossi_mateo@virgilio.it","forzaferrari","True"
"mrossi1","ForzaFerrari*2024","False"
"hanna.lindqvist@telia.se","fikapaus","True"
"hlindq","Fikapaus!Pass123","False"
"oliver.schmidt@gmx.de","currywurst","True"
"oschmid","Currywurst!!2024","False"
"npapadop@hol.gr","santorini","True"
"npapad","Santorini#778899","False"
"zainab_hassan@gmail.com","karakchai","False"
"zalhas","KarakChai@Spring24","False"
"fiona.macleod@btinternet.com","nessie99","True"
"fmacle","Nessie99@Corporate!","False"
"arjan.vandijk@kpnmail.nl","ajaxamsterdam","True"
"avandijk","Ajaxamsterdam!1900","False"
"lucas.bernard.pro@orange.fr","marseille13","True"
"lbernard","Marseille13!Om2024","False"
"bogdan.ionescu@gmail.com","daciabest","False"
"bionescu","Daciabest#2024!","False"
"hnsubuga@gmail.com","kampalaexpress","False"
"hnsubuga","Kampalaexpress!2024","False"
"nushidemir@gmail.com","bosphorusblue","False"
"ndemir","Bosphorusblue#2024","False"
"molefe.thabo@webmail.co.za","orlandopirates","True"
"tmolefe","Orlandopirates@2024","False"
"minjun.park@daum.net","hanriverpark","False"
"mpark","Hanriverpark!2024","False"
"raj.patel.academic@outlook.com","cricketguru","True"
"rpatel","Cricketguru!1984$","False"
"sven.lindqvist@telia.se","volvo240","True"
"slindqvist","Volvo240!Safety#1","False"
"tariq_hassan@gmail.com","falafel82","True"
"thassan","Falafel82!Bursar$","False"
"ingrid.weber.art@web.de","klimt1907","True"
"iweber","Klimt1907#Lecture!","False"
"elijah_becker@gmail.com","harleybobber","True"
"ebecker","Harleybobber!Plant2024","False"
"freja.moeller@mail.dk","roskilde","True"
"fmoeller","Roskilde!Faculty#24","False"
"chiyo_takahashi@yahoo.co.jp","matchalover","True"
"ctakahashi","Matchalover#Library1","False"
"fiona_macleod@btinternet.com","bramblecat","True"
"fmacleod","Bramblecat!2024Ed","False"
"lindstrom_lars@spray.se","malmofotboll","False"
"llindstrom","Malmofotboll123!","False"
"greta.schneider@web.de","sonnenblume","True"
"gschneider","Sonnenblume!Schule","False"
"amorales_guitar@gmail.com","stratocaster","True"
"amorales","Stratocaster!2024","False"
"zainab_abdi94@gmail.com","mogadishu1","True"
"zabdi","Mogadishu1@Office","False"
"g_okonjo@yahoo.com","enugurocks","False"
"gokonjo","Enugurocks!Health1","False"
"patburke_cork@eircom.net","guinness00","True"
"pburke","Guinness00#Counsel","False"
"yael.cohen.art@gmail.com","telavivian","False"
"ycohen","Telavivian@2024Art","False"
"priyasharma.delhi@gmail.com","chaipecharcha","True"
"psharma12","ChaiPeCharcha#2023","False"
"chenwei.finance@163.com","shanghaihero","True"
"wchen01","Shanghaihero!9999","False"
"sofia.rossi88@virgilio.it","vesparossa","True"
"srossi3","VespaRossa#1234","False"
"fatima.bennani@menara.ma","marrakech01","True"
"fbennani","Marrakech01@Bank","False"
"lukas.meyer93@web.de","berlinbynight","True"
"lmeyer5","BerlinByNight!2024","False"
"thao.nguyen89@vnn.vn","saigoncafe","True"
"tnguyen04","SaigonCafe#10101","False"
"gabriel.santos@bol.com.br","ipanema95","True"
"gsantos7","Ipanema95*BankPass","False"
"zainab.alhassan@fastmail.com","karaktea05","False"
"zalhassan","KarakTea05$$Safe","False"
"mikkel.jensen82@live.dk","legohero82","True"
"mjensen3","LegoHero82!Work24","False"
"beatriz.ortiz@terra.es","tapasbarajas","False"
"bortiz8","TapasBarajas@2024*","False"
"ymansour.cairo@gmail.com","zamalek88","True"
"ymansour","Zamalek88#Invest!","False"
"grace.kim.ny@gmail.com","bobaaddict","False"
"gkim09","BobaAddict!999$$","False"
"carlos.santana.v@gmail.com","tiburones","True"
"csantanav","Tiburones2024!","False"
"ingrid.mueller.de@gmail.com","berlincat","True"
"imueller","BerlinCat2024!Audit","False"
"alejandro.gomez.col@gmail.com","salsaamor","True"
"agomez02","SalsaAmor123456!","False"
"beatrice.ndiaye@gmail.com","dakarbeach","False"
"bndiaye","DakarBeach2024$$","False"
"ewa.kowalska.pl@gmail.com","waweldragon","False"
"ekowalska","WawelDragon!2024","False"
"aisha.siddiqui@gmail.com","karachikite","False"
"asiddiqui","KarachiKite2024!@","False"
"dirk.vdm@webmail.co.za","biltong9","True"
"dvanderm","Biltong9#Treasury","False"
"mateo.gtz@gmail.com","salsa77","True"
"mgutierrez","Salsa77!Processor","False"
"bthorne_home@gmail.com","teacup22","True"
"bthorne","Teacup22!Escrow99","False"
"mikko.korhonen@luukku.com","sauna1979","True"
"mkorhonen","Sauna1979!CrimeUnit","False"
"rachel.greenwald@verizon.net","centralpark","True"
"rgreenwald","Centralpark!NY2024$","False"
"priya.natarajan.dev@yahoo.com","chaiandparle","False"
"pnataraj","Chaiandparle#2024","False"
"sunita.rao.blr@gmail.com","mangolassi","True"
"sraodb","Mangolassi%Production1","False"
"niall.oconnor@eircom.net","guinness04","True"
"noconnor","Guinness04&DublinSecure","False"
"camila.hernandez.dev@gmail.com","salsadance","True"
"chernan","Salsadance!Mobile#24","False"
"jihoon.park88@naver.com","starcraft2","True"
"jhpark","Starcraft2*Workpass99","False"
"diego.rossi.roma@libero.it","vespaprima","False"
"drossi","Vespaprima$Infra2024","False"
"hao.nguyen.ml@gmail.com","banhmi10","True"
"hnguyen2","Banhmi10#CloudAccess!","False"
"mia.virtanen@kolumbus.fi","saunalife","True"
"mvirtan","Saunalife!Platform#24","False"
"kwame.asante@gmail.com","kumasiwarrior","False"
"kwasante","Kumasiwarrior#2024","False"
"mateo.pediatrics@outlook.com","chivascampeon","True"
"mhernandez","Chivascampeon@123","False"
"chidi_okonkwo@yahoo.co.uk","jollofrice10","False"
"cokonkwo","Jollofrice10*Health","False"
"nour.eldin.md@gmail.com","pyramidview7","False"
"neldin","Pyramidview7$Cardio","False"
"daehyun.park84@naver.com","hanriverrun","False"
"dpark","Hanriverrun!!2024","False"
"tunde.adebayo@gmail.com","lagosnightlife","False"
"badebayo","Lagosnightlife#Renal","False"
"kasper.nielsen.cph@hotmail.com","nordiccross88","False"
"knielsen","Nordiccross88!!OR","False"
"giselle.beaulieu.slp@gmail.com","siropderable","True"
"gbeaulieu","Siropderable2024$","False"
"sharma.priya@rediffmail.com","gulabjamun","True"
"psharma3","Gulabjamun$4567","False"
"csilva.sp@uol.com.br","flamengo99","True"
"silvac","Flamengo99@Admin","False"
"ananya.kolkata@gmail.com","darjeeling","True"
"achatter","Darjeeling*2024","False"
"miller.coach.d@gmail.com","redsoxfan","True"
"dmiller_pe","Redsoxfan#010203","False"
"zhulin.shanghai@163.com","pandabear8","True"
"lzhu","Pandabear8%School","False"
"kavita.patel84@gmail.com","rangoliart","False"
"kpatel","Rangoliart#Welcome1","False"
"bkowalska92@wp.pl","szarlotka","True"
"bkowalska","Szarlotka&Edu2024","False"
"aruiz_bogota@gmail.com","cafetero88","True"
"aruiz","Cafetero88*Bursar","False"
"zainab.diallo@orange.fr","baobab14","True"
"zdiallo","Baobab14$WritingDept","False"
"omer.farooq.tech@yahoo.com","biryanilover","True"
"ofarooq","Biryanilover!Support#1","False"
"liam_gallagher_ph@outlook.com","guinnessdraft","False"
"lgallag","Guinnessdraft!2024","False"
"chiyotakahashi@gmail.com","matchalatte8","True"
"ctakah","Matchalatte8!Tokyo","False"
"sid.verma90@gmail.com","cricketfan07","False"
"sverma","Cricketfan07#Database","False"
"sy_park_nurse@naver.com","borntowin10","True"
"spark01","Borntowin10#Ward3A","False"
"diegoramirez_ems@gmail.com","tacosalpastor","True"
"dramire","Tacosalpastor!Medic1","False"
"nia_adebayo@gmail.com","jollofrice1","True"
"nadebay","Jollofrice1#FrontDesk","False"
"marcus_lind@telia.com","volvo240gl","True"
"mlindqv","Volvo240gl#BioMed99","False"
"hana_nguyen1988@gmail.com","saigonpho88","False"
"hnguyen","Saigonpho88*Dental","False"
"kacper.kowalski@wp.pl","wiedzmin1986","True"
"kkowals","Wiedzmin1986#Support1","False"
"bia_santos_lab@bol.com.br","pipocaecoca","True"
"bsantos","Pipocaecoca!LabBlood","False"
"chenwei_bj90@163.com","badmintonlove","True"
"wchen02","Badmintonlove#RadOnc","False"
"zoe_mitchell_nutrition@gmail.com","goldenretriever","True"
"zmitche","Goldenretriever@Nutr1","False"
"tariro.moyo@gmail.com","hararebliss4","False"
"tmoyo01","Hararebliss4!ClinicCare","False"
"pavel.horak77@seznam.cz","pilsnerlover","False"
"phorak","Pilsnerlover!ERDoctor","False"
"leila_yazdi@gmail.com","shirazwine7","False"
"lyazdi","Shirazwine7#Pharmacy","False"
"marcus.adebayo@outlook.com","arsenal99","True"
"madeba2","Arsenal99#Security","False"
"chloe.dubois.fr@yahoo.com","vanille04","True"
"cduboi1","Vanille04!Deco2024","False"
"priya.patel.mumbai@gmail.com","diwali2020","True"
"ppate04","Diwali2020@Retail#","False"
"kenji.tanaka82@mail.com","ramenlove","True"
"ktanak3","Ramenlove123!Stock","False"
"sofia.morales95@gmail.com","canela12","True"
"smoral1","Canela12!Spring24","False"
"liam.oconnor.dub@hotmail.com","roverpup","False"
"loconn2","Roverpup2024!Warehouse","False"
"fatima.mansoor@gmail.com","karakchai","False"
"falman1","Karakchai2023!Help","False"
"lucas.silva.rio@gmail.com","maracana7","True"
"lsilva4","Maracana7!Admin2024","False"
"tariq.haddad@outlook.com","falconeye","True"
"thadda1","Falconeye99#Purchasing","False"
"ingrid.lindstrom@spray.se","fika1985","True"
"ilinds1","Fika1985!Visuals#","False"
"carlos.mendoza.lp@gmail.com","tito2015","True"
"cmendo3","Tito2015!StoreWatch","False"
"ananya.sharma.in@yahoo.com","gulabjamun","True"
"asharm5","Gulabjamun!2024#","False"
"noah.becker.de@web.de","bratwurst9","True"
"nbecke1","Bratwurst9!Counter1","False"
"aaliyah.w94@gmail.com","honeybee8","True"
"awashi2","Honeybee8!Supervise","False"
"chen.wei.retail@qq.com","panda99","True"
"cwei003","Panda99!Fulfill24","False"
"beatriz.santos.lisbon@gmail.com","fado2010","True"
"bsanto2","Fado2010!Jewelry$","False"
"kwabena.mensah@gmail.com","kumasiboy","True"
"kmen01","Kumasiboy#Dock2024","False"
"n.kowalska@onet.pl","sernik77","True"
"nkowal1","Sernik77!CashVault","False"
"matteo.rossi.roma@libero.it","vesparide","True"
"mrossi3","Vesparide2024!Floor","False"
"sw.park91@naver.com","kimchi91","True"
"spark04","Kimchi91!Produce24","False"
"sarah.j.retail@gmail.com","daisyduke","True"
"sjenki2","Daisyduke2024!Lead","False"
"omar.farooq.ca@gmail.com","cricketfan","True"
"ofaroo1","Cricketfan#Night2024","False"
"thao.nguyen.retail@gmail.com","saigontea","True"
"tnguye5","Saigontea!Register1","False"
"park.chunhei@naver.com","saranghae7","True"
"cpark","Saranghae7#Math2024","False"
"zanele.khumalo.edu@yahoo.com","amapiano01","False"
"zkhumalo","Amapiano01#DeanOffice","False"
"hana.becker.berlin@gmail.com","apfelstrudel","True"
"hbecker","Apfelstrudel$Curric24","False"
"eleni.papadaki.ath@gmail.com","socrates469","True"
"epapadaki","Socrates469!Faculty1","False"
"sam.vance.finance@gmail.com","mustang1969","True"
"svance","Mustang1969#Budget24","False"
"cmendez82@gmail.com","cruzazul08","True"
"cmendez","Cruzazul08#SiteSafety","False"
"jmiller_drywall@outlook.com","bassfishing","True"
"jmiller","Bassfishing#1Drywall!","False"
"skiprotich88@gmail.com","marathon42","True"
"skiprotich","Marathon42#SurveyField","False"
"amira.benali@outlook.fr","jasmin2020","True"
"abenali","Jasmin2020!ProjectBuild","False"
"jackt_carpentry@gmail.com","timberwolf8","True"
"jthompson","Timberwolf8$Framing2024","False"
"nattaporn.c@gmail.com","somtam99","True"
"nchaiwong","Somtam99#QualitySite1","False"
"declanburke@eircom.net","shamrock01","True"
"dburke","Shamrock01!PipingDept","False"
"luciana.rossi@libero.it","dolomiti12","True"
"lrossi","Dolomiti12$GeoTech2024","False"
"lsmith.run92@gmail.com","runfast5k","True"
"lsmith01","Runfast5k!2024","False"
"elena_pos_tech@yandex.ru","matryoshka8","True"
"eivanova","Matryoshka8*Access","False"
"olganovak_cz@seznam.cz","pilsner12","True"
"onovak","Pilsner12@Supermarket","False"
"hassan_restock@hotmail.com","cairocoffee","False"
"hmahmoud","Cairocoffee!Restock01","False"
"jorge.morales.cdmx@gmail.com","tacosalpastor","True"
"jmorales","TacosAlPastor!Pick123","False"
"chen.wei.phys@163.com","supernova99","True"
"wchen4","Supernova99!Lab","False"
"tariq.farooq@gmail.com","cricketfan","True"
"tfarooq","Cricketfan#Advice99","False"
"csilva.flamengo@uol.com.br","mengao10","True"
"csilva3","Mengao10@GymDept!","False"
"bety_morales@prodigy.net.mx","solyluna","True"
"bmorales","Solyluna*Curric2024","False"
"ahmed_mostafa_cairo@gmail.com","ahlyclub","True"
"amostafa","Ahlyclub%Campus2024","False"
"pia.toivonen@luukku.com","revontulet","True"
"ptoivonen","Revontulet!UniResearch","False"
"lucia_v_music@gmail.com","guitarra12","True"
"lvasquez","Guitarra12!MusicRoom","False"
"lukas.lindholm@outlook.com","volvo240gl","True"
"llindhol","Volvo240gl!Stock1","False"
"diego.fdez@terra.es","ronaldo7real","True"
"dfernand","Ronaldo7real!2024*","False"
"diallo_fatima@orange.sn","senegal2022","True"
"fdiallo","Senegal2022!Support","False"
"ethan.walker99@hotmail.com","skaterboy99","True"
"ewalker","Skaterboy99@Shift1","False"
"sergei.ivanov.retail@mail.ru","spartakmoskva","True"
"sivanov","Spartakmoskva!2024","False"
"meiling.tan@gmail.com","kpoplover95","False"
"mtan01","Kpoplover95!Orders#","False"
"sara.lindgren@spray.se","kanelbulle89","True"
"slindgr","Kanelbulle89!Admin2","False"
"zainab.fassi@menara.ma","marrakechsun","False"
"zalfassi","Marrakechsun!Helpdesk1","False"
"liam.oconnor.dublin@gmail.com","guinnesspint","True"
"loconno","GuinnessPint@2024","False"
"jonas.lindqvist@live.se","fikaogbulle","False"
"jlindqv","Fikaogbulle!2024","False"
"carlosgomez1981@gmail.com","realmadrid7","True"
"cgomez4","Realmadrid7#WorkPass","False"
"ingrid.vandenberg@xs4all.nl","tulipantijd","False"
"ivanden","Tulipantijd!Secure9","False"
"zainab.hashimi@gmail.com","jasminechai","False"
"zalhash","JasmineChai123$$","False"
"lucas.walker.syd@outlook.com","surfingwaves","True"
"lwalker","Surfingwaves@Summer24","False"
"priya.nambiar@gmail.com","kathakali","True"
"pnambia","Kathakali!Finance#1","False"
"bogdan.popescu@mail.ro","daciamaster","False"
"bpopesc","DaciaMaster@Bank2024","False"
"nia.campbell.uk@gmail.com","edinburghcastle","True"
"ncampbe","EdinburghCastle!1234","False"
"priya.venkat.chem@gmail.com","chaiandbooks","False"
"pvenkataraman","Chaiandbooks$2024Lab","False"
"tmorales_coach@gmail.com","slambronc23","False"
"tmorales","Slambronc23#Athletics!","False"
"felipe_math_santos@bol.com.br","flamengo81","True"
"fsantos","Flamengo81#DeltaMath","False"
"mateo.silva.flamengo@gmail.com","flamengo2019","True"
"msilva01","Flamengo2019!Bank","False"
"l.weber.trail@outlook.com","schwarzwald","True"
"weberl","Schwarzwald!2024#","False"
"priyasharma.chai@gmail.com","masalachai","True"
"sharmap","MasalaChai@12345","False"
"sophie.dubois.velo@free.fr","croissant77","True"
"dubois03","Croissant77#Admin!","False"
"kenji_sato_fishing@yahoo.co.jp","tsukiji05","False"
"ksato2","Tsukiji05!!Audit","False"
"ciaraoconnor94@eircom.net","galwaybay","True"
"coconnor","GalwayBay2024*!","False"
"diego_hernan_tacos@hotmail.com","chihuahua08","True"
"dhernand","Chihuahua08@Work!!","False"
"fatima.zahra.maroc@gmail.com","tanjacity","True"
"fzahra1","Tanjacity#2024Bank","False"
"nlindholm@spray.se","fikaforev","False"
"lindholn","Fikaforev!Sweden99","False"
"ananya.sen.kolkata@rediffmail.com","darjeeling","True"
"asenk","Darjeeling#100Percent","False"
"gio.rossi.roma@libero.it","forzaroma","True"
"grossi5","ForzaRoma*2024Corp","False"
"bonganidlamini@webmail.co.za","orlandopirates","True"
"bdlamini","OrlandoPirates!1937","False"
"hyejin.park96@daum.net","gangnam7","True"
"hpark09","Gangnam7$$QuantFin","False"
"liammurphy_cork@gmail.com","guinness00","True"
"lmurphy8","Guinness00!Assets24","False"
"valeria.morales.bogota@gmail.com","arepadulce","False"
"vmorales","ArepaDulce#99Private","False"
"arjun.patel.cricket@gmail.com","rohitsharma","True"
"apatel77","RohitSharma#45Data!","False"
"mustafa_demir_bosphorus@mynet.com","galatasaray","True"
"mdemir3","Galatasaray#1905Sec!","False"
"camille.leroy.ski@orange.fr","chamonix21","True"
"cleroy","Chamonix21@Finance#","False"
"aarav.cricket07@gmail.com","dhonifan2011","False"
"asharma2","Dhonifan2011!#Wk","False"
"chen.meiling88@outlook.com","taipeirocks","False"
"mchen04","Taipeirocks#2024!","False"
"mateo.guitarra@gmail.com","fenderstrat","True"
"mhernan8","Fenderstrat@9900#","False"
"fionagallagher_ie@gmail.com","dublinbay04","False"
"fgallagh","Dublinbay04$$Audit","False"
"camila.samba94@uol.com.br","carnavalrio","True"
"csilva12","Carnavalrio#2024Secure","False"
"lukas.alpinist@web.de","matterhorn3","True"
"lweber5","Matterhorn3$$Peak","False"
"kenji_bonsai@yahoo.co.jp","sakurafall","True"
"ksato09","Sakurafall#Tokyo24","False"
"sven_fika@spray.se","kanelbulle7","False"
"slindqv","Kanelbulle7%%Nordic","False"
"sunita_garba@rediffmail.com","navratri2019","False"
"spatel77","Navratri2019$$Festival","False"
"ewright_sailing@gmail.com","bluewater44","True"
"ewright2","Bluewater44&&Regatta","False"
"ananya_books@gmail.com","rabindranath","True"
"asen010","Rabindranath##1913!","False"
"nikos_aegean@in.gr","souvlakitime","False"
"npapadop","Souvlakitime@Santorini1","False"
"hana.zahrani@gmail.com","redseadive","True"
"halzahr","Redseadive$$Jeddah24","False"
"nadia_minttea@gmail.com","couscousroyale","False"
"nbenali","Couscousroyale**2024","False"
"piotr_kowal90@wp.pl","wiedzminfan","True"
"pkowalsk","Wiedzminfan##Rivia03","False"
"jihoon.park.starcraft@daum.net","protossrush","False"
"jhpark1","Protossrush@@Aiur2024","False"
"zara_bosphorus@mynet.com","galatatower","True"
"zyilmaz","Galatatower##Beyoglu1","False"
"jonas.schmidt.dev@web.de","currywurst44","True"
"jschmidt","Currywurst44!!Berlin","False"
"priya.patel.ai@gmail.com","garbanight7","False"
"ppatel2","GarbaNight7$$Secure","False"
"minjun.kim.kr@naver.com","bibimbap77","True"
"mkim9","Bibimbap77@Office1","False"
"maya.lin.sea@gmail.com","bubbletea05","False"
"mlin4","BubbleTea05&Seattle","False"
"tquispe.lima@gmail.com","machupicchu1","True"
"tquispe","MachuPicchu1$Login!","False"
"chiara.rossi.roma@libero.it","carbonara00","True"
"crossi1","Carbonara00*Summer","False"
"lukas.lindholm@fastmail.se","fika101kanel","False"
"llindh","Fika101Kanel$$$","False"
"mlingchen@yahoo.com","boba4ever","True"
"mchen2","Boba4ever!Corp12","False"
"eoghan.oc@gmail.com","galwaybay84","False"
"eoconnor","GalwayBay84!Dub","False"
"arjun.patel.dev@gmail.com","cricketfan7","True"
"apatel5","CricketFan7$Login!","False"
"thiago.silva.dba@uol.com.br","maracana70","True"
"tsilva","Maracana70#Root1","False"
"zoe.wordsmith@gmail.com","calicosock5","False"
"zsmith","CalicoSock5!WorkDoc","False"
"nia.robinson.tech@gmail.com","jazzpiano3","True"
"nrobins","JazzPiano3!Sprint","False"
"ananya.joshi.ml@gmail.com","sitarbeats9","False"
"ajoshi","SitarBeats9$Tensor","False"
"jonas.weber90@posteo.de","brezelkaiser","False"
"jweber","BrezelKaiser!Pass12","False"
"seun.adeyemi@yahoo.com","jollofrice1","True"
"oadeyem","JollofRice1#CloudOps","False"
"hanna.korhonen@kolumbus.fi","saunavibes7","False"
"hkorhon","SaunaVibes7@Release","False"
"jonas.jonaitis@delfi.lt","vilniusrytas","True"
"jjonaitis","Vilniusrytas%2024","False"
"elena.popov.retail@gmail.com","blueskyday","True"
"epopov","Blueskyday*StoreManager","False"
"marcus.j.98@outlook.com","jordanshoes","True"
"mjohnson","Jordanshoes!2345","False"
"aisha_yusuf95@gmail.com","zebrastripes","True"
"ayusuf","Zebrastripes2024$#","False"
"sora.kim88@naver.com","bobaheaven","False"
"skim","Bobaheaven!Money99","False"
"finn.oconnor94@eircom.net","guinnessdraft","False"
"foconnor","Guinnessdraft!RetailLP","False"
"noor.zahrani@gmail.com","freshcroissant","False"
"nalzahrani","Freshcroissant#Bakery1","False"
"oliver.hansen.cph@gmail.com","nordicwalk","True"
"ohansen","Nordicwalk2024!!Secure","False"
"priya.narang@yahoo.com","chaiandparatha","False"
"pnaran1","Chaiandparatha!2024","False"
"l.weber.berlin@web.de","bello1408","False"
"lweber8","Bello1408#Banker","False"
"amina_mansoor@hotmail.com","falafellover","True"
"aalman2","Falafellover@971","False"
"chenwei_sh@163.com","bubbletea88","True"
"wchen04","Bubbletea88$$$Trade","False"
"soraya.haddad@outlook.com","cedarstree94","False"
"shadda1","Cedarstree94!!AML","False"
"esmith_golf@aol.com","titleistpro1","True"
"esmith99","Titleistpro1$$2024","False"
"yuki.tanaka@ezweb.ne.jp","ramenaddict","True"
"ytanak5","Ramenaddict#Tokyo1","False"
"ngozi.adeleke@gmail.com","afrobeats22","False"
"nadele1","Afrobeats22@Lagos","False"
"fionagallagher_ireland@gmail.com","celticfc07","True"
"fgalla3","Celticfc07!DubSec","False"
"dmitri.volkov@mail.ru","spartakmoscow","True"
"dvolko2","Spartakmoscow!@#2024","False"
"arjun.patel.mumbai@gmail.com","sachin100s","True"
"apate45","Sachin100s$$FinCorp","False"
"clara.dupont@orange.fr","chocolat86","True"
"cdupon2","Chocolat86%%Paris","False"
"kavita.rao99@gmail.com","mumbaidreams","True"
"krao08","Mumbaidreams*Wealth9","False"
"alejandro_gomez@yahoo.es","realmadrid14","True"
"agomez6","Realmadrid14&&FXdesk","False"
"minho.park@naver.com","starcraft99","True"
"mpark12","Starcraft99!!ProdDB","False"
"liam.oconnor.galway@gmail.com","guinnessdraft","False"
"locon09","Guinnessdraft@2024AIB","False"
"thandi.moyo@gmail.com","hararebliss","False"
"tmoyo1","Hararebliss$$Secure1","False"
"oscar.lindqvist@telia.com","fikaeveryday","True"
"olindq1","Fikaeveryday!1Nordic","False"
"z.alfassi@gmail.com","redvelvet12","True"
"zalfas2","Redvelvet12!!Derivs","False"
"jankowalski@poczta.onet.pl","legiawarszawa","True"
"jkowal4","Legiawarszawa##Bank2024","False"
"baonguyen83@gmail.com","danangbeach","True"
"bnguye6","Danangbeach$$PortRisk","False"
"camila.vargas.bog@gmail.com","salsadancing","True"
"cvarga2","Salsadancing!123Bank","False"
"mateo.alvarez92@gmail.com","tacosalpastor","True"
"malvarez","Tacosalpastor123!","True"
"chloeoconnor@eircom.net","dublinbays","False"
"coconn","DublinBays@LossPrev1","False"
"camilasilva.br@uol.com.br","flamengo99","True"
"csilva2","Flamengo99!Loja2024","False"
"ingrid.hansen85@hotmail.com","oslofjord","True"
"ihanse","Oslofjord#Buyer2024","False"
"priya.patel.uk@gmail.com","chaiandbiscuits","False"
"ppatel4","Chaiandbiscuits!24","False"
"murphyliam94@gmail.com","celticfc","True"
"lmurph","Celticfc#2024Spring","False"
"sofia_rossi88@virgilio.it","gelatomania","True"
"srossi1","Gelatomania@Work01","False"
"bdlamini_sa@yahoo.com","springboks1","True"
"bdlami","Springboks1$$Floor","False"
"nhung.nguyen.hcm@gmail.com","phohanoi9","True"
"nnguye","Phohanoi9#StorePass","False"
"dimitris.papadopoulos@in.gr","aegeansea","True"
"dpapad","AegeanSea12345!","False"
"amina.toure@orange.sn","dakarvibes","False"
"atoure","DakarVibes2024$$","False"
"alejandro_gomez@live.com","rockguitar","True"
"agomez3","RockGuitar@Night99","False"
"jongmin.park89@naver.com","seoulbeats","True"
"jpark0","SeoulBeats#Ops2024","False"
"aylin.yilmaz@mynet.com","bosphorus","True"
"ayilma","Bosphorus101!Desk","False"
"markus.weber.berlin@gmx.de","currywurst","True"
"mweber2","Currywurst2024!Admin","False"
"kwame.osei@gmail.com","chelseafc","True"
"kosei","ChelseaFC!2024Clinic","False"
"aoife.oc@irishmail.ie","corkrebel","True"
"aoconnor","Corkrebel!Therapy1","False"
"thabo.smith@webmail.co.za","springbok1","True"
"tsmith","Springbok1!HealthHub","False"
"hanna.juergens@gmx.de","kaffeeundkuchen","True"
"hjuergens","Kaffeeundkuchen#ITAdmin1","False"
"talmansoor@protonmail.com","falconry77","False"
"talmanso","Falconry77#Secure","False"
"niko.peltonen.fin@gmail.com","saunapale5","False"
"npeltone","Saunapale5!Winter24","False"
"soraia_lisbon@sapo.pt","fadoamalia82","False"
"ssantos","Fadoamalia82#Agile1","False"
"farhan.sid.cricket@gmail.com","karachikings6","False"
"fsiddiqu","Karachikings6@Release","False"
"zoe.katsaros.ath@gmail.com","aegeanblue44","False"
"zkatsaro","Aegeanblue44!Executive","False"
"tariq.aziz.pk@gmail.com","lahoreqalandars","True"
"taziz","Lahoreqalandars@123","False"
"klaus.weber68@gmx.de","currywurst44","True"
"kweber","Currywurst44#Ware!","False"
"hanna_lindqvist@telia.com","fikatime10","False"
"hlindqvist","Fikatime10!!Stockholm","False"
"dkim_seoul@naver.com","taekwondo9","True"
"dkim","Taekwondo9$$Security","False"
"novak.jaro@seznam.cz","slaviapraha5","False"
"jnovak","Slaviapraha5@Work12","False"
"grace.lee83@fastmail.com","goldenretriever","True"
"glee","Goldenretriever@2024!","False"
"hannah.smith.leeds@hotmail.com","bakingqueen","True"
"hsmith","Bakingqueen2023!!","False"
"yuki.takahashi.kyoto@gmail.com","greenteamochi","True"
"ytakahashi","Greenteamochi123$","False"
"sipho.dlamini.jhb@gmail.com","springbokfan","False"
"sdlamini","Springbokfan2023#Inv","False"
"emily.taylor.syd@gmail.com","koalabear88","True"
"etaylor","Koalabear88!Retail","False"
"jlindholm@live.se","volvo240","True"
"jlindholm","Volvo240#Nordic#1","False"
"hai_nguyen_cons@yahoo.com","saigoncafe","True"
"nvhai","Saigoncafe$12345","False"
"a_weber85@web.de","kuchenliebe","True"
"aweber","Kuchenliebe!2024$","False"
"jihoon_kwon@naver.com","blackbelt9","True"
"jhkwon","Blackbelt9!Boom2024","False"
"zoe_kats@cytanet.com.cy","aegeansea","True"
"zkatsaros","Aegeansea$Plan2024","False"
"leila_bakri@fastmail.com","desertrose","True"
"lbakri","Desertrose&Soils24","False"
"jonas.hansen.dk@gmail.com","roskilde","True"
"jhansen","Roskilde_Wood#2024","False"
"george.taylor.steel@yahoo.co.uk","arsenal04","True"
"gtaylor","Arsenal04#IronWorks","False"
"olumide.bakare@gmail.com","lagosboy1","True"
"obakare","LagosBoy1!QACheck","False"
"hana.alhassan@outlook.com","jasmine21","True"
"halhassan","Jasmine21#SiteSafe!","False"
"sofia.alvarez.cr@outlook.com","chocolatito7","True"
"salvare","Chocolatito7@2024","False"
"aga.kowalska@op.pl","krakowskirynek","False"
"akowal","Krakowskirynek#Underwriter1","False"
"gsantos_rio@gmail.com","flamengo1981","True"
"gsanto","Flamengo1981$Forex","False"
"dh_park89@naver.com","starcraftpro","True"
"dpark1","Starcraftpro!Admin#1","False"
"camila_hernandez@gmail.com","playadelcarmen","True"
"chernandez","Playadelcarmen!Wealth1","False"
"johan.becker@web.de","schnitzel99","True"
"jbecke","Schnitzel99#Finance!","False"
"thandimoyo@gmail.com","hararehome","False"
"tmoyo","Hararehome@KYC2024","False"
"b.clarke84@btinternet.com","cotswoldswalk","False"
"bclark","Cotswoldswalk!MandA12","False"
"nguyen.minh.hcmc@gmail.com","phobo1000","False"
"mnguye","Phobo1000$CorporateBank","False"
"sato.chihiro@outlook.com","totoro99","True"
"csato","Totoro99!!Books","False"
"evelyn.reed.home@gmail.com","sunflower21","True"
"ereed","Sunflower21$$Class","False"
"katarina.novak84@mail.com","zumbafan","True"
"knovak","ZumbaFan2023!SpecEd","False"
"marcus_hoops@yahoo.com","jordan45","True"
"mwashington","Jordan45!!Athletics","False"
"nneka_okafor@gmail.com","lagosgirl","True"
"nokafor","LagosGirl2024!Dean","False"
"lucas.lefevre@laposte.net","baguette44","True"
"llefevre","Baguette44!!Professeur","False"
"hanna.weber.art@gmx.de","farben76","False"
"hweber","Farben76#ArtClass","False"
"soraya.rahimi90@outlook.com","perspolis","True"
"srahimi","Perspolis2024!FinAid","False"
"freja.lindstrom@tele2.se","fikatime10","False"
"flindstrom","FikaTime10!ProjectLead","False"
"nadia.kowalska@interia.pl","pierogilover","False"
"nkowalska","PierogiLover!Analytics24","False"
"tariq.javaid@yahoo.com","cricketbat07","False"
"tjavaid","CricketBat07$BackendProd","False"
"carlos.gutierrez@gmail.com","tacostuesday4","False"
"cgutierrez","TacosTuesday4#ReleasePortal","False"
"lars.hansen.cph@mail.dk","vikingnord","True"
"lhansen","VikingNord!FirmwareSecure1","False"
"igor.morozov.it@mail.ru","taigabear77","False"
"imorozov","TaigaBear77#InfraSupport24","False"
"jihoon.kwon@naver.com","starcraft2","True"
"jkwon","Starcraft2$Production","False"
"ingrid.berg@gmail.com","fjordtrek","False"
"iberg","FjordTrek!Nordic456","False"
"zane.makoni@zoho.com","zambezi99","True"
"zmakoni","Zambezi99#AdminPass1","False"
"liwei_arch@163.com","autocadfan","False"
"wli01","Autocadfan@2023#","False"
"fionag_galway@outlook.com","shamrock82","True"
"fgallagher","Shamrock82!Build!","False"
"p_kowalski77@wp.pl","oakwood88","True"
"pkowalski","Oakwood88#WoodShop1","False"
"sammyade89@yahoo.com","chelsea2012","True"
"sadebayo","Chelsea2012!Works#","False"
"maitran_hanoi@gmail.com","phoandbanhmi","False"
"mtran","Phoandbanhmi@2024!","False"
"dgomez_masonry@gmail.com","bocajuniors","True"
"dgomez","Bocajuniors#2024!","False"
"johan.merwe79@gmail.com","springbok07","True"
"jmerwe","Springbok07!Super#","False"
"chen.meiling77@outlook.com","bobatea99","True"
"mchen_admin","Bobatea99!School","False"
"mateo_guitar@icloud.com","fenderstrat","True"
"mhernand","Fenderstrat@2023!","False"
"jpdubois@free.fr","marseille13","True"
"jdubois_reg","Marseille13#Office","False"
"tariq_hoops@gmail.com","ballislife","True"
"tbradley","Ballislife#Gym2024","False"
"sid.rao.dev@gmail.com","linuxkernel","True"
"srao_cs","Linuxkernel@Admin24","False"
"nadia.volkov91@mail.ru","sunflower08","True"
"nvolkov","Sunflower08!Classroom","False"
"elw_chicago@yahoo.com","chicagobears","True"
"ewashington","Chicagobears#District1","False"
"liam.davies.cello@outlook.co.uk","bachcellosuite","True"
"ldavies","Bachcellosuite@101","False"
"daphne.kyriakou@cytanet.com.cy","mediterranean","True"
"dkyriakou","Mediterranean!Students","False"
"boyoung.kim94@daum.net","hanriverrun","False"
"bkim_id","Hanriverrun#OnlineEd","False"
"chpark91@naver.com","chocopie07","True"
"cpark02","Chocopie07$$Med","False"
"evelyn.vance58@comcast.net","marthasvineyard","True"
"evance","Marthasvineyard$2024","False"
"tariq.alhamad@gmail.com","falafelwrap","False"
"talhamad","Falafelwrap!2024","False"
"ingrid.vdmeer@planet.nl","stroopwafel","True"
"ivandermeer","Stroopwafel*2024!","False"
"sam.kipchoge@gmail.com","eldoretrunner","False"
"skipchoge","Eldoretrunner@777","False"
"meiling.zhou@qq.com","bobaheaven","False"
"mzhou5","Bobaheaven!8888","False"
"dcampbell83@yahoo.com","bluejayfan","True"
"dcampbell","Bluejayfan#2024!","False"
"zainab.adebayo@gmail.com","suyaandjollof","False"
"zadebayo","Suyaandjollof!99","False"
"soren.kristensen@mail.dk","smorrebrod","True"
"skristensen","Smorrebrod$2024!","False"
"carlitos_gomez@gmail.com","boxerpuppy","True"
"cgomezlp","Boxerpuppy#2024Security","False"
"chloe.martin.paris@laposte.net","chatonbleu","True"
"cmartin09","Chatonbleu123!Cashier","False"
"camila.silva.sp@gmail.com","samba2016","True"
"csilva03","Samba2016!Operations","False"
"sid.rao.tech@gmail.com","cricketfan07","False"
"sraoPOS","Cricketfan07!POSTech","False"
"thanh.nguyen.saigon@gmail.com","pho2021","True"
"tnguyen05","Pho2021@ProduceDept","False"
"hana_novakova@seznam.cz","prahabridge","False"
"hnovakova","PrahaBridge#School1","False"
"lucas.fischer.berlin@web.de","alpenrose","True"
"lfischer","AlpenRose*1989","False"
"v.novak.prague@seznam.cz","pilsner92","True"
"vnovak","!Pilsner92#CorpSys","False"
"aaliyah.khan.sec@gmail.com","badminton05","True"
"akhan","Badminton05$$Secure!","False"
"jihoon.park.kr@naver.com","sonny7tottenham","False"
"jpark","Sonny7tottenham!2024","False"
"ingrid.solberg@online.no","fjordhike","False"
"isolberg","Fjordhike#Connect99!","False"
"tenzin.dorjee.it@gmail.com","momozen","True"
"tdorjee","Momozen!Enterprise24","False"
"danielle.smith.dev@gmail.com","puglover","True"
"dsmith","Puglover@Access2024!","False"
"arash.rostami.teh@gmail.com","damavand567","False"
"arostami","!Damavand567#RootAccess","False"
"tariq.alfassi@hotmail.com","desertfox","True"
"talfass","DesertFox$1988#Safe","False"
"baba.adebayo@gmail.com","arsenalfc","True"
"badebay","ArsenalFC*2024#Win","False"
"minh.nguyen94@vnn.vn","hanoipho","True"
"mnguyen","HanoiPho#12345678!","False"
"isabella.costa@terra.com.br","ipanema99","True"
"icosta1","Ipanema99$RioDeJaneiro","False"
"jonas.schmidt.hh@web.de","stpauli89","True"
"jschmid","StPauli89!FinancePass","False"
"khadija.diallo@yahoo.fr","teranga22","False"
"kdiallo","Teranga22@DakarBank!","False"
"seamus.burke@eircom.net","galwaybay","True"
"sburke7","GalwayBay#Dublin2024","False"
"nurul.hidayah@gmail.com","kuchingcat","True"
"nhidaya","KuchingCat@Sharia2024","False"
"jackmac1986@btinternet.com","heineken00","True"
"jmacintyre","Heineken00$$Trade!","False"
"ducnguyen1980@gmail.com","hanoicity","True"
"vduc","Hanoicity##2024!","False"
"anja.schneider81@gmx.de","riesling05","True"
"aschneider","Riesling05$$AirCon","False"
"nadia.alhassan@outlook.com","oliveoil22","True"
"nalhassan","Oliveoil22##Green!","False"
"ramon.castillo@terra.com.mx","veracruz14","True"
"rcastillo","Veracruz14!!Roofing","False"
"aurelie.dubois89@free.fr","croissant3","True"
"adubois","Croissant3%%Project","False"
"krzysiek_k@wp.pl","legiawarszawa","True"
"kkowalski","LegiaWarszawa$Site1","False"
"tariq_heavyiron@gmail.com","mustang67","True"
"twashington","Mustang67!Torque#","False"
"jp.ndaye@yahoo.fr","kinshasa243","True"
"jndaye","Kinshasa243!BTP2024","False"
"seojun_park77@naver.com","jejudo2019","False"
"sjpark","Jejudo2019@VoltPower","False"
"vanduc_nguyen@fpt.vn","pho24hanoi","False"
"vdnguyen","Pho24Hanoi#Safe2024","False"
"zofia_w1985@interia.pl","tatramountains","True"
"zwisniewska","TatraMountains#Steel24","False"
"leila_moradi_teh@gmail.com","damavandtrek","False"
"lmoradi","Damavandtrek!Fitout#1","False"
"marcus_visser@planet.nl","amsterdamnoord","True"
"mvisser","Amsterdamnoord!Demo2024","False"
"priya.style.designs@yahoo.in","marigoldtea","False"
"psharm2","Marigoldtea!2024","False"
"liam.scot89@outlook.com","cairnterrier","True"
"lmacle1","Cairnterrier$999","False"
"amina.mansoor91@hotmail.com","falafeltime","True"
"aalman3","Falafeltime@retail1","False"
"carlosgomez_bass@gmail.com","fenderjazz92","False"
"cgomez8","Fenderjazz92!!Shift","False"
"elena_rostova77@mail.ru","babushka99","True"
"erosto1","Babushka99$$Sec","False"
"kwame_mensah90@gmail.com","kumasiroyal","False"
"kmensa2","Kumasiroyal*2024!","False"
"chloe.dubois.paris@orange.fr","soleildete","True"
"cduboi5","Soleildete@Paris123","False"
"siti.nur88@yahoo.com","kuchingcat","True"
"snurha1","Kuchingcat!Store12","False"
"fatima.zahra.cas@gmail.com","mintteaplease","False"
"fzahra2","Mintteaplease&1234","False"
"lucas.silva.fla@globo.com","flamengo81","True"
"lsilva7","Flamengo81!TechZone","False"
"hannah.schmidt94@web.de","brezelzeit","False"
"hschmi4","Brezelzeit!Office9","False"
"diego.hernandez.cdmx@gmail.com","tacosalpastor","True"
"dherna9","Tacosalpastor@Order1","False"
"yuki.tanaka.jp@ezweb.ne.jp","shibainu20","True"
"ytanak1","Shibainu20#RetailOps","False"
"aoife.oconnor.eire@gmail.com","connemara","True"
"aoconn3","Connemara%CashDesk1","False"
"nia_robinson23@yahoo.com","candlemaker","True"
"nrobin4","Candlemaker$Floor24","False"
"tunde.adebayo9@gmail.com","superfalcons","True"
"badeba1","Superfalcons@Dock08","False"
"ananya.patel.rx@gmail.com","sitarmusic","True"
"apatel6","Sitarmusic#RxPortal9","False"
"giacomo.marino95@libero.it","vespa150cc","True"
"gmarin2","Vespa150cc!Fresh100","False"
"olga.ivanova.spb@yandex.ru","dostoevsky","True"
"oivano1","Dostoevsky@Returns24","False"
"jason.miller.outdoor@gmail.com","bassfishing","True"
"jmille8","Bassfishing#SecDesk1","False"
"meiling.zhou.tw@gmail.com","bobaaddict","False"
"mzhou02","Bobaaddict!Apparel01","False"
"mateo.alvarez92@yahoo.com","bocajuniors","True"
"malvare","BocaJuniors2024!","False"
"k_appiah@yahoo.co.uk","chelsea05","True"
"kappia","Chelsea05!BloodLab","False"
"sofia.m.records@gmail.com","chihuahua","True"
"smoral","Chihuahua#2023!","False"
"aaliyah.k@gmail.com","biryani4life","True"
"akhan01","Biryani4life!OT24","False"
"ingrid.mueller@gmx.de","schatzi12","True"
"imuell","Schatzi12#Cardio","False"
"aris.thorne@icloud.com","dune1965","True"
"athorn","Dune1965#HospInfo","False"
"mariavlahos@otenet.gr","opa2018","True"
"mvlaho","Opa2018!GeneralICU","False"
"dcohen_sw@yahoo.com","shalom36","True"
"dcohen","Shalom36!SocialCare","False"
"priyasen_kolkata@yahoo.com","rasgulla12","True"
"psen01","Rasgulla12#EduAdmin","False"
"kavita.books@gmail.com","mowglipet","False"
"knair02","Mowglipet#Library1","False"
"mei_tanaka_osaka@outlook.jp","matchalatte","True"
"mtanaka","Matchalatte@2024Desk","False"
"thiago_samba@bol.com.br","maracana10","True"
"tsilva2","Maracana10@LabAccess!","False"
"zainab_khatib@gmail.com","safecare1","True"
"zalkhatib","Safecare1!Clinic2024","False"
"park_minho_kr@naver.com","starcraft2","True"
"mpark8","Starcraft2#LabPhysics","False"
"rosa_hernandez77@hotmail.com","chihuahua04","True"
"rhernandez","Chihuahua04@Kitchen!","False"
"siti_nh88@gmail.com","kucingcomel","True"
"snurha","Kucingcomel#9988!","False"
"ananya_roy_kolkata@rediffmail.com","chocolava88","True"
"aroy01","Chocolava88#AdminPOS","False"
"twisniewski_gdansk@onet.pl","warszawa92","True"
"twisni","Warszawa92$Retail!","False"
"zoe_jenkins_nz@xtra.co.nz","kiwibird21","True"
"zjenki","Kiwibird21#Fulfill24","False"
"sokolov_dmitry@bk.ru","taiga2018","True"
"dsokol","Taiga2018!SecurityGuard","False"
"nia.washington96@gmail.com","sunflower96","True"
"nwashi","Sunflower96!Workplace#","False"
"youssef_trabelsi@topnet.tn","tunis1000","False"
"ytrabe","Tunis1000@ReturnsRetail","False"
"maria_santos_cebu@yahoo.com","sinigangsarap","False"
"msanto","Sinigangsarap2024$Cashier","False"
"sunwoo_park_seoul@naver.com","gangnamstyle7","True"
"spark0","Gangnamstyle7!DisplayWork","False"
"dnowak.physics@wp.pl","tatramountains","True"
"dnowak","TatraMountains%2024","False"
"siobhan.murphy@eircom.net","muffinthedog","True"
"smurphy","Muffinthedog@2022!","False"
"hanna.midwife@tele2.se","sommarstuga","True"
"hjansson","Sommarstuga#7788!","False"
"gpappas.ortho@otenet.gr","santoriniblue","True"
"gpappas","Santoriniblue!Bones1","False"
"carlos.mendes.rio@gmail.com","flamengo81","True"
"cmendes","Flamengo81##QAlead","False"
"rossi.alessandro.roma@gmail.com","vespa1985","True"
"arossi","Vespa1985#Corporate!","False"
"chloe.nguyen.dev@gmail.com","pho_bo2020","False"
"cnguyen","Pho_bo2020!Pass123","False"
"juan.bautista.ar@gmail.com","asado2015","True"
"jbautista","Asado2015#K8sAdmin!","False"
"ingrid.bergman.sthlm@gmail.com","aurora08","True"
"ibergman","Aurora08!Platform24","False"
"sunita_sharma@yahoo.co.in","roopamypet","False"
"ssharma1","Roopamypet#12345","False"
"lindqvist.lars@telia.com","volvo240gl","True"
"llindqvi","Volvo240gl$$Work","False"
"priyapatel.retail@gmail.com","chaiandparatha","False"
"ppatel3","Chaiandparatha#24","False"
"diego_silva_sp@uol.com.br","flamengo1981","True"
"dsilva9","Flamengo1981!!Shift","False"
"niamhmurphy_96@eircom.net","dublinbaysurf","False"
"nmurphy","Dublinbaysurf%01","False"
"jihoon.kwon85@daum.net","starcraftbrood","True"
"jkwon2","Starcraftbrood!99","False"
"gabriela.gomez.mx@gmail.com","canelitamiperra","False"
"ggomez1","Canelitamiperra@Store","False"
"jonas.vanhove@telenet.be","gaufredebelgique","False"
"jvanhove","Gaufredebelgique#1","False"
"sara.lindholm@swipnet.se","fikaandkanel","False"
"slindho","Fikaandkanel+2023","False"
"arjun_nair_security@rediffmail.com","keralavillager","False"
"anair8","Keralavillager!Lock","False"
"zara.jamil91@gmail.com","cashewbaklava","False"
"zaljamil","Cashewbaklava$$Vault","False"
"jack_thompson78@bigpond.com","holdenv8ute","True"
"jthomp2","Holdenv8ute@Logistics","False"
"kenji.sato.jp@yahoo.com","gundamfan99","True"
"ksato33","Gundamfan99$$Work","False"
"kmensah.accra@gmail.com","chelseafc11","True"
"kmensah4","ChelseaFC11!Security","False"
"dupont.chloe89@laposte.net","croissant7","True"
"cdupont2","Croissant7#RetailStore","False"
"sofia_hdz@hotmail.com","tacosalpastor","True"
"shernandez8","Tacosalpastor!2024","False"
"tariq.aziz.ae@gmail.com","falconfast","True"
"taziz05","Falconfast#Shift1!","False"
"nicoletta.moretti@virgilio.it","bellaciao21","True"
"nmoretti","BellaCiao21!Store","False"
"tmokoena.joburg@gmail.com","orlandopirates","True"
"tmokoena2","OrlandoPirates*2024","False"
"jihoon_park85@naver.com","kimchiboy","True"
"jhpark12","Kimchiboy1234$$$","False"
"fatima.zahra.casablanca@yahoo.fr","minttea77","True"
"fzahra01","Minttea77!Register","False"
"bao.nguyen.saigon@gmail.com","cafesuada","True"
"bnguyen3","Cafesuada#Dock101","False"
"zoe.campbell.syd@gmail.com","surfergirl01","True"
"zcampbell","Surfergirl01@RetailHQ","False"
"mikhail_ivanov93@yandex.ru","taigawolf","True"
"mivanov1","Taigawolf!Prices24","False"
"mariam.keita.bamako@gmail.com","goldensun88","True"
"mkeita02","GoldenSun88$Jewels","False"
"daniel.kim.vancouver@shaw.ca","canuckshockey","True"
"dkim88","Canuckshockey#Shift99","False"
"ines_santos_lisboa@sapo.pt","pasteldebelem","True"
"isantos4","Pasteldebelem!Store1","False"
"arjun.patel.leicester@gmail.com","cricketfan07","False"
"apatel00","Cricketfan07*Manager","False"
"mweber_bau@web.de","harleydavidson","True"
"mweber","Harleydavidson#1985","False"
"nia_roberts_cymru@hotmail.com","snowdonia94","False"
"nroberts","Snowdonia94!!Plan","False"
"jocelyn.tremblay.mtl@videotron.ca","canadiens24","True"
"jtremblay","Canadiens24!Montreal","False"
"emre.yilmaz.welding@mynet.com","fenerbahce","True"
"eyilmaz","Fenerbahce!1907Weld","False"
"kasia.zietek.green@wp.pl","krakowgarden","False"
"kzietek","Krakowgarden$2024Park","False"
"samuel.osei.accra@gmail.com","blackstars10","True"
"sosei","Blackstars10#GhanaBuild","False"
"thang.nguyen.hanoi@gmail.com","pho12345","True"
"nthang","Pho12345#Concrete24","False"
"goran.dragic.lj@gmail.com","kosarka77","True"
"gdragic","Kosarka77*HVACwork","False"
"caner_demir34@mynet.com","fenerbahce","True"
"cdemir","Fenerbahce34!Weld","False"
"kari.mustonen@luukku.com","sauna1979","True"
"kmustonen","Sauna1979#Nordic2024","False"
"murphy_liam_cork@gmail.com","redsetter05","False"
"lmurphy","Redsetter05#TimberBuild","False"
"beatrice.campbell.nz@xtra.co.nz","allblacks07","True"
"bcampbell","Allblacks07$ZeroHarm","False"
"vandijk_dirk@planet.nl","tulip77","True"
"dvandijk","Tulip77!Digging#24","False"
"yasmin_haddad@yahoo.com","cedar22","True"
"yhaddad","Cedar22#GreenSite!","False"
"tomasz.wojcik@wp.pl","warszawa","True"
"twojcik","Warszawa!Wood#2024","False"
"daanish.khan@gmail.com","karachi1","True"
"dkhan03","Karachi1!Survey2024","False"
"kenji_sato_jp@gmail.com","shiba_inu07","False"
"ksato22","Shiba_inu07!Tokyo","False"
"ananya.roy91@gmail.com","darjeeling9","True"
"aroy4","Darjeeling9$$Quant","False"
"tariq.harbi@gmail.com","falconry1","True"
"talharb","Falconry1#GlobalBank","False"
"leila.benali@outlook.fr","jasmine22","True"
"lbenali","Jasmine22$$Corp!","False"
"marek.novak.prague@seznam.cz","slaviaprague","True"
"mnovak5","Slaviaprague#2024$","False"
"nadia.youssef.cairo@gmail.com","zamalek1911","True"
"nyoussef","Zamalek1911!Trade$","False"
"soraya.rahmani@gmail.com","persiancat01","False"
"srahman","Persiancat01#Retail*","False"
"aiko.tanaka@yahoo.co.jp","sakura04","True"
"atanaka3","Sakura04#Tokyo#","False"
"amara.okonjo@gmail.com","afrobeats","True"
"aokonjo","Afrobeats!2023#","False"
"sunita.patel88@gmail.com","diwali2018","True"
"spatel9","Diwali2018@MedCoder","False"
"meiling.zhou95@163.com","dimsumlover","True"
"mzhou4","Dimsumlover123!","False"
"ceze89@yahoo.com","blessedchild","True"
"ceze2","Blessedchild!2024","False"
"devraj.sharma@gmail.com","cricketfan","True"
"dsharma","Cricketfan#100!","False"
"minjun.kim78@naver.com","seoulhiker","False"
"mkim7","Seoulhiker!2024@","False"
"ananya.iyer90@gmail.com","veggiesoup","True"
"aiyer6","Veggiesoup!Rx2024","False"
"lucas.fernandez@gmail.com","riverplate","True"
"lfernandez","Riverplate1901!#","False"
"hannah.mueller89@web.de","alpenhorn","True"
"hmueller","Alpenhorn@2024!","False"
"yuki.sato.sec@gmail.com","shinjukurock","False"
"ysato","Shinjukurock#1122","False"
"stefan.mueller.hh@web.de","brezelzeit","False"
"smueller","Brezelzeit!2024#","False"
"aoi_takahashi_rx@outlook.com","matchalatte","True"
"atakahas","MatchaLatte@Rx99","False"
"lars.lindstrom.pt@gmail.com","volvov70","True"
"llindstr","VolvoV70#Therapy!","False"
"sunita.patel84@yahoo.com","diwali55","True"
"spatel01","Diwali55#LabBlood!","False"
"chao.chen.lab@163.com","badminton88","True"
"cchen04","Badminton88$LabTech","False"
"anja.schneider.trans@web.de","berlinwall","True"
"aschneid","BerlinWall!1989Dict","False"
"minjun.kim.icu@naver.com","starcraft2","True"
"mjkim02","Starcraft2!!IcuShift","False"
"dr.ysokolov@mail.ru","chessmaster","True"
"ysokolov","ChessMaster#Pathology","False"
"einar_j_iceland@gmail.com","reykjavik","True"
"ejonsson","Reykjavik#Xray2024","False"
"soraya.rahmani.cardio@gmail.com","saffronrose","True"
"srahmani","SaffronRose@EchoLab1","False"
"hana.zahrani.rt@gmail.com","desertrose7","True"
"hzahrani","DesertRose7#BreatheNow","False"
"jrossi.embedded@yahoo.com","ducati999","True"
"jrossi","Ducati999!!WorkPass","False"
"priyantha.db@gmail.com","ceylontea","True"
"pjayawardena","CeylonTea#Admin2024","False"
"nadia.security@proton.me","cybershadow","True"
"nivanova","CyberShadow#SecOps99","False"
"zainab.qasim.docs@gmail.com","bookworm88","True"
"zqasim","Bookworm88!Spring24","False"
"bao.hoang.soc@gmail.com","phoforever","True"
"bhoang","PhoForever2024@SOC","False"
"chenwei.design@163.com","bobatea07","False"
"wchen3","BobaTea07!Display","False"
"sato.takashi85@yahoo.co.jp","ramenlover","True"
"tsato8","RamenLover#Retail24","False"
"deepak.cricket@gmail.com","viratkohli","True"
"dpatel2","ViratKohli#Pack2024","False"
"ingrid.lindstrom@tele2.se","fikatime","True"
"ilindst","FikaTime123$Register","False"
"carlosg_warehouse@gmail.com","bocajuniors","True"
"cgomez7","BocaJuniors!Shift1","False"
"p_kowalski@wp.pl","warszawa19","True"
"pkowals","Warszawa19#DockLoad","False"
"tariq_edwards@live.com","reggaebeats","True"
"tedward","ReggaeBeats99!SecOps","False"
"silva.lucas@uol.com.br","flamengo81","True"
"lsilva9","Flamengo81!Vendas24","False"
"minho.park93@naver.com","starcraft2","True"
"mpark02","StarCraft2!FloorTech","False"
"vance_marcus@protonmail.com","mustang67","True"
"mvance1","Mustang67!Returns2024","False"
"leila.mansoor@yahoo.com","yasminflower","True"
"almansl","YasminFlower#2023","False"
"ananya.cad@gmail.com","masalachai07","False"
"sharmaa","MasalaChai07#Work","False"
"carlos_gomez_77@hotmail.com","azulcrema10","True"
"gomezc","AzulCrema10$Site","False"
"chloemartin91@gmail.com","bordeauxwine","True"
"cmartin9","BordeauxWine!1234","False"
"jorge_volt@protonmail.com","sparkycat7","True"
"jhernand","SparkyCat7#Volt99","False"
"amira.green@gmail.com","kilimanjarosun","False"
"akassam","KilimanjaroSun!Eco24","False"
"danilo_flamengo@uol.com.br","maracana1981","True"
"dsantos","Maracana1981@Steel","False"
"freja.nielsen@mail.dk","hyggeaften05","False"
"fnielsen","Hyggeaften05#GeoSite","False"
"sam.kiprono@yahoo.com","eldoretchamps","False"
"skiprono","EldoretChamps!Road1","False"
"jack.tremblay@videotron.ca","habsforever76","False"
"jtrembl","HabsForever76#Smash","False"
"thao.nguyen89@gmail.com","saigoncoffee","False"
"tnguyen8","SaigonCoffee#Lab2024","False"
"liam_gallagher_91@outlook.com","mancityfc","True"
"lgalla03","ManCityFC#2024secure","False"
"fatima_pharm@hotmail.com","jasmine84","True"
"falmans4","Jasmine84$RxMed2024","False"
"chen.wei.data@qq.com","panda99","True"
"wchen05","Panda99!DataAnalytics","False"
"sofia.er.doc@gmail.com","chiquita12","True"
"sherna06","Chiquita12#ERDocAccess","False"
"kofi_mensah_gh@yahoo.com","kumasi06","True"
"kmensa07","Kumasi06!Surgery2024","False"
"o.ivanova_lab@mail.ru","matryoshka","True"
"oivano08","Matryoshka@LabMed99","False"
"tariq.hadad.rehab@gmail.com","falafel4life","False"
"thadad09","Falafel4life!RehabClinic","False"
"ingrid.lindstrom@icloud.com","fika2020","True"
"ilinds10","Fika2020#AdminHealth","False"
"baonguyen_90@gmail.com","pho2012","True"
"bnguye11","Pho2012#KidneyHealth1","False"
"amara_okafor@gmail.com","chiamaka9","True"
"aokafo12","Chiamaka9$SanitizeSafe","False"
"lukas.weber.ems@gmx.de","brezel77","True"
"lweber13","Brezel77@EMSRescue112","False"
"camila.silva.rn@hotmail.com","pipoca22","True"
"csilva14","Pipoca22!ICUNurseShift","False"
"kenji_sato_med@yahoo.co.jp","matcha03","True"
"ksato15","Matcha03#HIMRecords99","False"
"elena_dumitru_phleb@gmail.com","dacia2018","True"
"edumit16","Dacia2018$BloodDrawLab","False"
"jp.dubois.doc@orange.fr","baguette1","True"
"jduboi17","Baguette1!AnesthesiaCare","False"
"priya.nutrition@gmail.com","chai33","True"
"ppatel18","Chai33#NutritionWellness","False"
"carlos_gomez_cr@yahoo.com","tigre2019","True"
"cgomez19","Tigre2019@PatientCare01","False"
"zainab_begum_mw@outlook.com","biryani01","True"
"zbegum20","Biryani01$LaborDelivery!","False"
"dmitry.morozov.echo@gmail.com","baikal05","True"
"dmoroz21","Baikal05!SonarScanWard","False"
"hannah_c_ot@gmail.com","biscuit10","True"
"hclark22","Biscuit10#OTTherapyClinic","False"
"youssef_nader_finance@yahoo.com","cairo1995","True"
"ynader23","Cairo1995$BillingMedClaims","False"
"minjun_kim_cardio@naver.com","kimchi7","True"
"mkim24","Kimchi7@CardioCareHeart","False"
"chloe.martin.trials@gmail.com","croissant8","True"
"cmarti25","Croissant8!TrialProtocol","False"
"chidi_okafor@hotmail.com","jollofrice","True"
"cokafo","Jollofrice@Work1","False"
"joowon_park@daum.net","bibimbap88","True"
"jpark01","Bibimbap88!Trade","False"
"sofie.lindholm@gmail.com","fikaeveryday","True"
"slindh","Fikaeveryday@2024","False"
"priya.nair.fin@gmail.com","kathakali","True"
"pnair02","Kathakali!Bank24","False"
"m_ivanov_83@inbox.ru","taigaforest","True"
"mivano","Taigaforest_2023$","False"
"einar_jonsson@simnet.is","reykjavik99","True"
"ejonss","Reykjavik99#BankSec","False"
"zanele.dlamini@webmail.co.za","proteaflower","True"
"zdlami","Proteaflower!99$","False"
"amina.bouzid@laposte.net","couscous123","True"
"abouzi","Couscous123@Fintech","False"
"callum.macleod.edin@gmail.com","highlandcoo","True"
"cmacle","Highlandcoo!Bank1","False"
"nia.williams.edu@gmail.com","honeybee","True"
"nwilliams","Honeybee$PreschoolAdmin","False"
"grace.wanjiku_ke@yahoo.com","safari21","True"
"gwanjiku","Safari21#DeanOfStudents","False"
"finn.vandermeer@ziggo.nl","stroopwafel","True"
"fvandermeer","Stroopwafel&EdTech2024","False"
"elena.rostova@mail.ru","matryoshka99","True"
"erostov1","Matryoshka99#Bank","False"
"mvance_golf@yahoo.com","birdieputt4","True"
"vance_m","!Birdieputt42023","False"
"kenji.takahashi@tokyo-net.jp","ramenlover1","True"
"ktakah1","Ramenlover1!Tokyo","False"
"chantal.dubois@orange.fr","chocolatchaud","True"
"cdubois2","Chocolatchaud#2024","False"
"mateo_hdz@hotmail.com","guadalajara01","True"
"mhernan7","Guadalajara01$$$","False"
"lukas.weber85@gmx.de","berlinwandern","False"
"lweber3","Berlinwandern!123","False"
"fiona.g.irish@yahoo.co.uk","dublincat12","False"
"fgallag","Dublincat12*Secure","False"
"chenwei.quant@163.com","pandabear88","True"
"wchen9","Pandabear88$$2024","False"
"thiago_maracana@uol.com.br","flamengo1981","True"
"tsilva6","Flamengo1981#Work","False"
"tariq_sec@protonmail.com","bengaluru2019","True"
"tmanso1","Bengaluru2019@FinTech","False"
"k_kowalski@wp.pl","tatrymounts","False"
"kkowal2","Tatrymounts#0077","False"
"leila_farhat@inco.com.lb","cedarspring","True"
"lfarhat","Cedarspring!Summer","False"
"artie.pendelton@btinternet.com","surreygardens","False"
"apende1","Surreygardens2024!","False"
"yuki_tanaka@goo.ne.jp","sakurabloom","True"
"ytanaka3","Sakurabloom#0401","False"
"d.morozov.spb@yandex.ru","baikalwinter","False"
"dmoroz1","Baikalwinter$$24","False"
"gabi_souza89@terra.com.br","sambaepagode","True"
"gsouza9","Sambaepagode&2024","False"
"samuel.osei@ghanaweb.com","accramorning","False"
"sosei01","Accramorning@Corp1","False"
"camila.fernandez.design@gmail.com","patagoniahike","False"
"cfernandez","PatagoniaHike!123","False"
"chen.hao.ai@163.com","bubbleteasugar","False"
"hchen02","BubbleTeaSugar_888","False"
"zoe.miller.pdx@gmail.com","coldbrewmocha","False"
"zmiller","ColdBrewMocha!99","False"
"gaston.mercier@laposte.net","bordeauxwine","True"
"gmercier","BordeauxWine@2022","False"
"dhkim_dev@naver.com","starcraftpro","True"
"dhkim","StarCraftPro!99","False"
"soraya.naderi@gmail.com","persiancarpet","True"
"snaderi","PersianCarpet$100","False"
"igor.petrenko@ukr.net","chernobyltour","False"
"ipetrenko","ChernobylTour@86","False"
"meiling.wu.tw@gmail.com","tarokogorge","False"
"mlwu","TarokoGorge$886","False"
"sunyoung.park.md@daum.net","dubu1024","False"
"sypark","Dubu1024!Anesth","False"
"lars.vanderbeek@ziggo.nl","ajaxamsterdam4","True"
"lvanderb","Ajaxamsterdam4#Rehab","False"
"zainab.alhassan@hotmail.com","karakchai3","False"
"zalhass","Karakchai3$ICUNurse","False"
"beatrice.ndege@gmail.com","kilimanjaro9","True"
"bndege","Kilimanjaro9!Admin","False"
"gabriel.dumont@videotron.ca","habshockey20","False"
"gdumont","Habshockey20@EMS!","False"
"chioma.okeke@yahoo.com","amalaegusi55","False"
"cokeke","Amalaegusi55$NICU","False"
"dpapadopoulos.ortho@gmail.com","santorini88","True"
"dpapado","Santorini88#BoneDoc","False"
"camila.morales.chile@gmail.com","patagonia22","True"
"cmorale","Patagonia22!WorkSafe","False"
"hai.nguyen.records@gmail.com","hanoistreet","False"
"vhnguyen","Hanoistreet*HIM2024","False"
"siobhan.kelly.midwife@gmail.com","celticshamrock","False"
"skelly","Celticshamrock!L&D","False"
"tariro.chigumba@outlook.com","victoriafalls4","False"
"tchigum","Victoriafalls4%Renal","False"
"jonas.meyer.berlin@web.de","technokeller","False"
"jmeyer02","Technokeller2024!","False"
"gnovak_prague@seznam.cz","slaviapraha","True"
"gnovak","SlaviaPraha#2024","False"
"zainab_khartoum@gmail.com","nileriverbless","False"
"zbadawi","NileRiverBless!99","False"
"chiamaka.okoro@yahoo.com","obim2012","False"
"cokoro","Obim2012*DeanOffice","False"
"ingrid.bn@nordicmail.com","fjordwalk","False"
"inilsen","FjordWalk@Admissions!","False"
"hanna.zielinska.pl@gmail.com","krakowlove","False"
"hzielinska","KrakowLove%Lang2024","False"
"yara.morales.slp@gmail.com","colibri123","True"
"ymorales","Colibri123*SpeechTherapy","False"
"aaliyah.j96@gmail.com","buttercup07","True"
"ajackson","Buttercup07#ICU","False"
"olga.smirn@yandex.ru","matryoshka","True"
"osmirnova","Matryoshka#8888","False"
"lucas.vanderbeek@ziggo.nl","oranje11","True"
"lvanderbeek","Oranje11$$Lab!","False"
"marcus.vogt@posteo.de","autobahn911","False"
"mvogt","Autobahn911@MRI!","False"
"chloe.tremblay.mtl@icloud.com","poutine2020","True"
"ctrembla","Poutine2020!Office","False"
"carlos.gomez.qa@gmail.com","realmadrid07","True"
"cgomez2","RealMadrid07#Winter!","False"
"freja.design.swe@gmail.com","fikafika42","False"
"flindst","FikaFika42##Access","False"
"hassan.tariq.pk@gmail.com","karachiking1","True"
"htariq","KarachiKing1!Auth24","False"
"lars.vandijk.nl@gmail.com","stroopwafel3","True"
"lvandijk","Stroopwafel3@Secured","False"
"thanh.nguyen.hanoi@gmail.com","phobo2015","False"
"tnguyen4","PhoBo2015#WebRelease","False"
"gisela.schmidt.berlin@gmx.de","apfelstrudel9","False"
"gschmidt","Apfelstrudel9!Audit1","False"
"mateo.silva.rio@gmail.com","flamengo1981","True"
"msilva81","Flamengo1981!Libertadores","False"
"chen.wei.quant@foxmail.com","xiaolongbao","True"
"wchen09","Xiaolongbao!2023","False"
"tariq.siddiqui88@gmail.com","lahorekarahi","True"
"tsiddiqui","Lahorekarahi#1234","False"
"aoi_takahashi@yahoo.co.jp","sakura0401","True"
"atakahashi3","Sakura0401#TokyoBank","False"
"sunita.patel1983@rediffmail.com","radha2006","True"
"spatel83","Radha2006!MumbaiFinance","False"
"alessandro.moretti92@libero.it","forzajuve","True"
"amoretti","Forzajuve#1985Torino","False"
"priya.nair.kerala@gmail.com","kannurbeach","False"
"pnair3","Kannurbeach!2024Kyc","False"
"ethan.ward.sydney@outlook.com","manlyferry","True"
"eward12","Manlyferry#99Summer","False"
"kovacs.kornel@freemail.hu","balaton91","True"
"kkovacs","Balaton91@BudapestCore","False"
"grace.kim.seoul@naver.com","kpopstan","True"
"gkim2","Kpopstan2024!Research","False"
"rossi.mateo88@gmail.com","milano2010","True"
"mrossi77","Milano2010!Retail","False"
"lukas.becker91@web.de","katerfelix","True"
"lbecker8","KaterFelix!9191","False"
"elena_rostova87@mail.ru","solnyshko","True"
"erostova1","Solnyshko$2023!","False"
"liamoc94@eircom.net","celticsfan","True"
"loconnor5","CelticsFan#1Green","False"
"fati.zahra22@hotmail.com","marrakech7","True"
"fzahra9","Marrakech7$$Work","False"
"ananya.p.retail@gmail.com","mangolassi","True"
"apatel14","MangoLassi#100%","False"
"jbdupont82@orange.fr","tropezienne","True"
"jdupont6","Tropezienne!2024","False"
"minji_kwon96@daum.net","chococat","True"
"mkwon08","ChocoCat!9696$$","False"
"tariq_logistics@yahoo.com","redcamaro","True"
"tmansour3","RedCamaro2024$$","False"
"thandi.ndlovu@vodamail.co.za","durbansun","False"
"tndlovu7","DurbanSun#Summer1","False"
"kenji_sato_tech@yahoo.co.jp","ramenlover","True"
"ksato11","RamenLover#2024POS","False"
"sofia_silva89@uol.com.br","flamengo89","True"
"ssilva05","Flamengo89!Shift1","False"
"dima_volkov84@yandex.ru","siberia84","True"
"dvolkov9","Siberia84*WorkAccess","False"
"chukwudi_eze@yahoo.com","arsenalgunner","True"
"ceze12","ArsenalGunner@LP24","False"
"maria_santos1965@gmail.com","corazon65","True"
"msantos2","Corazon65!!Welcome","False"
"zoe_katsaros@outlook.com","santorini92","True"
"zkatsaros1","Santorini92$$SafeBox","False"
"eleni.papadop@hotmail.com","rethymno88","True"
"epapadop","Rethymno88@Build","False"
"thao.surveyor@gmail.com","dalatcoffee","False"
"vtnguyen","DaLatCoffee$Field1","False"
"vukovic.goran66@gmail.com","dunavriver","False"
"gvukovic","DunavRiver#Pipes24","False"
"marcus_oconnor@eircom.net","guinnesspint","True"
"moconnor","GuinnessPint@Build9","False"
"jack.davies.wales@gmail.com","snowdonpeak","False"
"jdavies","SnowdonPeak!OnSite77","False"
"siti.osman.audit@gmail.com","kucingcomel","True"
"sosman","KucingComel$Audit24","False"
"minh.nguyen92@gmail.com","honda125","True"
"vnguyen","Honda125@Const24","False"
"zhangwei_mep@163.com","xiaomi88","True"
"wzhang","Xiaomi88@Project1","False"
"pietervdm@mweb.co.za","springbok","True"
"pvandermerwe","Springbok!2023#","False"
"yuliana.fernandez@yahoo.com","perrito12","True"
"yfernandez","Perrito12#Estimates","False"
"roman.vanecek@seznam.cz","pilsnerurquell","True"
"rvanecek","Pilsnerurquell#1","False"
"hitoshi_sato@yahoo.co.jp","shinkansen","True"
"hsato","Shinkansen@Logistics1","False"
"johan.vandijk77@planet.nl","ajax1900","True"
"jvandijk","Ajax1900!Excavator","False"
"bilalkhan.rigging@gmail.com","cricket11","True"
"bkhan","Cricket11@Scaffold#","False"
"h.nielsen.cph@gmail.com","tuborg88","True"
"hnielsen","Tuborg1988#Roofing","False"
"jack_robinson_weld@outlook.com","harley99","True"
"jrobinson","Harley1999!WeldRig","False"
"zahra.ghasemi@gmail.com","damask15","True"
"zghasemi","Damask15!Landscape","False"
"kwame.asante.gh@yahoo.com","blackstars92","False"
"kasant01","Blackstars92#RadDept","False"
"priyanka.dsh@gmail.com","mumbaichaat07","False"
"pdeshmuk","Mumbaichaat07*Surgeon","False"
"zainab.kuwari@outlook.com","dohabreeze99","False"
"zalkuwar","Dohabreeze99$AdminDesk","False"
"sven_jansen@ziggo.nl","stroopwafel3","True"
"sjansen","Stroopwafel3!OrthoClinic","False"
"camila.duarte.br@gmail.com","ipanemasun87","False"
"cduarte","Ipanemasun87@DentalHealth","False"
"brynja_sigurd@simnet.is","eyjafjall9","False"
"bsigurda","Eyjafjall9#TrialCenter!","False"
"rossi_mateo91@gmail.com","intermilan1908","True"
"mrossi8","Intermilan1908!!","True"
"kim_sunwoo88@naver.com","jejuisland05","False"
"skim42","Jejuisland05#Rx!","False"
"biassilva@uol.com.br","sambaepagode","True"
"bsilva1","Sambaepagode!2024","False"
"schneider.klaus@gmx.de","alpenhorn84","False"
"kschneid","Alpenhorn84!!Hospital","False"
"chidike.eze@yahoo.com","lagoscity01","True"
"ceze11","Lagoscity01!Clinic","False"
"elena_morales95@gmail.com","chocolatecake","True"
"emorales","Chocolatecake#9900","False"
"tariq_cricket@live.com","lahoreqalandar","True"
"thashmi","Lahoreqalandar!1234","False"
"art_pendelton@comcast.net","gardeningfun","True"
"apendelt","Gardeningfun#1962","False"
"sato_kenji76@yahoo.co.jp","ramennoodles","True"
"ksato14","Ramennoodles@Tokyo1","False"
"aga_kowalska@wp.pl","krakowwawel","True"
"akowalsk","Krakowwawel!2024?","False"
"lucia_c@libero.it","tiramisulover","False"
"lcastigl","Tiramisulover*2024*","False"
"marcus.vance82@gmail.com","goldenretriever","True"
"vancem01","Goldenretriever2024!","False"
"liam.oconnor.dublin@outlook.com","celticfc1888","True"
"oconnl","Celticfc1888$$Work","False"
"rossi.sofia94@libero.it","vespatrip94","False"
"rossis","Vespatrip94@Autumn!","False"
"kenji.takahashi88@gmail.com","ramenlover","True"
"takahk","Ramenlover12345#","False"
"falmansoor_uae@gmail.com","falconeye9","True"
"almansf","!Falconeye9999!","False"
"lucas.silva_sp@uol.com.br","maracana1950","True"
"silval02","Maracana1950$$$","False"
"c.dupont.bordeaux@orange.fr","chocolatnoir","True"
"duponc","Chocolatnoir#2024","False"
"divanov.dev@mail.ru","chessmaster","True"
"ivanovd","Chessmaster#1024","False"
"amara.okafor@gmail.com","lagosbeaches","False"
"okafora","Lagosbeaches@2024.","False"
"hanna.lindqvist91@spray.se","fikapausen","False"
"lindqh","Fikapausen2024!Audit","False"
"cmendoza_mex@gmail.com","cancunsunsets","False"
"mendozc","Cancunsunsets@Fx24","False"
"tariq_cricket99@gmail.com","fastbowler","True"
"mahmot","Fastbowler99@Work","False"
"elena.popescu.ro@yahoo.com","bucharesti89","False"
"popese","Bucharesti89$$Pass","False"
"dkim_seoul@gmail.com","hangangnight","False"
"kimd05","Hangangnight!1122","False"
"nadia.benali.cas@gmail.com","menthemelissa","False"
"benaln","Menthemelissa%2024","False"
"elidrums97@hotmail.com","pearldrums","True"
"warde01","Pearldrums2024*Access","False"
"sunita.patel84@gmail.com","garbadance","False"
"patels03","Garbadance!@2024","False"
"mateo.gomez.bog@gmail.com","cafecolombia","True"
"gomezm","!Cafecolombia123","False"
"freja.nielsen@cphnet.dk","roskilde05","True"
"nielsf","Roskilde05!!Nordic","False"
"kwame.mensah.gh@gmail.com","blackstars92","False"
"mensak","Blackstars92##Secure","False"
"gracetan_sg@yahoo.com.sg","durianlover","True"
"tang04","Durianlover#Bank01","False"
"jkowalski_pol@wp.pl","tatramountains","True"
"kowalj","Tatramountains!Admin1","False"
"leila.yazdi.teh@gmail.com","shirazgarden","False"
"yazdil","Shirazgarden2024$$$","False"
"banerjee.priyanka@yahoo.com","roshogolla88","False"
"pbanerjee","Roshogolla88!Tech","False"
"diego_fdz@hotmail.com","chimichurri05","True"
"dfernandez","Chimichurri05!Prod","False"
"stefan.meyer78@web.de","nuerburgring","True"
"smeyer","Nuerburgring!2024$","False"
"chen.zhuo_hw@qq.com","badmintonking","True"
"zchen","BadmintonKing@888#","False"
"nadia.bouzid@laposte.net","olivetree44","True"
"nbouzid","OliveTree44!Secured","False"
"oliver.davies.writer@gmail.com","snooker147","True"
"odavies","Snooker147##Drafts","False"
"babatunde.lawal@gmail.com","afrobeats01","False"
"blawal","Afrobeats01*Corporate","False"
"sofia.giraldo@outlook.com","orquidea33","True"
"sgiraldo","Orquidea33!Release#","False"
"artem_sokolov@inbox.ru","baikalwater","False"
"asokolov","BaikalWater2024!Root","False"
"dirk_vanderbeek@kpnmail.nl","tulip74","True"
"dvanderbeek","Tulip74#Concrete!","False"
"mbrody_steel@yahoo.com","harley1985","True"
"mbrody","Harley1985#Steel123","False"
"tnorbu_mountains@gmail.com","yeti2021","True"
"tnorbu","Yeti2021#Transit!","False"
"bfischer_const@gmx.de","berlin66","True"
"bfischer","Berlin66!Facility#","False"
"evelyn.reed84@gmail.com","daisy2015","True"
"ereed41","Daisy2015!Compliance","False"
"rnair.cricket@yahoo.com","dhonifan07","False"
"rnair92","Dhonifan07#Risk2024","False"
"marcus.vance@outlook.com","bostonceltics","True"
"mvance8","Bostonceltics!2024","False"
"mateo.rossi@libero.it","vespa1988","True"
"mrossi55","Vespa1988!Milan#","False"
"dvolkov91@yandex.ru","redoctober","True"
"dvolkov7","Redoctober2024!$$","False"
"thabo.mbeki@gmail.com","springbok1","True"
"tmbeki3","Springbok1#Branch101","False"
"santos_isa@uol.com.br","ipanema82","True"
"isantos2","Ipanema82*Audit24","False"
"liamh_glasgow@gmail.com","scotwhisky","False"
"lhenders","Scotwhisky#AML2024","False"
"nadia.benali@live.fr","sahara2010","True"
"nbenali8","Sahara2010!Forex$","False"
"takahashi.k@yahoo.co.jp","shinjuku03","False"
"ktakahas","Shinjuku03#TokyoStock!","False"
"fz_maroc@gmail.com","casablanca7","True"
"fzahra11","Casablanca7@Support123","False"
"priya.sharma95@gmail.com","mumbaichai","False"
"psharma6","Mumbaichai123#M&A","False"
"oliver.tconti@bluewin.ch","genevalake","True"
"ocont21","Genevalake2024$$$Swiss","False"
"g_osei@gmail.com","blackstars9","True"
"gosei19","Blackstars9!SysAdmin","False"
"artemis.pappas@outlook.com.gr","olympus77","True"
"apappas4","Olympus77!FraudProtect","False"
"zoe.kmiller@gmail.com","pugsley09","True"
"zmiller5","Pugsley09!VaultAccess","False"
"tariq_mansour@hotmail.com","beirutsky","True"
"tmansou1","Beirutsky#CorpBank24","False"
"johan.lindstrom@spray.se","fikaBreak","False"
"jlindstrom","FikaBreak#2024SE","False"
"takahashi.tatsuya@gmail.com","ramenLover","False"
"ttakahashi","RamenLover#2024DB!","False"
"aaliyah.johnson.ai@gmail.com","jazzyNight","False"
"ajohnson","JazzyNight!Summer2024","False"
"gkcampbell@yahoo.co.uk","daffodil92","True"
"gcampbell","Daffodil92$Yard","False"
"enzo_rossi_pietra@libero.it","vespaprima","False"
"vrossi","Vespaprima#1977","False"
"murphy.scaffolding@eircom.net","galwaybay88","True"
"pmurphy","Galwaybay88!Scaff","False"
"jonas.varga@freemail.hu","balatonblue","False"
"jvarga","Balatonblue#Dev2024","False"
"hina.patel@rediffmail.com","garbaqueen","False"
"hpatel","Garbaqueen%Office365","False"
"meiling.chen91@gmail.com","milothetabby","False"
"mchen4","MiloTheTabby!2024","False"
"david.kim.onco@yahoo.com","seoulbite88","False"
"dkim7","SeoulBite88#Health","False"
"lucas.vandenberg@xs4all.nl","tuliptracker","False"
"lvandenberg","TulipTracker#Nurse24","False"
"cruz_dispatch@gmail.com","corvette67","True"
"acruz","Corvette67#Dispatch1!","False"
"rachel.goldstein.sw@gmail.com","shalompeace","True"
"rgoldstein","ShalomPeace#Palliative1","False"
"luke.weber84@web.de","apfelstrudel","True"
"lweber9","Apfelstrudel2024!","False"
"liam_dublin90@gmail.com","guinness7","True"
"loconnor4","Guinness7!Bankpass","False"
"sora.takahashi@gmail.com","shibainu01","True"
"stakahas","Shibainu01@Tokyo","False"
"sophie_martin12@free.fr","chocolat99","True"
"smartin8","Chocolat99!Access","False"
"ingrid.lindholm@outlook.com","fika1985","True"
"ilindhol","Fika1985#Nordic","False"
"grace.kim89@gmail.com","kimchijjigae","True"
"gkim05","Kimchijjigae!999","False"
"ananya.sharma1993@gmail.com","marigold21","True"
"asharma7","Marigold21!!Admin","False"
"hanna.korhonen@suomi.fi","revontulet","True"
"hkorhone","Revontulet2024$$","False"
"zainab_kw@gmail.com","desertrose1","True"
"zalkuwai","Desertrose1@Kuwait","False"
"nia_davies@cardiff.co.uk","daffodil77","True"
"ndavies","Daffodil77!Wales1","False"
"ryo.tanaka@icloud.com","gundamwing","True"
"rtanaka","Gundamwing!2024#","False"
"bia_santos@globo.com","maracana10","True"
"bsantos2","Maracana10$Brasil","False"
"carlos.mendoza88@gmail.com","bocajuniors10","True"
"cmendoz1","Bocajuniors10!2024","False"
"hao.chen.quant@163.com","tianjinpanda","False"
"hchen01","TianjinPanda*2024","False"
"jankowalski_pl@wp.pl","warszawa90","True"
"jkowals","Warszawa90#Capital","False"
"noor.zahra@yahoo.com","jasmineflower","True"
"nzahra2","JasmineFlower#456","False"
"david.macleod.ed@outlook.com","highlandcow","True"
"dmacleo","HighlandCow!1985","False"
"minho_park_kr@naver.com","busanbeach","False"
"mpark09","BusanBeach#Pass12","False"
"lucia_morales_mx@prodigy.net.mx","chihuahuadog","True"
"lmorale","ChihuahuaDog2024$","False"
"b.fernandez89@terra.es","andalucia89","True"
"bfernan","Andalucia89*Madrid","False"
"zainab_alfarsi@omantel.net.om","muscatsunset","False"
"zalfars","MuscatSunset@Trade1","False"
"hannah.highland@outlook.com","thistlepie","True"
"hmacleod","Thistlepie#Stage101","False"
"ezekiel.okonjo@yahoo.com","lagoscalm","False"
"eokonjo","Lagoscalm#Affairs24","False"
"gabriel.costa80@gmail.com","flamengorun","False"
"gcosta","Flamengorun!Campus01","False"
"mette.jensen.dk@hotmail.com","nordicwalk","True"
"mjensen","Nordicwalk$Global365","False"
"kwesi.appiah@gmail.com","kumasi99","True"
"kappiah1","Kumasi99#MedTech","False"
"mateo.rossi.pt@gmail.com","espresso99","True"
"mrossi2","Espresso99@Health","False"
"bmwangi22@gmail.com","safari2018","True"
"bmwangi","Safari2018$Care","False"
"ingrid.bsmith@gmail.com","stockholm7","True"
"ismith8","Stockholm7&Safety","False"
"zainab.np@gmail.com","biryani09","True"
"zkhan4","Biryani09$Health","False"
"niamhkelly86@eircom.net","shamrock1","True"
"nkelly3","Shamrock1!Ward24","False"
"hanna.althaus@web.de","berlinbiker","True"
"halthaus","Berlinbiker!2024$","False"
"chioma.eze77@yahoo.com","lagosvibes","False"
"ceze1","Lagosvibes2023$$","False"
"sofia.hdz.arch@gmail.com","tequila77","True"
"shernandez3","Tequila77!!BimBuild","False"
"david_mwangi_ke@yahoo.com","safari1990","True"
"dmwangi1","Safari1990$$Job","False"
"fatima.zahra.casablanca@gmail.com","menthetea","False"
"fzahra4","Menthetea#Supply2024","False"
"tomek.kowalski.crane@wp.pl","zubrbeer99","False"
"tkowalski1","Zubrbeer99!!Crane","False"
"gabriel_santos_rio@uol.com.br","flamengo10","True"
"gsantos3","Flamengo10$$SafePipe","False"
"zainab.haider.cad@outlook.com","karachisun","False"
"zhaider","Karachisun@Drafting1","False"
"thabo.molefe.joburg@gmail.com","bafana1996","True"
"tmolefe2","Bafana1996!!SiteWork","False"
"hannah.schmidt.qa@gmx.de","waffeln7","True"
"hschmidt4","Waffeln7#Quality2024","False"
"tuan.nguyen.hvac@yahoo.com","phosaigon","True"
"atnguyen","Phosaigon#2024HVAC","False"
"nadia.mansour.law@gmail.com","cedarwood","True"
"nmansour1","Cedarwood@Legal2024!","False"
"brendan.macleod.scot@gmail.com","highland01","True"
"bmacleod","Highland01$$SteelRig","False"
"isabella.rossi.roma@gmail.com","vespa1995","True"
"irossi2","Vespa1995!!Greensite","False"
"santi.alvarez@gmail.com","bocajuniors","True"
"salvar","Bocajuniors#2023!","False"
"fzbenali@wanadoo.fr","marrakechsun","False"
"fbenal","Marrakechsun!2022#","False"
"chidi_okonkwo@gmail.com","chelseafc","True"
"cokonk","Chelseafc@London12","False"
"ananya.sen90@gmail.com","darjeeling","True"
"asenn","Darjeeling%Tea2023","False"
"thuy_nguyen_sg@yahoo.com","pho_bo_cay","False"
"tnguye","Pho_bo_cay#School1","False"
"nia.robinson93@outlook.com","sweetpotato","True"
"nrobin","Sweetpotato!93Ed#","False"
"sunhee_park91@naver.com","hanriverpark","False"
"sparkk","Hanriverpark$2024!","False"
"fatoudiop93@orange.sn","teranga221","True"
"fdiop","Teranga221!Service","False"
"lars.moller@mail.dk","aalborg90","True"
"lmoller","Aalborg90!Warehouse","False"
"hinakhan_pk@gmail.com","biryaniLove","False"
"hkhan","BiryaniLove!Shift1","False"
"sunita.gurung@gmail.com","pokhara20","True"
"sgurung","Pokhara20!Store5","False"
"g.moreau@hotmail.fr","bordeaux05","True"
"gmoreau","Bordeaux05#Boutique","False"
"david.vdb@kpnmail.nl","oranje2014","False"
"dvandenberg","Oranje2014!Fulfill","False"
"amara.okafor91@gmail.com","chidera2015","True"
"aokafor01","Chidera2015!Retail","False"
"mateo.silva.rio@outlook.com","flamengo99","True"
"msilva04","Flamengo99#Store","False"
"hanna.lindqvist88@spray.se","fikafriday","False"
"hlindqv1","Fikafriday2024!","False"
"falmansoor94@gmail.com","dubaimall","True"
"falmans1","DubaiMall2023$$","False"
"liam.oconnor.eire@hotmail.com","celticfc","True"
"loconno2","CelticFC#Safe2024","False"
"elena.rostova82@yandex.ru","matryoshka","True"
"erostov3","Matryoshka2024!Retail","False"
"carlos.mendoza.mx@gmail.com","tacosalpastor","True"
"cmendoz5","TacosAlPastor!99","False"
"sunwoo.park.seoul@naver.com","bibimbap10","True"
"spark44","Bibimbap10@Work!","False"
"lucas.dejong85@ziggo.nl","stroopwafel","True"
"ldejong7","Stroopwafel!2024$","False"
"ananya.sharma99@gmail.com","gulabjamun","True"
"asharm02","GulabJamun@Retail1","False"
"alejandro_gomez90@prodigy.net.mx","solardelsur","False"
"agomez61","SolarDelSur#1234","False"
"tariq_mansoor93@gmail.com","karachiking","True"
"tmansoo4","KarachiKing@Shift1","False"
"ingrid.hansen.oslo@online.no","nordicwalk","True"
"ihansen6","Nordicwalk#Shop24","False"
"ravi.nadar78@rediffmail.com","masaladosa","True"
"rnadar01","MasalaDosa@Desk2024","False"
"zoe.taylor.aus@gmail.com","koalabear03","True"
"ztaylor9","Koalabear03!Visual","False"
"tingting.wu.bj@163.com","pandabear88","True"
"twu22","Pandabear88#Supply","False"
"gabriel.rossi.roma@tiscali.it","forzaroma","True"
"grossi11","ForzaRoma#Sales2024","False"
"chaowei.math@163.com","fibonacci","True"
"cwei","Fibonacci112358!","True"
"willem.dejong@ziggo.nl","windmolen","True"
"wdejong","Windmolen&Finance2024","False"
"gracechen.traveler@gmail.com","wanderlust9","True"
"gchen","Wanderlust9!Global","False"
"iyer.ananya@rediffmail.com","rasamrice09","False"
"aiyer8","Rasamrice09#Secure","False"
"lbecker.berlin@web.de","stpauli1910","True"
"lbecke1","Stpauli1910$$Work","False"
"rossi_chiara@libero.it","vespablu88","False"
"crossi3","Vespablu88!!2024","False"
"tanaka.yuki84@gmail.com","shibaiko08","False"
"ytanak9","Shibaiko08@Tokyo1","False"
"liam_dublin95@outlook.com","guinness1759","True"
"loconn5","Guinness1759!!Under","False"
"erostova93@yandex.ru","matryoshka5","False"
"erosto2","Matryoshka5#Vault","False"
"carlos_mza@gmail.com","pumasfan86","False"
"cmendo7","Pumasfan86%%Bank","False"
"okafor_amara@yahoo.com","chinelo2018","True"
"aokafo3","Chinelo2018$$Plan","False"
"zhouml89@qq.com","bobatea101","True"
"mzhou6","Bobatea101@AMLsafe","False"
"tariq.haddad@gmail.com","falafelwrap3","False"
"thadda8","Falafelwrap3##Corp","False"
"sophie.dubois@laposte.net","painauchoc99","False"
"sduboi2","Painauchoc99*Finance","False"
"kowalska_z@wp.pl","tatrymount77","False"
"zkowal1","Tatrymount77!Staff","False"
"gsantos_fx@uol.com.br","flamengo1981","True"
"gsanto4","Flamengo1981#Bacen","False"
"aisha_harbi@hotmail.com","desertrose11","True"
"aalhar5","Desertrose11$Clear","False"
"divanov.spb@mail.ru","zenitpiter07","False"
"divano2","Zenitpiter07%Access","False"
"chloe_martin@me.com","cotedazur06","True"
"cmarti8","Cotedazur06!!Vault","False"
"badebayo_lagos@gmail.com","suyaextra9","False"
"badeba3","Suyaextra9*Manage","False"
"n_nguyen94@yahoo.com","phobosoup21","False"
"nnguye7","Phobosoup21#Assets","False"
"santigomez88@outlook.es","cafecito44","True"
"sgomez6","Cafecito44@Client","False"
"hannah.fraser@scotmail.com","highlandcow8","False"
"hfrase5","Highlandcow8&Ledger","False"
"aneta.varga@freemail.hu","balaton22","True"
"avarga","Balaton22!QualityCheck","False"
"nikola_petkov84@abv.bg","cska1948","True"
"npetkov","Cska1948@SteelWork!","False"
"isabella.silva@uol.com.br","maracana70","True"
"isilva","Maracana70#PlanAhead","False"
"sammy.adeyemi@gmail.com","lagosboy","True"
"sadeyemi","Lagosboy@Summer24","False"
"rachel.weisz.ny@gmail.com","bagelcream","True"
"rweisz","Bagelcream#NYC2024","False"
"yulia.kovalenko@gmail.com","borschtking","False"
"ykovalenko","Borschtking#Kyiv2024","False"
"emily.watson.ox@gmail.com","sherlock221","True"
"ewatson","Sherlock221B!London","False"
"chen.hao.personal@163.com","pandaexpress","True"
"hchen8","Pandaexpress#2024!","False"
"tariq.chem95@outlook.com","bluebeaker","False"
"talfassi","Bluebeaker!12345","False"
"minho.park.seoul@gmail.com","starcraft2","True"
"mpark3","Starcraft2!Admin!","False"
"babatunde.adeyemi@yahoo.com","lagosvibes","False"
"badeyemi","Lagosvibes#Dept24","False"
"greta.hansen.cph@gmail.com","hyggehome","True"
"ghansen","Hyggehome!9876","False"
"minh.nguyen.math@gmail.com","fibonacci01","True"
"nvminh","Fibonacci01$Math","False"
"rachel.goldberg84@gmail.com","bagellover","True"
"rgoldberg","Bagellover#Dean2024","False"
"amira.kassem@outlook.com","nilewater","True"
"akassem","Nilewater$ShiftLeader1","False"
"sjenkins_retail@gmail.com","goldenret","True"
"sjenkins","Goldenret!Store#405","False"
"nadia.popov@mail.ru","matryoshka","True"
"npopov","Matryoshka@Vault2024","False"
"rachelcohen_flowers@gmail.com","tulipblue","True"
"rcohen","Tulipblue!Floral#123","False"
"liam_evans_wales@gmail.com","cardiffcityfc","True"
"levans","CardiffCityFC#Access1","False"
"isabella.conti92@virgilio.it","bellavita88","True"
"iconti","BellaVita88$Cost2024","False"
"mehmet_yilmaz_ist@gmail.com","bosphorus06","False"
"myilmaz","Bosphorus06!BrickSafe","False"
"jp_dubois_lyon@orange.fr","petanque13","True"
"jpdubois","Petanque13!DemoSite","False"
"aisha_mansoori@yahoo.com","dubaimall04","False"
"aalmansoori","DubaiMall04#2024","False"
"jl_picard_geneva@bluewin.ch","fondueparty","False"
"jpicard","Fondueparty#1234","False"
"sofija_jov@sbb.rs","belgrade91","True"
"sjovanovic","Belgrade91$$Pay!","False"
"thiago.santos.sp@uol.com.br","corinthians","True"
"tsantos2","Corinthians@1910!","True"
"arjun_quant_blr@gmail.com","cricketbat7","False"
"arao3","Cricketbat7$Finance","False"
"emre_demir_ist@gmail.com","galatasaray","True"
"edemir","Galatasaray#2024*","False"
"cmendoza90@outlook.com","azteca1990","True"
"mendozac","Azteca1990#Work","False"
"kenjisato77@gmail.com","sakura77","True"
"satok02","Sakura77!Tokyo!","False"
"priyapatel.in@gmail.com","chaiwali12","False"
"patelp09","Chaiwali12#Mumbai","False"
"davidkim84@gmail.com","seoulboy84","False"
"dkim840","Seoulboy84@Finance","False"
"lukas.becker@web.de","apfelstrudel","True"
"lbecker1","Apfelstrudel2024!","False"
"bellasantos@uol.com.br","carnaval07","True"
"santosib","Carnaval07#Brasil","False"
"chloe.campbell@btinternet.com","highlandcow","True"
"campbelc","Highlandcow$2024","False"
"jlindqvist@spray.se","fikaforever","False"
"lindqvj","Fikaforever2024!","False"
"anyavarga88@freemail.hu","budapest88","True"
"vargaa01","Budapest88#Forex","False"
"linh.nguyen.hn@gmail.com","phoaddict","False"
"lnguyen5","Phoaddict2024#Saigon","False"
"anoukvandijk@ziggo.nl","tulipfield","True"
"vandijka","Tulipfield2024$","False"
"sammyward04@gmail.com","redsox2004","True"
"sward02","Redsox2004!Boston","False"
"aaliyahkhan99@yahoo.com","mangoice99","False"
"akhan12","Mangoice99#Lahore","False"
"danielle.tremblay@videotron.ca","poutine44","True"
"dtrembla","Poutine44#Montreal","False"
"danvance_sparky@gmail.com","sparkydog","True"
"dvance","Sparkydog!2024$$","False"
"luc_tremblay76@videotron.ca","habsfan93","True"
"ltremblay","Habsfan93!!Chantier","False"
"keita_amara@gmail.com","djembe12","True"
"akeita","Djembe12##Djembe12","False"
"jramirez_local@gmail.com","chevy1998","True"
"jramirez","Chevy1998!!Pipes#","False"
"gaby_gomez_qc@outlook.com","luna2019cat","False"
"ggomez","Luna2019cat!Quality#","False"
"vgomez.urgencias@gmail.com","cafecitocaliente","False"
"vgomez","Cafecitocaliente2024*","False"
"chioma.safety@yahoo.com","obinna2018","True"
"cokonjo","Obinna2018@SafeSite","False"
"elibrooks1995@gmail.com","mustang67","True"
"ebrooks","Mustang67!WeldIron","False"
"nathalie.dubois.urban@free.fr","chamonix","True"
"ndubois","Chamonix2024@Urban","False"
"jorge.ramos.pipes@gmail.com","guadalajara","True"
"jramos","Guadalajara#PipeFit1","False"
"diego.silva.br@gmail.com","flamengo1981","True"
"dsilva","Flamengo1981@Corp","False"
"arto.virtanen@luukku.com","saunailta","True"
"avirtanen","Saunailta#2024!Audit","False"
"nadia.chernoff@gmail.com","baikallake","True"
"nchernoff","Baikallake$2024Trade","False"
"sunita_sharma@rediffmail.com","diwalisweets","True"
"ssharma3","Diwalisweets@2024!","False"
"javi_hernandez@yahoo.es","maradona10","True"
"jhernandez","Maradona10!PTeacher","False"
"einar.lindqvist@hotmail.se","fikafriday","False"
"elindqvist","Fikafriday@Library1","False"
"ingrid_vandijk@chello.nl","tulipfields","True"
"ivandijk","Tulipfields#Res2024","False"
"youssef.mansouri@menara.ma","carthage73","True"
"ymansouri","Carthage73#Faculty1","False"
"hannah.smith.art@gmail.com","watercolor5","True"
"hsmith4","Watercolor5!ArtStudio","False"
"amorales.music@gmail.com","guitarhero","True"
"moralesa","Guitarhero!2024adv","False"
"t.wisniewski@onet.pl","kantian","True"
"twisniewski","Kantian#Philosophy2024","False"
"zndiaye@gmail.com","dakarvibes","False"
"zndiay","Dakarvibes#Work2024","False"
"piotr.kowalski@wp.pl","pierogipower","False"
"pkowal","Pierogipower_Spring2024!","False"
"tariq.farooq@outlook.com","lahorefort","True"
"tfaroo","Lahorefort!9876Corp","False"
"aruiz.dev@gmail.com","guacamole99","True"
"aruiz5","Guacamole99@SysAdmin!","False"
"d.ivanov@mail.ru","taigawinter","False"
"divano","Taigawinter#1Server*","False"
"sjenkins.tech@gmail.com","goldenretriever","True"
"sjenki","Goldenretriever@Work99!","False"
"asilva.code@yahoo.com","guitarra92","True"
"asilva","Guitarra92#DevOps","False"
"sofia.rod@gmail.com","gatitofeliz","True"
"srodriguez","Gatitofeliz!SysAdmin","False"
"evelyn.chen.md@gmail.com","orchidsun7","False"
"echen","Orchidsun7#Clinic!","False"
"zoe.macleod.sw@gmail.com","hebrideswind","False"
"zmacleod","Hebrideswind_Hope9!","False"
"david.benami@bezeqint.net","negevdesert9","False"
"dbenami","Negevdesert9$Fiscal!","False"
"sofia.silva.rio@globo.com","flamengo81","True"
"ssilva","Flamengo81#Store!","False"
"aygul.aliyeva@box.az","bakuwind08","False"
"aaliyeva","Bakuwind08$Help","False"
"astrid.vanderbeek@kpnmail.nl","tulipfield","True"
"avanderbeek","Tulipfield#Store2","False"
"josh.wilson.surf@optusnet.com.au","surfsup2021","True"
"jwilson","Surfsup2021#Shift","False"
"lindstrom.johan@live.se","volvo240","True"
"jlindstr","Volvo240!Build1","False"
"aaliyah.brooks.wood@yahoo.com","oakwood12","True"
"abrooks","Oakwood12!Build#","False"
"meiling.zhao.cost@gmail.com","milktea88","True"
"mzhao","Milktea88$Office","False"
"danielle.demolition@gmail.com","bigrock99","True"
"dmartin","Bigrock99!Demo24","False"
"eleni.papand@outlook.gr","souvlaki2018","False"
"epapan92","Souvlaki2018!Banking","False"
"priya.chennai@gmail.com","filtercoffee","True"
"pswami1","Filtercoffee2024!#","False"
"takahashi.taro@ezweb.ne.jp","sakurabloom","True"
"ttakah7","SakuraBloom$2024","False"
"fz_benali@menara.ma","moroccanmint","True"
"fbenal2","MoroccanMint2024!","False"
"artem.mrzv@mail.ru","cyberzenit","True"
"amoroz5","CyberZenit@Online99","False"
"camila.ba@hotmail.com","quilmesfria","True"
"coconn8","QuilmesFria123$$$","False"
"sid_verma92@rediffmail.com","rohitsharma45","True"
"sverma3","RohitSharma45!Forex","False"
"ingrid.lind@telia.com","fikahelsingborg","False"
"ilindh2","FikaHelsingborg#2024","False"
"jp.blanc@orange.fr","chablisblanc","False"
"jblanc6","ChablisBlanc!Office1","False"
"daehyun.kim@daum.net","starcraft2pro","True"
"dkim11","StarCraft2pro!Secure","False"
"lucia.rossi85@libero.it","tiramisubello","False"
"lrossi4","TiramisuBello$$2024","False"
"badeleke@gmail.com","superflyeagles","False"
"badele1","SuperflyEagles%Finance","False"
"zofiakowalska@wp.pl","tatramountains","True"
"zkowal5","TatraMountains@Work1","False"
"chaonguyen91@gmail.com","saigonstreet","False"
"cnguye4","SaigonStreet!12345","False"
"soraya.rahbar@yahoo.com","shirazgrape","True"
"srahba2","ShirazGrape2024!M&A","False"
"alejandro_m@prodigy.net.mx","charrosdel99","False"
"amendo7","CharrosDel99$$Corp","False"
"hannah_mac@btinternet.com","obanwhisky","True"
"hmacin9","ObanWhisky!!1234","False"
"isa.silva.rio@gmail.com","carnaval2021","True"
"isilsa","Carnaval2021!Empresa","False"
"jiri.prochazka.dev@seznam.cz","pilsnerbeer4","False"
"jprochazka","Pilsnerbeer4!Prague1","False"
"bmendez.tech@gmail.com","tacosalpastor","True"
"bmendez","Tacosalpastor#2024!","False"
"arash.tehrani@protonmail.com","damavand56","True"
"atehrani","Damavand56@SOCIentry","False"
"andrei.muresan@yahoo.com","daciaclub05","False"
"amuresan","Daciaclub05#Firmware1","False"
"leila.kassem.bi@outlook.com","beirutsun11","False"
"lkassem","Beirutsun11$DataPortal","False"
"zoe.vanderbeek@ziggo.nl","stroopwafel2","True"
"zvanderb","Stroopwafel2##DevEnv","False"
"thao.nguyen.vn@gmail.com","banhmisaigon","True"
"tnguyen03","Banhmisaigon@Report1","False"
"maya.lin.sea@outlook.com","bubbletea05","False"
"mlin","Bubbletea05$$Kubernetes","False"
"joao_pereira_tiles@sapo.pt","benficacampeao","True"
"jpereira","Benficacampeao@2024","False"
"zane.meyer.za@gmail.com","springboks","True"
"zmeyer","Springboks#2023!#","False"
"brendan_oconnor_cork@yahoo.ie","guinnesspint","True"
"boconnor","Guinnesspint!1759","False"
"alvarez.mateo@yahoo.com","bocajuniors10","True"
"malvar4","Bocajuniors10$$Corp","False"
"mlchen_art@qq.com","bobaheaven12","False"
"mchen7","Bobaheaven12!@#45","False"
"nia.adebayo@yahoo.com","lagosvibes21","False"
"nadeba9","Lagosvibes21#Company!","False"
"sven.lindqvist@tele2.se","volvo240turbo","True"
"slindq4","Volvo240turbo!!2024","False"
"gabriel.silva91@globo.com","flamengo1981","True"
"gsilva2","Flamengo1981@Auth12","False"
"hana.tanaka@docomo.ne.jp","matchalatte03","False"
"htanak5","Matchalatte03$$2024","False"
"dmitry_sokolov@mail.ru","baikalblue","False"
"dsokol7","Baikalblue2024!@#","False"
"ewalker.gaming@gmail.com","halo3legend","True"
"ewalk8","Halo3legend!!Corp24","False"
"ingrid.hansen@online.no","fjordwalk89","False"
"ihanse1","Fjordwalk89#Company1","False"
"jihoon.park@naver.com","starcraftpro","True"
"jpark6","Starcraftpro@2024!","False"
"arjun.nair@outlook.com","keralabackwater","False"
"anair9","Keralabackwater!2024#","False"
"jonas.berg87@gmail.com","volvo240","True"
"jberg","Volvo240#Stockroom!","False"
"dirk.vandeberg@gmail.com","stroopwafel","True"
"dvandeberg","Stroopwafel!Office99","False"
"viktor.horvath@freemail.hu","balaton88","True"
"vhorvath","Balaton88@SecOps!","False"
"nurul.izzah@gmail.com","rendangsedap","False"
"nizzah","Rendangsedap$2024*","False"
"jari.korhonen@kolumbus.fi","saunabrew","False"
"jkorhonen","Saunabrew$Demo2024!","False"
"nia.v.athens@in.gr","santorinisun","False"
"nvardalos","Santorinisun@GreenEco24","False"
"rachelcampbell.gc@bigpond.com","blueyandbingo","True"
"rcampbell","Blueyandbingo!SiteBoss1","False"
"freja.lindstrom@spray.se","fikaontuesdays","False"
"flindstr","Fikaontuesdays!23","False"
"duc.nguyen.dev@gmail.com","hanoistreet88","False"
"dnguyen","Hanoistreet88#Office","False"
"camila.h@gmail.com","salsacali22","False"
"chernand","Salsacali22#Workstation","False"
"hassan.toure@orange.sn","terangadakar","False"
"htoure","Terangadakar123!?","False"
"martita.gomez@gmail.com","paellademarisco","True"
"mgomez","Paellademarisco2024!!","False"
"amina_diop88@yahoo.com","soleil77","True"
"adiop01","Soleil77#RetailWork","False"
"callum.oc99@gmail.com","guinnessboy","True"
"coconnor3","Guinnessboy1234$","False"
"santi_sec@hotmail.com","pitbullterrier","True"
"smorales5","Pitbullterrier#99!","False"
"kenji_sato@protonmail.com","ramenlover","True"
"ksato02","Ramenlover!@#2024","False"
"chloe.lefebvre@wanadoo.fr","chocolat89","True"
"clefebvre3","Chocolat89&Chocolat","False"
"nadiabenali@yahoo.fr","marrakech94","True"
"nbenali4","Marrakech94$$Office","False"
"h_lindqvist@outlook.com","volvo240","True"
"hlindqvist1","Volvo240Turbo#123","False"
"liam_murphy19@live.ie","celticfc","True"
"lmurphy2","Celticfc!Champ2024","False"
"camilasilva.rio@gmail.com","ipanema21","True"
"csilva7","Ipanema21#RetailOps","False"
"tariqhassan86@gmail.com","falafelday","False"
"thassan1","Falafelday2024!Night","False"
"ingrid.berg91@gmail.com","fjordhest","True"
"iberg03","Fjordhest*Secure99","False"
"divanov_88@yandex.ru","siberia01","True"
"divanov2","Siberia01@Company!","False"
"b_ndlovu@webmail.co.za","amakhosi","True"
"bndlovu1","Amakhosi#Security1","False"
"hana_kimmy@naver.com","seoulsky","True"
"hkim08","Seoulsky!!2024Retail","False"
"carlos.gomez77@gmail.com","elcamino77","True"
"cgomez6","Elcamino77$ShiftLead","False"
"tomi.novak@gmail.com","hajduk1911","True"
"tnovak2","Hajduk1911#ProduceTeam","False"
"leila.danesh@live.com","shirazpersia","False"
"ldanesh","Shirazpersia@Budget2024","False"
"garth.evans@sky.com","reddragon79","True"
"gevans","Reddragon79#DemoWorks","False"
"daria_popova89@yandex.com","baikalblue","False"
"dpopova","Baikalblue!SoundSafe12","False"
"chloe.lefevre@laposte.net","croissantlover","True"
"clefevre","!Croissantlover2023","False"
"sofia.alvarez.mx@outlook.com","chocolatito","True"
"alvarezs","Chocolatito@1234","False"
"priya.nair.blr@gmail.com","kathakali89","True"
"pnair9","Kathakali89$$Credit","False"
"amina.diop.sn@gmail.com","teranga221","True"
"adiop3","Teranga221@Compliance","False"
"tanaka_hiro_surf@yahoo.co.jp","shonanwave","True"
"htanak1","Shonanwave#Trading7","False"
"chloe.dubois.lyon@laposte.net","croissant7","True"
"cduboi2","Croissant7!Private#","False"
"liamoconnor.galway@gmail.com","celticpark","True"
"loconno5","CelticPark@Fin2024","False"
"sidgupta.iit@gmail.com","euleridentity","False"
"sgupta7","Euleridentity#3.1415","False"
"anja.lindqvist@tele2.se","fikaisthenew","False"
"alindq","Fikaisthenew!Nordic1","False"
"dkowalski.waw@gmail.com","legiawarszawa","True"
"dkowals","LegiaWarszawa!2024$","False"
"hanna.vdberg@planet.nl","stroopwafel","True"
"hvanden","Stroopwafel!Cards10","False"
"youssef.nader.cai@gmail.com","zamaleksc1","True"
"ynader1","ZamalekSC1@Corporate#","False"
"ksenia.sokol@mail.ru","siberianhusky","True"
"ksokolova","SiberianHusky!Compute8","False"
"nadia.bekele@outlook.com","addisababa","True"
"nbekele","AddisAbaba!Corporate9","False"
"hyunwoo.bae@naver.com","hangangwalk","False"
"hwbae","HangangWalk#DeviceSecure8","False"
"petrovic.aleks@eunet.rs","partizanbg","True"
"apetrovic","Partizanbg!2024!","False"
"mateosilva.art@gmail.com","cerveza22","True"
"msilva02","Cerveza22!!Counselor","False"
"priya.swami@gmail.com","ramanujan1729","True"
"pswaminathan","Ramanujan1729!Math","False"
"ananya.roy.kolkata@gmail.com","rosogolla3","False"
"aroy22","Rosogolla3#Advising!","False"
"fcalderon_sec@gmail.com","azteca70","True"
"fcalderon","Azteca70$Security1!","False"
"hannah.campbell.bio@gmail.com","darwin1809","True"
"hcampbell","Darwin1809!BioDept#","False"
"ivan.dragic@mail.ru","boxerigor","True"
"idragic","BoxerIgor123$Demo","False"
"rashed.alnuaimi@gmail.com","desertdune","True"
"ralnuaimi","DesertDune2024#MEP","False"
"chenmeiling94@163.com","bobaaddict","False"
"mchen22","Bobaaddict1234$!","False"
"devansh.patel@rediffmail.com","cricketguru","True"
"dpatel9","Cricketguru!9999","False"
"sypark88@naver.com","hanriver05","False"
"spark14","Hanriver05$$Spring","False"
"ananyasharma95@gmail.com","diwalilight","False"
"asharma31","Diwalilight@2024$$","False"
"avega_music@gmail.com","guitarhero","True"
"avega11","Guitarhero$$Store99","False"
"j.kowalski87@wp.pl","krakow123","True"
"jkowalski4","Krakow123$$Stockroom","False"
"nia.williams93@gmail.com","sunshineday","True"
"nwilliams8","Sunshineday!2024Apparel","False"
"baonguyen1996@gmail.com","saigoncafe","True"
"bnguyen17","Saigoncafe@RetailPrice1","False"
"thabo.sithole@webmail.co.za","amapiano10","False"
"tsithole","Amapiano10$$RetailTeam","False"
"camilarossi.art@libero.it","gelatofun","False"
"crossi5","Gelatofun2024!Sales","False"
"roman.varga@zoznam.sk","tatramt","False"
"rvarga","TatraMt#Demo2024Works","False"
"chen.jianping88@163.com","taiji1988","True"
"jpchen","Taiji1988!Work#","False"
"sofia.gomez_latam@gmail.com","queridafamilia","True"
"sgomez","QueridaFamilia@2024","False"
"amina.hashem@live.com","bakingcakes","True"
"aelhashem","BakingCakes*Chem24","False"
"patrick.harp@eircom.net","bodhranbeat","False"
"poconnor","BodhranBeat#Music1","False"
"zhou.mling@gmail.com","pandabear08","True"
"mlzhou","PandaBear08!Data","False"
"amira.elsayed@gmail.com","nilequeen","True"
"aelsayed","Nilequeen!2024#$","False"
"callum.davies.wales@gmail.com","reddragon7","True"
"cdavies","Reddragon7#Pipes!","False"
"hakan.demir.ist@gmail.com","cimbom1905","True"
"hdemir","Cimbom1905#Steel!","False"
"ingrid.vdb@ziggo.nl","stroopwafel","True"
"ivander","Stroopwafel99#Work","False"
"ebuka.obi@gmail.com","afrobeatsfan","False"
"cobinw","AfrobeatsFan2024!@","False"
"kovacs.niki.bp@gmail.com","balatonsummer","False"
"nkovacs","BalatonSummer!2024","False"
"alejandro_gomez_med@hotmail.com","paisaregion","False"
"agomezc","PaisaRegion@2024#","False"
"polina.smirnova.tech@gmail.com","hermitagecat","False"
"psmirno","HermitageCat#99Docs","False"
"arjun_nair_cochin@gmail.com","keralabackwaters","False"
"anair2","KeralaBackwaters#1","False"
"sunita.patil.pune@gmail.com","ganpati21","True"
"spatil","Ganpati21@Sprint1","False"
"arto.k.helsinki@luukku.com","sauna1984","True"
"akorhonen","Sauna1984!ServerRoom","False"
"ingrid.vdb@gmail.com","tulpen2000","False"
"ivanderbilt","Tulpen2000$Enterprise","False"
"j.washington99@yahoo.com","jordans23","True"
"jwashington","Jordans23@Network#","False"
"daria.novak.cz@seznam.cz","prague09","True"
"dnovak","Prague09!VaultAccess","False"
"reza.pahlavi.teh@gmail.com","damavand5","True"
"rpahlavi","Damavand5#Solutions!","False"
"niamh.kelly95@hotmail.com","clover17","True"
"nkelly","Clover17@DeployProd","False"
"priya.nair.blr@yahoo.com","motichoor99","False"
"pnair01","Motichoor99@Work","False"
"hiroshi.tanaka.jp@gmail.com","ramenlover01","False"
"htanaka5","Ramenlover01$$Corp","False"
"lucasvdb@quicknet.nl","ajaxamsterdam","True"
"lvander","Ajaxamsterdam#1234","False"
"diego_fernandez_ba@gmail.com","asadoamigos8","False"
"dfernan","Asadoamigos8$$Arg","False"
"lukas.meyer91@gmx.de","berlinwall89","True"
"lmeyer7","Berlinwall89##Pass","False"
"ananya.gupta.in@gmail.com","diwalilights","False"
"agupta6","Diwalilights@2024","False"
"nia.williams87@outlook.com","bluebird77","True"
"nwilli1","Bluebird77$$Money","False"
"bao.nguyen.hcm@gmail.com","saigoncafe92","False"
"bnguyen4","Saigoncafe92!!2024","False"
"siti.nur90@yahoo.com","sataylover88","False"
"snurhal","Sataylover88##Fin","False"
"gabriel_costa_rio@gmail.com","ipanema2016","True"
"gcosta8","Ipanema2016&&Corp","False"
"chloe.dubois@orange.fr","chocolat12","True"
"cdubois3","Chocolat12!!Spring","False"
"fatima.z.casa@yahoo.com","casablanca05","True"
"fzahra02","Casablanca05#Store","False"
"ngozi.eze91@gmail.com","chinelobaby","False"
"neze001","Chinelobaby!2024work","False"
"beatriz_silva@uol.com.br","praiaipanema","False"
"bsilva08","Praiaipanema#Summer24","False"
"georgie_m90@btinternet.com","arsenalguns","True"
"gmille05","Arsenalguns1886!!","False"
"lin_zhu82@163.com","pandabear88","True"
"lzhu03","Pandabear88$$2024","False"
"mariam.khoury@gmail.com","fairuzmusic","False"
"mkhoury1","Fairuzmusic#Shop12","False"
"ale_gomez79@terra.com.mx","azteca1986","True"
"agomez12","Azteca1986@ShiftA","False"
"hassan_tariq@gmail.com","lahoreqalandar","True"
"htariq01","Lahoreqalandar*99$","False"
"ananyasen93@gmail.com","darjeelingtea","True"
"asen002","Darjeelingtea2024!","False"
"johannes.becker@web.de","bratwurst90","True"
"jbecker4","Bratwurst90!!Retail","False"
"tmansour_geo@yahoo.com","falafellove","False"
"mansourt","Falafellove!99$","False"
"ananya.sen_kolkata@gmail.com","rasgulla24","False"
"as2911","Rasgulla24@ChemLab","False"
"ngozi.achebe79@gmail.com","egusisoup1","False"
"nachebe","EgusiSoup1#Admin","False"
"chloe.dupont.paris@free.fr","monetlily","True"
"cdupont8","Monetlily@Spring24","False"
"amina_alhassan@gmail.com","cardamomtea","False"
"aalhassan","Cardamomtea#2024Campus","False"
"bwalsh_hurling@eircom.net","corkrebel7","False"
"bwalsh","Corkrebel7!GymClass","False"
"garth_skye@scotmail.com","highlandcoo","True"
"gmacleod","Highlandcoo!2024Bio","False"
"soraya.ghaffari@protonmail.com","damaskrose4","False"
"sghaffari","Damaskrose4!Faculty","False"
"hanna.holmgren@spray.se","kanelbulle8","False"
"hholmgren","Kanelbulle8@SchoolAdmin","False"
"v_nguyen_danang@gmail.com","banhmisaigon","True"
"vnguyen1","Banhmisaigon!Finaid24","False"
"priya.swami@yahoo.com","filtercoffee","True"
"pswami","Filtercoffee#2024","False"
"mwashington_blood@gmail.com","bengalswin","True"
"mwashi","Bengalswin#1Lab","False"
"zhou.meiling@foxmail.com","bubbletea09","True"
"mzhou1","Bubbletea09!Health","False"
"aisling_dublin@eircom.net","shamrock99","True"
"aoconn","Shamrock99!WardB","False"
"nia_campbell@live.com","reggaebeats","True"
"ncampb","Reggaebeats?Safe1","False"
"arjunpatel_ldn@hotmail.co.uk","arsenalgunner","True"
"apate2","Arsenalgunner#4NHS","False"
"ingrid.johansen@online.no","fjordtrekker","False"
"ijohan","Fjordtrekker%99Med","False"
"boateng.k@yahoo.com","blackstars","True"
"kboateng","Blackstars@2024!","False"
"priya.narang89@gmail.com","badmintongirl","True"
"pnarang","Badmintongirl#2024","False"
"sione_tui@yahoo.co.nz","allblacks9","True"
"stuipulotu","Allblacks9!Rugby","False"
"jorge.castillo85@yahoo.com","tigres85","True"
"jcastillo","Tigres85$$Const!","False"
"acampbell_survey@gmail.com","thistleguy","False"
"acampbell","Thistleguy!2024*","False"
"yuli_gomez@hotmail.com","salsaqueen","True"
"ygomez","Salsaqueen!2024#","False"
"d.petrenko@meta.ua","dnipro2011","True"
"dpetrenko","Dnipro2011!Kyiv#","False"
"ananya.sharma92@outlook.com","jaipurdiaries","False"
"asharma01","Jaipurdiaries2024#","False"
"mateo.valencia@yahoo.com","cafecito88","True"
"mhernandez3","Cafecito88!Work2024","False"
"devin.miller_drums@gmail.com","drumbeat101","True"
"dmiller5","Drumbeat101$School","False"
"priya.robotics@gmail.com","robothobby","False"
"ppatel9","RobotHobby@2024Safe","False"
"grace.kim.bakes@gmail.com","cupcakelove","True"
"gkim12","Cupcakelove!Class2024","False"
"amina.diop_dakar@gmail.com","senegalsun","False"
"adiop4","Senegalsun@Dakar2024","False"
"benwright.kayak@outlook.com","riverpaddler","False"
"bwright","RiverPaddler99!Aid","False"
"jorgesantos.fix@yahoo.com","gardentools","True"
"jsantos2","Gardentools#Facility1","False"
"chen.david.ai@gmail.com","bobaaddict","False"
"dchen","BobaAddict#Data2024","False"
"jandevries87@gmail.com","amsterdambike","False"
"jdevries","AmsterdamBike$HelpDesk","False"
"nneka.okonjo@gmail.com","lagosliving","False"
"nokonjo","LagosLiving!Q3Planning","False"
"kim.bora.seoul@naver.com","gangnamcat","False"
"bkim","GangnamCat@DesignSystem","False"
"z_suleiman92@gmail.com","kofikitten","False"
"zsuleiman","Kofikitten!2023","False"
"priya.patel.orders@gmail.com","aaravbaby","True"
"ppatel12","AaravBaby!Order2024","False"
"ingrid.b.schmidt@gmail.com","freyadog","True"
"ischmidt","FreyaDog2024!Euro","False"
"alejandro.gomez89@yahoo.es","guitarrero","True"
"agomez05","Guitarrero!2024Pos","False"
"maya.lin.retail@gmail.com","dumplingcat","False"
"mlin09","DumplingCat!Shift24","False"
"chloemartin.qs@yahoo.fr","chocolat77","True"
"cmartin8","Chocolat77$$Survey","False"
"zhang.jianping.hvac@163.com","harbinice9","False"
"jzhang5","Harbinice9$$Duct","False"
"luciarossi_stone@libero.it","firenze14","True"
"lrossi3","Firenze14#StoneWork","False"
"yuki_sato_gis@yahoo.co.jp","sapporo55","True"
"ysato4","Sapporo55@TopoPoint","False"
"marta_weld_sp@terra.com.br","ipanema22","True"
"msantos9","Ipanema22#SteelTorch","False"
"farahhaddad_hso@hotmail.com","beirutsun","False"
"fhaddad","Beirutsun2024!HSE#","False"
"olga.voronina.rig@mail.ru","taigaforest","True"
"ovoronina","Taigaforest#RiggingSafe1","False"
"linh.nguyen.bid@gmail.com","saigoncoffee","False"
"lnguyen","Saigoncoffee#SupplyOps24","False"
"tariq.mansur.roof@gmail.com","falafelwrap","False"
"tmansur","Falafelwrap#RoofingPro24","False"
"david.kiprono.paving@gmail.com","riftvalley94","False"
"dkiprono","Riftvalley94@PavingOps1!","False"
"liam.oconnor85@yahoo.ie","guinness08","True"
"loconno1","Guinness08$Bank","False"
"mateo_rossi@libero.it","vespa1988","True"
"mrossi02","Vespa1988!Work","False"
"dmiller_us@gmail.com","goldengod","True"
"dmille7","Goldengod!2024$","False"
"thabo.mbeki89@webmail.co.za","springbok","True"
"tmbeki2","Springbok2024!@","False"
"alejandro.vega@terra.com.mx","taquitos9","True"
"avega04","Taquitos9$Underwrite","False"
"jinwoo.park@naver.com","starcraft2","True"
"jpark19","Starcraft2#Corporate","False"
"henrik.nielsen@protonmail.com","odense84","True"
"hnielse","Odense84!Finance","False"
"sunitapatel_in@rediffmail.com","diwali2020","True"
"spatel5","Diwali2020#Mumbai","False"
"fatou.diop@africamail.sn","dakar2018","True"
"fdiop01","Dakar2018#Banque1","False"
"s.becker74@gmx.de","autobahn99","True"
"sbecker","Autobahn99!Frankfurt","False"
"nadia.c@post.ro","dracula07","True"
"ncoman1","Dracula07#SysAdmin","False"
"lfischer.tech@web.de","currywurst","True"
"lfische2","Currywurst2023!","False"
"pnair_analytics@yahoo.com","keralamonsoon","False"
"pnair1","KeralaMonsoon@2024","False"
"aoife.murphy.dublin@gmail.com","shamrock08","True"
"amurph3","Shamrock08$Work","False"
"kwame.mensah@gmail.com","blackstars9","True"
"kmensa1","Blackstars9@Corp","False"
"ingrid.lindholm@telia.com","fikafriday","False"
"ilindho","Fikafriday!Spring24","False"
"hanna.novak95@centrum.cz","pilsner95","True"
"hnovak2","Pilsner95!Summer!","False"
"sunita.rao.ai@gmail.com","masalachai","True"
"srao04","Masalachai#Office1","False"
"jluc.vance@laposte.net","croissant4","True"
"jvance5","Croissant4!!Croissant4","False"
"beatriz.santos.br@gmail.com","ipanema99","True"
"bsanto8","Ipanema99#Login2024","False"
"ananya.sharma@gmail.com","gulabjamun","True"
"asharm7","Gulabjamun@123456","True"
"gabriel.dupont@orange.fr","bordeaux33","True"
"gdupont","Bordeaux33#Enterprise","False"
"thao.nguyen.saigon@gmail.com","phosaigon","True"
"tnguye6","Phosaigon123!@#","False"
"horvath.emil@centrum.sk","tatramtns","False"
"ehorvath","Tatramtns#Corp2024","False"
"chen.zhu.sh@163.com","pandaexpress","True"
"zchen01","Pandaexpress*888","False"
"arthur.pendelton@gmail.com","rolexsub89","False"
"apendel","Rolexsub89@Alpha","False"
"amina.demir.ist@yandex.com","bosphorus01","True"
"ademir","Bosphorus01%Bank","False"
"kenji.sato.japan@yahoo.co.jp","midorizaka","False"
"ksato03","Midorizaka$2024","False"
"dani.moreau@videotron.ca","bagelmtl514","False"
"dmoreau","Bagelmtl514!Office","False"
"anya.petrov94@gmail.com","babushka","True"
"apetrov","Babushka*Winter2024","False"
"jbecker.berlin@gmail.com","technoberlin","False"
"jbecker","TechnoBerlin#SecOps1","False"
"ethan.hawkesmith@gmail.com","labradorrex","True"
"ehawkesmith","LabradorRex!Enterprise1","False"
"chao.zhang.safety@163.com","pandahero88","True"
"czhang","PandaHero88$$2024","False"
"minh_nv82@gmail.com","saigoncafe7","False"
"mvnminh","Saigoncafe7#2024!","False"
"mireille.dubois@orange.fr","marseille13","True"
"mdubois","Marseille13#SiteLog","False"
"elijah.campbell.builds@gmail.com","bassfishing77","True"
"ecampbell","Bassfishing77#Pass","False"
"ifeoma.okonjo@gmail.com","chinuaachebe","True"
"iokonjo","Chinuaachebe#2024$","False"
"sofia.alvarez.t@outlook.com","dulcedeleche","True"
"salvarezt","Dulcedeleche$2024!","False"
"zainab_husain_rt@gmail.com","karachibreeze","False"
"zhusain","Karachibreeze@VentCare1","False"
"f.elamrani@gmail.com","yasmin2011","True"
"felamrani","Yasmin2011$School","False"
"george.papadop@hotmail.gr","souvlaki01","True"
"gpapadopoulos","Souvlaki01!Produce","False"
"youssef.benali@wanadoo.fr","atlaslion","True"
"ybenali","Atlaslion*Shop2024","False"
"meiling.chow@gmail.com","dimsumlover","True"
"mchow","Dimsumlover99!Retail","False"
"tariq.m.tech@gmail.com","lahorecricket","False"
"tmahmo","Lahorecricket$2024","False"
"laurent_camille@free.fr","macaronparis","False"
"clauren","Macaronparis@2024!","False"
"freja.nielsen@proton.me","hyggelife","False"
"fnielse","Hyggelife#Denmark88","False"
"zoekvance@gmail.com","brooklyn112","True"
"zkravit","Brooklyn112$$Care","False"
"khadija.diop@yahoo.com","dakarvibes","False"
"kdiop","Dakarvibes*Welcome1","False"
"elena.rostova91@gmail.com","marley2012","True"
"erosto01","Marley2012!Bank","False"
"tariq.mansoor@outlook.com","falcon77","True"
"talmans2","Falcon77#Risk2024","False"
"mateo.alvarez.cr@gmail.com","santiago09","True"
"malvare1","Santiago09$$Bank","False"
"priyasharma.mumbai@gmail.com","gulabjamun","True"
"psharm02","Gulabjamun!Wealth1","False"
"kenji.sato.jp@yahoo.co.jp","godzilla98","True"
"ksato08","Godzilla98$$Tokyo","False"
"fatimah.abd@gmail.com","kuchingcat","True"
"fabdul01","Kuchingcat#Audit12","False"
"lucas.dupont@orange.fr","montpellier","True"
"ldupon06","Montpellier2024!Bank","False"
"sofia.rossi89@libero.it","vesparider","True"
"srossi03","VespaRider$2024!","False"
"ananya.quant@gmail.com","matrixcalc","False"
"achatt07","MatrixCalc#99Bank","False"
"kwesi.mensah@gmail.com","kofikofi","True"
"kmensa01","KofiKofi@Settlement1","False"
"ingrid.nilsson.stockholm@gmail.com","fika1234","True"
"inils02","Fika1234!!Treasury","False"
"cmendez.loans@gmail.com","canelo2018","True"
"cmende04","Canelo2018#Mortgage","False"
"cndayi93@gmail.com","safari22","True"
"cndayi01","Safari22$$FraudStop","False"
"zeynep.yilmaz.ist@gmail.com","galatasaray","True"
"zyilma05","Galatasaray*2024#","False"
"msantos.manila@gmail.com","barako2020","False"
"msanto02","Barako2020##Teller","False"
"j.vandermeer@ziggo.nl","amsterdam1","True"
"jvand03","Amsterdam1$$Derivs","False"
"thabo.molefe.za@gmail.com","orlando99","True"
"tmolef01","Orlando99!!Branch","False"
"beatrix.nagy.hu@gmail.com","budapest01","True"
"bnagy04","Budapest01$$Compliance","False"
"dmiller.cre@gmail.com","buckeye21","True"
"dmille08","Buckeye21!!CRE2024","False"
"hina.khan.karachi@gmail.com","biryani05","False"
"hkhan02","Biryani05#KYCOnboard","False"
"sato_takashi@outlook.jp","gundamrx78","True"
"tsato","Gundamrx78!!work","False"
"tariq_hadid@live.com","desertrally","False"
"thadid","Desertrally!Pour2024","False"
"ivan.petrov.welder@mail.bg","balkanheat","False"
"ipetrov","Balkanheat%Pipefit44","False"
"zara.ahmed@yahoo.co.uk","biryanirice","True"
"zahmed","Biryanirice!Admin2024#","False"
"ethan.wright@gmail.com","campingtrip","True"
"ewright","Campingtrip@Prod#101","False"
"nnamdi.azikiwe@gmail.com","lagoslife99","False"
"nazikiwe","Lagoslife99$Block!Chain","False"
"devendra.verma@gmail.com","cricketlegend","True"
"dverma","Cricketlegend#Sol2024!","False"
"rajesh_p82@rediffmail.com","cricketbat","True"
"rpatel2","Cricketbat@786#","False"
"ibrahim_d90@yahoo.fr","dakarsoleil","False"
"idiallo","Dakarsoleil#Aid2024","False"
"hyojung.park88@naver.com","starcraft2","True"
"hpark3","Starcraft2#Blizzard2024!","False"
"natan.goldberg@gmail.com","hummusbar","False"
"ngoldberg","Hummusbar!TelAviv2024#","False"
"lars.lindholm@spray.se","volvo240gl","True"
"llindh01","Volvo240gl!Work#","False"
"liam_gallagher_phleb@gmail.com","guinnessdraft","False"
"lgalla02","GuinnessDraft#123","False"
"sunita.diet@gmail.com","mangolassi7","False"
"srao4","MangoLassi7#Clinic","False"
"zanele_d@webmail.co.za","simbacub22","False"
"zdlamin","SimbaCub22@Maternity","False"
"niarobinsonpt@gmail.com","sunflowersun","True"
"nrobin01","SunFlowerSun!2024PT","False"
"aoife_murphy_cns@gmail.com","cloverfield3","True"
"amurph04","CloverField3!WardB","False"
"hanna.zielinska.pl@wp.pl","pierogilove7","False"
"hzieli","Pierogilove7&Ward","False"
"park.jongseok.kr@naver.com","sonheungmin7","True"
"jpark3","Sonheungmin7!ICU","False"
"davies.marcus@yahoo.com","corgilover","True"
"mdavies","Corgilover#2023!","False"
"sofiabenitez92@gmail.com","perroblanco","True"
"sbenitez","Perroblanco*2024!","False"
"beatrice.vane.oxon@gmail.com","tudorroses","True"
"bvane","Tudorroses#1485!UK","False"
"oliver.bennett.psy@gmail.com","mindfulness","True"
"obennett","Mindfulness@2024Help","False"
"kmensah.phleb@gmail.com","accra2020","True"
"kmensah3","Accra2020!Health","False"
"drpriyapatel@gmail.com","chaiislove","True"
"ppatel08","Chaiislove#2024!","False"
"jldubois88@orange.fr","alouette9","True"
"jdubois1","Alouette9!Ortho24","False"
"aiko.tanaka.pt@gmail.com","sakura04","True"
"atanaka5","Sakura04#Therapy!","False"
"samuel.osei.mls@gmail.com","chelseafc","True"
"sosei9","ChelseaFC!2023#Lab","False"
"amara.okafor@yahoo.com","sunshine07","True"
"aokafor2","Sunshine07!Clinic2024","False"
"dr.m.rossi@virgilio.it","intermilan","True"
"mrossi6","Intermilan#Doc2024!","False"
"dirk.vdm@kpnmail.nl","zeilboot8","True"
"dvandermeer","Zeilboot8@Facility1!","False"
"zeynepdemir.rd@gmail.com","zeytinya","False"
"zdemir3","Zeytinya#Diet2024","False"
"dr.tariq.hashimi@gmail.com","baghdad01","True"
"talhashimi","Baghdad01$Medical24","False"
"ingrid.bsoto@gmail.com","mangoice7","False"
"isoto2","Mangoice7!Research1","False"
"hanh.nguyen.rev@gmail.com","saigonbaby","True"
"hnguyen8","Saigonbaby@Billing24!","False"
"lmorales.nicunurse@gmail.com","peque2019","True"
"lmorales1","Peque2019!NicuCare","False"
"l.moretti.urb@gmail.com","Vesuvio92","True"
"lmoretti","Vesuvio92!Progetto","False"
"minh.steel82@gmail.com","PhoGaSpecial","False"
"vminh","PhoGaSpecial#2024","False"
"eeva.korhonen@luukku.com","SaunaLover","False"
"ekorhonen","SaunaLover2024#Nordic","False"
"z.hosseini.cost@gmail.com","ShirazRose","False"
"zhosseini","ShirazRose#CostEstimate","False"
"eleni.pap1988@gmail.com","souvlaki99","True"
"epapan","Souvlaki99!Bank","False"
"priya.nataraj@outlook.com","diwalisweets","True"
"pnatar","DiwaliSweets@108","False"
"olga.ivanova.spb@mail.ru","siberiancat","True"
"oivano","Siberiancat!999$","False"
"tariq_adeleke@gmail.com","arsenalgunners","True"
"tadele","Arsenalgunners#14!","False"
"kavita.rao92@yahoo.com","bangalorerain","False"
"krao01","BangaloreRain*1992","False"
"noah.meyer.zurich@bluewin.ch","matterhorn44","True"
"nmeyer","Matterhorn44!Swiss","False"
"jack.davies.cardiff@gmail.com","rugbyunion","True"
"jdavie","Rugbyunion#2024!","False"
"hannah.campbell@edinburgh.co.uk","goldenretriever","True"
"hcampb","Goldenretriever@01!","False"
"bea_gomez_madrid@yahoo.es","sangriasummer","True"
"bgomez","Sangriasummer%2024","False"
"mariagonzalez_82@hotmail.com","canela2012","True"
"mgonzalez","Canela2012!Admin","False"
"tariq.m.hist@gmail.com","pyramids","True"
"tmahmoud","Pyramids@Faculty1","False"
"brian.macintyre@gmail.com","scotland78","True"
"bmacintyre","Scotland78#HighSchool","False"
"soren.nielsen.dk@gmail.com","vikingrock","True"
"snielsen","Vikingrock!Media2024","False"
"priya.sharma.rx@gmail.com","masalachai9","True"
"psharma7","Masalachai9#RxDept","False"
"jihoon.park94@naver.com","sojuweekend94","False"
"jhpark3","Sojuweekend94!ICUcare","False"
"clara.dubois.pt@laposte.net","croissant82","True"
"cdubois9","Croissant82*RehabPT","False"
"chihiro_sato@outlook.jp","matchatea10","False"
"csato5","Matchatea10#HealthRec","False"
"ananya.sen.eng@gmail.com","darjeeling03","True"
"asen4","Darjeeling03!Biomedical","False"
"zoe_b_nurse@gmail.com","goldendoodle7","True"
"zbennett6","Goldendoodle7!StJude","False"
"bia.santos.nutri@gmail.com","maracuja89","True"
"bsantos3","Maracuja89@Dietetics","False"
"sunyoung.kim.crc@gmail.com","gangnamcafe1","False"
"sykim2","Gangnamcafe1!Research","False"
"gabriel_pa_life@gmail.com","ipanema95","True"
"gsilva0","Ipanema95*Clinical","False"
"lucas.moreau@mail.fr","velofrance","True"
"lmoreau","VeloFrance#2024","False"
"fatimah.youssef@webmail.my","kucingcomel","True"
"fyoussef","KucingComel@2024!","False"
"hanakim98@daum.net","pinklipstick","True"
"hkim02","PinkLipstick@2024","False"
"nkechiadeleke@gmail.com","jollofrice","True"
"nadeleke","JollofRice$2024#","False"
"ingrid.larsson@telia.com","kanelbulle","True"
"ilarsson","Kanelbulle#Store24","False"
"kwame.asante.accra@gmail.com","kumasiwarriors","False"
"k_asante","Kumasiwarriors#2024","False"
"yasmin.hassan.cairo@gmail.com","zamaleksc22","False"
"yalhassan","Zamaleksc22#Admin2024","False"
"hannah.vanderberg@ziggo.nl","stroopwafel11","True"
"hvanderberg","Stroopwafel11!Clinic","False"
"siobhan_oc@proton.me","cloverField","True"
"soconn","CloverField2024!Audit","False"
"mateo.fernandez92@gmail.com","dulcedeleche","True"
"mferna","Dulcedeleche#1234Bank","False"
"jinwoo.park.quant@naver.com","starcraft99","True"
"jwpark","Starcraft99!!ModelRisk","False"
"ananya.rao.tech@gmail.com","gulabJamun1","False"
"arao02","GulabJamun1@Secure#24","False"
"zeynep.kaya.ist@gmail.com","bosphorus7","True"
"zkaya3","Bosphorus7!Report2024","False"
"dmurphy.dublin@gmail.com","wicklowHike","False"
"dmurph","WicklowHike2024!Lending","False"
"thandi.ndlovu@gmail.com","jacaranda12","True"
"tndlov","Jacaranda12#KYCsecure!","False"
"b.moretti.milan@gmail.com","vespaRed01","False"
"bmoret","VespaRed01!Compliance$","False"
"sam.cohen.ny@gmail.com","brooklynBagel","False"
"scohen","BrooklynBagel!Risk2024#","False"
"garethdavies_rugby@outlook.com","cardiffrugby","True"
"gdavies","CardiffRugby1876#","False"
"pavel.novak@seznam.cz","plzenpivo","False"
"pnovak","Plzenpivo2024@!","False"
"nadia_petrov95@abv.bg","sunnybeach","True"
"npetrov","Sunnybeach@2024!","False"
"ethan.cole98@gmail.com","chelsea98","True"
"ecole01","Chelsea98!Banking#","False"
"olga.smirnova.spb@mail.ru","kotikmurzik","True"
"osmirnov","Kotikmurzik!1991","False"
"nurul.huda.my@gmail.com","rendangenak","True"
"nhuda01","Rendangenak@Fintech1","False"
"chloe.martin.nz@gmail.com","marmalade14","True"
"cmartin2","Marmalade14#Settlement","False"
"tariq.hashimi@outlook.com","falcondesert","False"
"thashimi","Falcondesert$Wealth1","False"
"luciana.morales.baires@gmail.com","mateamargo","True"
"lmorales","Mateamargo#WireTransfer","False"
"sunhee.park.kr@naver.com","kimbaplunch","False"
"shpark1","Kimbaplunch!OpsRisk","False"
"rachelgreenbaum@gmail.com","bagelsmear","False"
"rgreenbaum","Bagelsmear@Diet123","False"
"jlmercier87@orange.fr","trottinette","True"
"jmercier","Trottinette!1234","False"
"pilar.gomez.kids@hotmail.com","tortillapatata","True"
"pgomez","Tortillapatata#EarlyEd","False"
"klindner_berlin@web.de","waldmeister99","True"
"klindner","Waldmeister99!2024","False"
"shpark.style@naver.com","borahae0613","True"
"spark88","Borahae0613!!Summer","False"
"beatriz_silva_sp@uol.com.br","pipocadocinho","False"
"bsilva05","Pipocadocinho2023*","False"
"amina_alhassan@live.com","safariqueen","True"
"aalhassa","Safariqueen#2024","False"
"nikki.papas.ath@gmail.com","santoriniblue","True"
"npapas3","Santoriniblue$100","False"
"jack.tremblay.mtl@outlook.com","poutineking1","False"
"jtrembla","Poutineking1@Receiving","False"
"linh.nguyen.hcm@gmail.com","cafesuada9","False"
"lnguyen44","Cafesuada9!!Returns","False"
"sara.lindholm.sthlm@spray.se","fikadags14","False"
"slindhol","Fikadags14!RetailStore","False"
"sid.nair@gmail.com","bullet350cc","True"
"snair0","Bullet350cc@Audit","False"
"amina_bello@hotmail.com","lagosvibes1","False"
"abell2","LagosVibes1!Access","False"
"ewa.kowalska@onet.pl","krakowpiesek","False"
"ekowal","KrakowPiesek#123","False"
"nia.roberts@cardiffnet.co.uk","daffodil2018","True"
"nrober","Daffodil2018%Bank","False"
"jorge_gutierrez@prodigy.net.mx","chivascampeon","True"
"jgutie","ChivasCampeon!99","False"
"zainab_q@fastmail.com","karachichai","False"
"zqures","KarachiChai$2024","False"
"arjun.patel01@outlook.com","currypower42","False"
"apatel9","CurryPower42@Corp","False"
"thanh_nguyen85@fpt.vn","saigonpho88","False"
"tnguye4","SaigonPho88$$Work","False"
"zoe.vandermerwe@mweb.co.za","proteaflower","True"
"zvandermerwe","Proteaflower#Eco1","False"
"einar.lindholm@gmail.se","mjolnir77","True"
"elindholm","Mjolnir77#Steel","False"
"marekhorvath.bl@centrum.sk","tatramtns","False"
"mhorvath","Tatramtns!Demo99","False"
"hassan.raza.pk@yahoo.com","biryaniking","False"
"hraza","Biryaniking@Work!1","False"
"mikhail.popov.sec@yandex.ru","redsquare7","True"
"mpopov","Redsquare7!Login123","False"
"aris.thorne.md@gmail.com","perseus2012","True"
"athorne","Perseus2012!Med","False"
"bea.ortiz.diet@gmail.com","aguafresca","True"
"bortiz","AguaFresca!Nutrition#1","False"
"sjackson.read@gmail.com","gatsbygreen","False"
"sjackson","Gatsbygreen@Light1925!","False"
"anastasiya.iva@mail.ru","barsik2018","True"
"aivanova","Barsik2018!Secure","False"
"tariq.hashimi@gmail.com","falconeye","True"
"talhash","Falconeye#2024!","False"
"sophie.vdb@kpnmail.nl","stroopwafel","True"
"svanderb","Stroopwafel2024!","False"
"ingrid.lindqvist@telia.se","fikapaus01","True"
"ilindqvi","Fikapaus01!Work","False"
"aysha.tech@gmail.com","biryaniking","False"
"asiddiq","Biryaniking@Retail1","False"
"b.moreau@orange.fr","macarons92","False"
"bmoreau","Macarons92#Store","False"
"hiba.khoury@gmail.com","cedarspring","True"
"helkhour","Cedarspring#Retail9","False"
"fiona.campbell@btinternet.com","piperdog09","True"
"fcampbel","Piperdog09!Glasgow","False"
"liam.oconnor77@yahoo.ie","shamrock08","True"
"locon1","Shamrock08$Dublin","False"
"cmendoza_bogota@hotmail.com","millonarios","True"
"cmendo1","Millonarios#2024!","False"
"yuki.tanaka.jp@gmail.com","shiba_kento","False"
"ytanak2","Shiba_kento#Tokyo99","False"
"f.alzahrani@gmail.com","jasminetea","True"
"falzah1","JasmineTea#Spring24","False"
"lucas.silva.rio@globo.com","flamengo81","True"
"lsilva5","Flamengo81$$Finance","False"
"henrik.lindqvist@mail.se","fikaforlife","False"
"hlindq1","Fikaforlife#Stockholm1","False"
"artem.sokolov@yandex.ru","taigaforest","True"
"asokol1","Taigaforest#BankSec99","False"
"nkechi_adeleke@yahoo.com","egusisoup","True"
"nadele2","Egusisoup!Lagos2024","False"
"jonas.vandenberg@telenet.be","trappistale","True"
"jvande1","Trappistale$Brussels1!","False"
"dmacleod_highland@sky.com","bagpipes44","True"
"dmacle1","Bagpipes44!Edinburgh","False"
"zsombor.kovacs@freemail.hu","balatonlake","False"
"zkovac1","Balatonlake#Budapest9","False"
"aaliyah.brooks@gmail.com","peaches2011","True"
"abrook3","Peaches2011$Atlanta1","False"
"h.sato.fin@gmail.com","matchaice","False"
"hsato02","Matchaice#TokyoFx2024","False"
"sunita_pt@rediffmail.com","diwali05","True"
"spatel4","Diwali05#Clinic","False"
"thierry.dubois71@wanadoo.fr","bordeaux92","True"
"tdubois","Bordeaux92!MedSafe","False"
"ingrid.vandermeer@ziggo.nl","tulpen22","True"
"ivanderm","Tulpen22!Safety*","False"
"volkov_sergei@mail.ru","baikal85","True"
"svolkov","Baikal85#Testing!","False"
"agomez_bogota@yahoo.es","cafecito","True"
"agomez9","Cafecito#2024$Cardio","False"
"ananya.sen@kolkata.net","rasgulla","True"
"asen3","Rasgulla!1234#","False"
"dr.chloemartin@orange.fr","provence08","True"
"cmartin5","Provence08$Doctor","False"
"greta.mueller@gmx.de","schokolade","True"
"gmuelle","Schokolade2024!Rx","False"
"hannah.midwife@btinternet.com","daisycat","True"
"hcampbe","Daisycat2024!Baby","False"
"mateorossi_vr@libero.it","juventus77","True"
"mrossi9","Juventus77#Store1","False"
"oliver.jones.uk@outlook.com","arsenalgunner","True"
"ojones3","Arsenalgunner@01!","False"
"elena_ivanova88@mail.ru","matryoshka","True"
"eivanova1","Matryoshka$2024*","False"
"park.jihoon94@daum.net","taekwondo1","True"
"jpark5","Taekwondo1#Dept2","False"
"emily.davis.retail@gmail.com","goldenhoney","True"
"edavis7","Goldenhoney$1234","False"
"hassanraza_pk@yahoo.com","cricketbat","True"
"hraza2","Cricketbat#Retail24","False"
"zoe_tremblay@videotron.ca","poutine101","True"
"ztremblay","Poutine101!Sales#","False"
"kavita_sharma@yahoo.co.in","masalachai","True"
"ksharma3","Masalachai#2024!","False"
"bella.gomez.fl@hotmail.com","fluffycat7","True"
"igomez1","Fluffycat7#StoreAccess","False"
"tanaka.hiroshi.photo@yahoo.co.jp","sakura04","True"
"htanaka2","Sakura04!Spring2024","False"
"deepak_cricket11@outlook.com","tendulkar","True"
"dpatel3","!Tendulkar#100ton","False"
"jonas.jonaitis.v@inbox.lt","vilnius05","True"
"jjonaiti","Vilnius05$WardPsych!","False"
"david.kim.surfer@daum.net","busanwaves","False"
"dkim09","Busanwaves!ORSurgery1","False"
"loconnor_dublin@hotmail.com","guinness04","True"
"loconn9","Guinness04&StJamesGate","False"
"lweber.berlin@gmx.de","kebabberlin","False"
"lwebe7","Kebabberlin!10115#Safe","False"
"hanna.lindqvist@tele2.se","fikafriday","False"
"hlindq4","Fikafriday*Stockholm24","False"
"sven_jansen85@ziggo.nl","stroopwafel","True"
"sjanse9","Stroopwafel!Gouda2024#","False"
"olga.kowalska@onet.pl","tatryhiking","False"
"okowal1","Tatryhiking&Poland2024!","False"
"arjun_patel90@gmail.com","ahmedabad1990","False"
"apate7","Ahmedabad1990$Workstation!","False"
"yuki.tanaka77@infoseek.jp","onigiri77","True"
"ytanak4","Onigiri77*TokyoSecure#","False"
"zainab.khatib@gmail.com","shawarmahot","False"
"zalkha2","Shawarmahot!AmmanWork#","False"
"nia.williams89@outlook.com","bluejay89","True"
"nwilli8","Bluejay89@TorontoOffice!","False"
"v.horvath@freemail.hu","goulashsoup","False"
"vhorva5","Goulashsoup*Budapest2024!","False"
"rajesh_kulkarni@yahoo.co.in","punerider82","False"
"rkulkarni","PuneRider82$$Campus","False"
"piotr.wiz@onet.pl","quantumfrog","False"
"pwisniewski","Quantumfrog@Lab99","False"
"hassan_alfassi@gmail.com","medinaancient","False"
"halfassi","Medinaancient$HighSchool","False"
"linazhang85@163.com","xiaolongbao8","False"
"lzhang","Xiaolongbao8!EnglishEdu","False"
"zoya.ivanova90@yandex.ru","pushkin01","True"
"zivanova","Pushkin01#ICUshift!","False"
"nieminen.arvo@kolumbus.fi","saunatime05","False"
"anieminen","Saunatime05#Sterile1","False"
"zainab.tariq@protonmail.com","karachikid","True"
"ztariq","KarachiKid!Canvas24","False"
"lars.vandermeer.ams@gmail.com","windmill77","True"
"lvandermeer","Windmill77#HistoryRoom","False"
"katia.smirnova.phys@gmail.com","sputnik61","True"
"esmirnova","Sputnik61#LabResearch","False"
"keanu.crafts@gmail.com","woodturner","True"
"kreeveson","WoodTurner@Shop101!","False"
"sophia.ramirez.peds@gmail.com","charliebear08","True"
"sramirez2","Charliebear08!Med","False"
"mateo_surf_silva@hotmail.com","copacabana10","True"
"msilva1","Copacabana10*EMS","False"
"ananya_dna@gmail.com","diwalilight","False"
"asharma8","Diwalilight@2025","False"
"ravi.naidoo.durban@gmail.com","sharkswin07","False"
"rnaidoo","Sharkswin07@Ward","False"
"grace_kim_trials@gmail.com","hanbokgirl","False"
"gkim5","Hanbokgirl#Study1","False"
"murphy.finnian.ems@outlook.com","dublindawg","False"
"fmurphy","Dublindawg#Rescue","False"
"zainab.hashimi@example.com","greentea33","True"
"zalhashimi","Greentea33##Diet24","False"
"camille.laurent.fr@example.fr","chocolatnoir","True"
"claurent","Chocolatnoir2024!#","False"
"noor.alzahra@example.ae","starlight9","True"
"nalzahra","Starlight9!!Analytics","False"
"maya.patel.uk@example.co.uk","peacock22","True"
"mpatel","Peacock22$$RenalCare","False"
"asante.kwame@outlook.com","chelseafc99","True"
"kwasan","ChelseaFC99#Corp!","False"
"carlos.gomez.v@yahoo.com","bocajuniors","True"
"cgomezv","BocaJuniors2024!#","False"
"zainab_badawi@yahoo.com","hibiscustea","True"
"zbadaw","Hibiscustea!Enterprise1","False"
"pavlov.dima@mail.ru","redoctober","True"
"dpavlov","RedOctober2024!Admin","False"
"soraya.nour@gmail.com","bookworm85","True"
"snour0","Bookworm85!Docs2024","False"
"adeyemi.oluwaseun@gmail.com","lagosballer","False"
"oadeye","Lagosballer2024$$Corp","False"
"kowalska.hanna@wp.pl","pierogilove","True"
"hkowal","Pierogilove@Workplace1!","False"
"yuki.tanaka@gamenet.jp","zeldafan99","True"
"ytanak","Zeldafan99!StudioPass","False"
"sarahj_nurse@comcast.net","goldieretriever","False"
"sjenkins2","GoldieRetriever!Np1","False"
"cmendez_chivas@yahoo.com","chivas1906","True"
"cmendez1","Chivas1906!Logistics","False"
"mgoldblum@optimum.net","bagellover","True"
"mgoldblum","BagelLover#OTclinic","False"
"dayo.adeyemi@yahoo.com","lagoscity","True"
"dadeyemi","LagosCity!Dialysis1","False"
"sofia.morales.cr@gmail.com","puravida","True"
"smorales2","PuraVida2024!#","False"
"minh_mobile@gmail.com","pho24bo","False"
"nminh","Pho24bo!SecurePass","False"
"hanna.zielinska@interia.pl","pierogilove","True"
"hzawadzka","PierogiLove!2024#","False"
"nia.evans.wales@gmail.com","snowdonia","True"
"nevans2","Snowdonia!Work2024","False"
"hannah.berg.berlin@web.de","apfelstrudel","True"
"hberg","Apfelstrudel$100","False"
"amina.mansoor92@outlook.com","yasminflower","True"
"aalman819","Yasminflower#2024","False"
"liam_hurling_fan@yahoo.ie","hurlingchamp","False"
"loconn112","Hurlingchamp$1234","False"
"spatel.mumbai@gmail.com","chailatte08","False"
"spate992","Chailatte08!Work","False"
"chloe.artdubois@free.fr","monchervalentin","False"
"cdubo304","Monchervalentin@01","False"
"kenjisato_retro@yahoo.co.jp","gundamwing95","True"
"ksato518","Gundamwing95!Shift","False"
"elena_spb89@mail.ru","solnishko89","True"
"erost221","Solnishko89#Store","False"
"marcus.j.hoops@gmail.com","bullsnation","True"
"mjohn607","BullsNation*2024!","False"
"daehyun.gaming@naver.com","starcraftpro","True"
"dpark110","Starcraftpro#99Logistics","False"
"ananya_books96@gmail.com","potterhead07","True"
"ashar339","Potterhead07$Retail","False"
"gsantos_surf@hotmail.com","praiadotombo","True"
"gsant552","PraiaDoTombo#123","False"
"tariq_cairo88@yahoo.com","ahlyclub88","False"
"tmans445","Ahlyclub88@Service","False"
"zara.chen.tech@gmail.com","bobaaddict","False"
"zchen920","Bobaaddict!2024POS","False"
"kofi.kumasi@live.com","blackstars10","True"
"kmens671","Blackstars10#Warehouse","False"
"smurphy_galway@eircom.net","wildatlantic","True"
"smurp883","WildAtlantic$2024","False"
"morales.alejo@gmail.com","guitarraacustica","True"
"amora249","Guitarraacustica!1","False"
"luka_zagreb@net.hr","dinamozg1986","True"
"lhorv319","Dinamozg1986@Shift1","False"
"mlzhou_tea@qq.com","greentealover","True"
"mzhou012","GreenTeaLover#2024","False"
"josh.miller.outdoors@gmail.com","campingweekend","True"
"jmill482","Campingweekend@Night!","False"
"nia_lagos@yahoo.com","suyaandjollof","False"
"nadeb715","Suyaandjollof*100%","False"
"carlitos.gomez84@hotmail.com","perritotoby","True"
"cgome633","Perritotoby$Cash24","False"
"thao.nguyen.hcmc@gmail.com","phohanoi2020","False"
"tnguy558","Phohanoi2020!Office","False"
"hannah.krause.berlin@web.de","schokolade99","True"
"hkrau901","Schokolade99#Supermarket","False"
"chen.jp99@163.com","badminton7","True"
"jchen","Badminton777!!","False"
"ortiz.alejandro77@hotmail.com","maderafina","True"
"aortiz","Maderafina2024#","False"
"hanna.nowak@poczta.fm","tatramountains","True"
"hnowak","Tatramountains01!","False"
"youssef.masri@yahoo.fr","cairobridge","False"
"yelmasri","Cairobridge123$","False"
"brooke.taylor@optusnet.com.au","goldenretriever","True"
"btaylor","Goldenretriever2024!","False"
"priyabala.bio@outlook.com","dosalover12","False"
"pbala2","#DosaLover12!2024","False"
"chenwei_rx@163.com","bubbletea8","True"
"wchen8","BubbleTea8!!Pharm","False"
"k.asante.pt@gmail.com","chelsea1995","True"
"kasante3","Chelsea1995@Rehab","False"
"sofia.hndez@hotmail.com","chihuahua07","True"
"shernandez9","Chihuahua07##Lab","False"
"taka.sato82@gmail.com","gundamfan7","False"
"tsato1","Gundamfan7!Hospital","False"
"nia.williams89@yahoo.com","cupcakes22","True"
"nwilliams6","Cupcakes22&HIMrecords","False"
"jldubois65@orange.fr","croissant44","True"
"jdubois8","Croissant44??Health","False"
"ananya.sen.icu@gmail.com","rasgulla84","False"
"asen5","Rasgulla84$$CriticalCare","False"
"lucas.vandenberg@ziggo.nl","oranje2010","True"
"lvandenb","Oranje2010!!Ambulance","False"
"yuki.tanaka94@gmail.com","matchalatte3","False"
"ytanaka4","MatchaLatte3##Sono","False"
"carlos_mendoza01@gmail.com","jalapeno18","True"
"cmendoza7","Jalapeno18$$Patient","False"
"minjun.park.tech@naver.com","starcraft99","True"
"mpark0","Starcraft99$$ITDesk","False"
"isabella.rossi.md@gmail.com","gelato2021","True"
"irossi3","Gelato2021!!NICU","False"
"m_becker_berlin@gmx.de","currywurst44","True"
"mbecker","Currywurst44!Totalstation","False"
"jtaylor_music@hotmail.com","bassguitar8","True"
"jtaylor","Bassguitar8$$Aid","False"
"nushivarma@gmail.com","mangoseason","True"
"nvarma","Mangoseason@2024!","False"
"miriam.gold@gmail.com","bagelcream","True"
"mgold","Bagelcream@Release2024","False"
"gaby.castro@gmail.com","churros99","True"
"gcastro","Churros99!Helpdesk2024","False"
"thandi.khumalo@webmail.co.za","jacaranda","True"
"tkhumalo","Jacaranda#SafeClinic24","False"
"kavita.nair88@yahoo.com","monsoontea","False"
"knair","Monsoontea#2024Eng","False"
"aga_kowalska@interia.pl","tatramountains","True"
"akowalska","TatraMountains#Safety1","False"
"b.dubois.design@free.fr","chocolatnoir","True"
"bdubois","Chocolatnoir&Const2024","False"
"mariamkourouma9@gmail.com","conakrysun","False"
"mkourouma","Conakrysun$$DemoSite2","False"
"zdenek.scaffold@centrum.cz","plzenpivo","False"
"zpospisil","Plzenpivo&Scaffolding8","False"
"mirela_ionescu@yahoo.com","draculacastle","True"
"mionescu","DraculaCastle$$Audit23","False"
"fatimah.yasin@gmail.com","kucingoren","True"
"fyasin","Kucingoren$2024!","False"
"ana.morales.env@gmail.com","tortuga99","True"
"asmorales","Tortuga99$$Enviro","False"
"bridget.ndebele@gmail.com","sunflower12","True"
"bndebele","Sunflower12!!Logistics","False"
"soraya.ghasemi@gmail.com","shiraz2015","True"
"sghasemi","Shiraz2015#Struct!","False"
"marko.nikolic89@sbb.rs","rakija100","True"
"mnikolic","Rakija100##DemoJob","False"
"mateo.hndez91@outlook.com","tigreblanco","True"
"mhernandez1","Tigreblanco!2024$","False"
"arjun.rao.blr@gmail.com","masaladosa","True"
"arao1","Masaladosa$99Lab!","False"
"cami_morales89@gmail.com","perrolindo","True"
"cmorales5","Perrolindo!Resp2024","False"
"andreas.pap@in.gr","aegeanblue","True"
"apapandreou","Aegeanblue1975!Bones","False"
"yulia.morozova@ukr.net","kalynared","False"
"ymorozova","Kalynared$Clean2024!","False"
"priya.bala88@yahoo.com","kannan2015","True"
"pbala01","Kannan2015@Secure1","False"
"sam.osei78@gmail.com","kumasi2020","True"
"sosei1","Kumasi2020$$Lock","False"
"cmendoza_bogota@outlook.com","millonarios14","True"
"cmendoza02","Millonarios14!!Safe","False"
"park.jihoon1992@naver.com","starcraft99","True"
"jhpark7","Starcraft99$$2024","False"
"amina.diop90@gmail.com","dakarplage","False"
"adiop6","Dakarplage#2023!W","False"
"oliversmith_95@btinternet.com","arsenalgunner","True"
"osmith12","Arsenalgunner123!@","False"
"ananya.desai85@rediffmail.com","diwalisweets","True"
"adesai8","Diwalisweets@999$","False"
"guisilva.sp@uol.com.br","flamengo1981","True"
"gsilva4","Flamengo1981!!Bank","False"
"tariq_haddad@yahoo.com","cedar2019","True"
"thaddad2","Cedar2019$$Finance","False"
"zoe.papadop@hotmail.gr","santorini08","True"
"zpapadop","Santorini08!Legal$","False"
"liam.nguyen93@gmail.com","pho24bo","False"
"lnguyen11","Pho24bo##Pass2024","False"
"sipho.ndlovu89@webmail.co.za","orlandopirates","True"
"sndlovu5","Orlandopirates*99!","False"
"astrid.sorensen@mail.dk","havfrue01","True"
"asorensen","Havfrue01$$Nordic","False"
"fahad_zahrani@gmail.com","jeddahsunset","False"
"falzahrani","Jeddahsunset@2024#","False"
"monika.kowalska91@onet.pl","krakowwawel","True"
"mkowalska2","Krakowwawel!@2023","False"
"inez.creates@gmail.com","ceramica07","True"
"imorales","Ceramica07!Studio","False"
"bcoop_fishing@gmail.com","bassmaster","True"
"bcooper","Bassmaster!Work01","False"
"farhan.akhtar91@rediffmail.com","karachiking","True"
"fakhtar","Karachiking#12345","False"
"camila.santos.cloud@gmail.com","ipanema2016","True"
"csantos","Ipanema2016@Secure","False"
"takahashi.aoi@gmail.com","matchalatte8","True"
"atakah","Matchalatte8!2024","False"
"chloe.lefebvre@free.fr","petitprince3","True"
"clefeb","PetitPrince3%RxDesk","False"
"linzhu_87@qq.com","sweetbubbletea","False"
"lzhu01","SweetBubbleTea@Phleb24","False"
"amara.diallo@laposte.net","dakarvibes12","False"
"adiall","DakarVibes12!Nutrition","False"
"kavita.nair.pt@gmail.com","monsoonrain5","False"
"knair2","MonsoonRain5#Therapy!","False"
"snovak.med@seznam.cz","tatramountains","True"
"snovak","TatraMountains@Gas2024","False"
"mariana_m_94@live.com","chihuahua14","True"
"mmoral","Chihuahua14$Health","False"
"greta.weiss@web.de","schwarzwald6","False"
"gweiss","Schwarzwald6#Hygiene1","False"
"amoretti75@gmail.com","forzaitalia90","True"
"amoret","ForzaItalia90$Safety","False"
"cherif_leila@yahoo.fr","couscousparty","True"
"lcheri","CouscousParty#Ward4B","False"
"dkim_anesthes@gmail.com","fenderstrat88","True"
"dkim03","FenderStrat88!SurgiCare","False"
"kmensah_accra@yahoo.com","kofi2012","True"
"KMENS01","Kofi2012$Accra#","False"
"ingrid.bergman.de@web.de","pretzeltree","False"
"IBERG0","Pretzeltree!99Bank","False"
"nnamdi.eze.fin@gmail.com","lagosvibes","False"
"NEZE08","Lagosvibes#2024Secure","False"
"gdubois.paris@orange.fr","croissant7","True"
"GDUBOI","Croissant7@Paris123","False"
"jamal.hassan93@gmail.com","karakchai","False"
"JALHAS","Karakchai!Trade2024","False"
"r.kovacs.bp@gmail.com","balaton06","True"
"RKOVAC","Balaton06#Protect$","False"
"beatriz.ramos.rio@uol.com.br","samba2010","True"
"BRAMOS","Samba2010!Global#","False"
"henrik.nielsen.cph@mail.dk","hygge2019","False"
"HNIELS","Hygge2019@Finans!","False"
"linh.nguyen.hcmc@gmail.com","phohoat90","False"
"LNGUYE","Phohoat90#BankSafe!","False"
"d.tanaka88@gmail.com","ramenlover14","False"
"dtanaka","Ramenlover14@Work","False"
"siddharth.rao@rediffmail.com","primespiral","False"
"srao_math","Primespiral_31415","False"
"ananyasharma_95@gmail.com","gulabjamun","True"
"asharma_adm","Gulabjamun@100%","False"
"seanmaccarthy@eircom.net","shamrockrover","False"
"smaccarthy","Shamrockrover&01","False"
"hana.husseini@gmail.com","olivebranch3","True"
"halhusseini","Olivebranch3!2024","False"
"sven.devries@kpnmail.nl","tulipbike7","False"
"sdevries","Tulipbike7@Werk24","False"
"yuki.mori.chem@gmail.com","matchatea22","False"
"ymori_lab","Matchatea22??Chem","False"
"olumide.balogun@yahoo.com","lagosbeast","False"
"obalogun","Lagosbeast_2024!","False"
"nurse_maria_s@gmail.com","fluffybunny01","True"
"msantos_nurse","Fluffybunny01#Clinic","False"
"jldupont@free.fr","velofrance","True"
"jldupont","Velofrance#2024Paris!","False"
"biasilva_sp@gmail.com","pipoca12","True"
"bsilva5","Pipoca12#Banco2024","False"
"chloe.tremblay@videotron.ca","poutine77","True"
"ctrembl","Poutine77#Montreal1!","False"
"farhan.siddiqui@gmail.com","biryani05","False"
"fsiddiq","Biryani05$Liquidity!","False"
"marta.kowalska@op.pl","pierogi04","True"
"mkowalsk","Pierogi04#Settlement$","False"
"fatimah.hassan@fastmail.com","calligraphy8","True"
"fhassan","Calligraphy8$$2024","False"
"igor.smirnov.code@yandex.com","spartakwin","True"
"ismirnov","SpartakWin_2024!OK","False"
"thomas.mueller.tech@web.de","feuerwehr112","True"
"tmueller","Feuerwehr112#Secure","False"
"zainab.siddiqui@gmail.com","chaiandbooks","False"
"zsiddiqui","Chai&Books_Winter24!","False"
"hanna.lindholm@outlook.se","fikatime8","False"
"hlindholm","FikaTime8!!Enterprise","False"
"tariq_hasan@fastmail.com","biryanilove","True"
"thasan","BiryaniLove$Shift","False"
"varga.nikolett@freemail.hu","balatonnyar","False"
"nvarga","BalatonNyar!Store8","False"
"grace.kimani85@gmail.com","serengeti01","True"
"gkimani","Serengeti01!RetailHR","False"
"isla_macleod@scotnet.co.uk","highlandshea","False"
"imacleod","HighlandShea@Floor","False"
"amara.nnamdi@gmail.com","enugu2010","True"
"annamdi","Enugu2010$Geotech","False"
"ramesh_sharma77@rediffmail.com","jaipur77","True"
"rsharma","Jaipur77#Build*","False"
"gabrielosei44@yahoo.com","blackstars","True"
"gosei","Blackstars#2024!","False"
"dani_jackson82@gmail.com","mustang67","True"
"djackson","Mustang67#Work!","False"
"david.chen.sf@gmail.com","bobatea2020","True"
"dchen4","Bobatea2020!Corp$","False"
"carlossilva_rio@globo.com","flamengo10","True"
"csilva04","Flamengo10@WorkSafe","False"
"swpark_korea@naver.com","kimchijjigae","True"
"spark22","Kimchijjigae!Blood1","False"
"sjenkins.crafts@gmail.com","biscuitcat","True"
"sjenkins_sped","Biscuitcat123$$$","False"
"f.diop.dakar@yahoo.fr","teranga221","True"
"fdiop_lib","Teranga221!Books","False"
"csilva_rio@gmail.com","flamengo81","True"
"csilva_adm","Flamengo81!Welcome","False"
"nkowalski.psy@interia.pl","pierogi_love","False"
"nkowalski","Pierogi_love2024!$","False"
"davidchen.seattle@gmail.com","mariners95","True"
"dchen_dean","Mariners95#School!","False"
"lucas.jensen.cph@gmail.com","vikingboat","True"
"ljensen","Vikingboat1066!?","False"
"jorge.morales.tech@gmail.com","stratocaster","True"
"jmorales_it","Stratocaster@2024!","False"
"maria.santos.mnl@yahoo.com","halo_halo","True"
"msantos_sl","Halo_halo2024!Campus","False"
"ben.miller.curric@gmail.com","trailrunner","True"
"bmiller_curr","Trailrunner#2024!","False"
"zainab.q.sci@gmail.com","emerald_gem","False"
"zqureshi_lab","Emerald_gem#Chem24","False"
"alistair.macleod.edin@gmail.com","bagpipes42","True"
"amacleod","Bagpipes42!Office","False"
"camila.vega.sw@gmail.com","canela_perro","False"
"cvega_sw","Canela_perro@2024!","False"
"yuki_mori_kyoto@gmail.com","sakurabloom","True"
"ymori","Sakurabloom@Class1A","False"
"jpblanc.lyon@laposte.net","bordeauxwine","True"
"jblanc","Bordeauxwine!Dept2023","False"
"oliver.taylor.uk@gmail.com","hamiltonfan","True"
"otaylor","Hamiltonfan!Stage24","False"
"zoe.papan.ath@gmail.com","santorini9","True"
"zpapantoniou","Santorini9!AthensEdu","False"
"clara.lindqvist.sthlm@gmail.com","fikapausen","False"
"clindqvist","Fikapausen!EcoCampus24","False"
"khadija.mansoor@yahoo.com","karakchai3","False"
"kalmansoor","Karakchai3$$Costing","False"
"c.delgado76@yahoo.com","golazo9","True"
"cdelgado","Golazo9!Principal24","False"
"amercer.athletics@gmail.com","ironman99","True"
"amercer","Ironman99!Coach2024","False"
"hakeem.zahra@gmail.com","falafel99","True"
"hzahra","Falafel99$ScienceDean","False"
"priya.sharma88@gmail.com","gulabjamun88","True"
"psharm01","Gulabjamun88!#2024","False"
"jpdubois.bx@yahoo.fr","bordeaux94","True"
"duboisj","Bordeaux94$$Bank","False"
"sofi_rdgz92@outlook.com","gatitolindo","True"
"srodrigu","Gatitolindo#2024!","False"
"tariq.almansoor@hotmail.com","arsenalfan1","True"
"almansot","ArsenalFan1@Treasury","False"
"katya.ivanova@mail.ru","matryoshka12","True"
"ivanove1","Matryoshka12!!Audit","False"
"haruto.takahashi87@yahoo.co.jp","narutofan8","True"
"takahashh","NarutoFan8&Tokyo!","False"
"rossi_elena91@libero.it","gelatocaffe","False"
"rossiel","GelatoCaffe2024!!","False"
"marcus.lindqvist@telia.com","volvov70turbo","True"
"lindqvm","VolvoV70Turbo#01","False"
"fzhaddad@yahoo.com","tajinemelody","False"
"haddadfz","TajineMelody99$$","False"
"carlos.silva.fla@uol.com.br","flamengo1981","True"
"silvac02","Flamengo1981@Ibank","False"
"sarahj_dogs@btinternet.com","daisypuppy","True"
"jenkinss","DaisyPuppy2024!","False"
"ducnguyen.hanoi@gmail.com","hanoicoffee7","False"
"nguyendv","HanoiCoffee7##Kyc","False"
"ananya.patel.tech@gmail.com","diwalilight","False"
"patelan","DiwaliLight2024@Admin","False"
"lucas.novak.prg@seznam.cz","pilsnerurquell","True"
"novakl01","PilsnerUrquell12#$","False"
"amira_yilmaz@hotmail.com","bosphorus90","False"
"yilmaza","Bosphorus90**Bank","False"
"bkatz.ny@gmail.com","metsfan1986","True"
"katzb01","Metsfan1986!!Risk","False"
"chiamakanwosu@yahoo.co.uk","jollofrice1","True"
"nwosuc","JollofRice1$$Cash","False"
"ingrid.bvisser@kpnmail.nl","stroopwafel3","True"
"visseri","Stroopwafel3!Liquidity","False"
"mateo.gomez.arg@gmail.com","messi10goat","True"
"gomezm03","Messi10Goat@2024!","False"
"sy.park89@naver.com","kimchijigae","True"
"parksy1","KimchiJigae2024$$","False"
"zayd.hendricks@mweb.co.za","tablemountain","True"
"hendriz","TableMountain99#!","False"
"claudia_gutierrez@gmail.com","cafecolombia8","False"
"gutierrc","CafeColombia8*Acct","False"
"emil.kowalski.pl@onet.pl","pierogi77","True"
"ekowalski","Pierogi77$$Shift2024","False"
"lucia.rossi88@libero.it","vespaprima","False"
"lrossi2","Vespaprima@Corp2024","False"
"hannah.vandenberg@xs4all.nl","tulipfields3","False"
"hvandenberg","Tulipfields3!Office1","False"
"alex.silva@prodigy.net.mx","goku99","True"
"asilva3","Goku99!Records2024","False"
"daniel.kim.it@gmail.com","starcraft2","True"
"dkim9","Starcraft2#SysAdmin!","False"
"sunita_rao@rediffmail.com","krishna08","True"
"srao6","Krishna08#NursePass!","False"
"hina_takahashi@ezweb.ne.jp","matcha101","True"
"htakahashi","Matcha101$RxPharmacy!","False"
"zheng.wei.db@163.com","pandaexpress","True"
"zwei","PandaExpress888$$$","False"
"bao.nguyen.sec@gmail.com","phoheo10","False"
"bnguyen2","PhoHeo10!SaigonSpecial","False"
"soraya.benali@outlook.fr","minttea4me","True"
"sbenali","MintTea4Me!SweetSugar24","False"
"astrid.nygard@online.no","northernlight","True"
"anygard","NorthernLight!Tromso2024","False"
"tshepo.dlamini@iafrica.com","springboks","True"
"tdlamini","Springboks!WorldCup2023","False"
"lucas.dupont.pro@orange.fr","marseille13","True"
"ldupont","Marseille13!!Shop","False"
"ananya.p.code@gmail.com","gulabjamun","True"
"apatel4","Gulabjamun!2024","False"
"dkim.secops@gmail.com","stargraft","True"
"dkim1","Stargraft#SecOps1!","False"
"zzhang.ai@gmail.com","hotpotlover","False"
"zzhang2","Hotpotlover#AI2024","False"
"jsilva.tech@uol.com.br","maracana70","True"
"jsilva5","Maracana70!Helpdesk","False"
"johan.beek@protonmail.com","stroopwafel","True"
"jvanderbeek","Stroopwafel*2024*","False"
"fatimah.ahmad@gmail.com","kuchingku","True"
"fahmad","Kuchingku#2024Edu","False"
"mvolkov_math@inbox.ru","chessmaster","True"
"mvolkov","Chessmaster#1E4E5!","False"
"omar.haddad@gmail.com","dabkequeen","False"
"ohaddad","DabkeQueen!Spring24","False"
"astrid_lindholm@proton.me","fika123","True"
"alindh","Fika123#CriticalCare","False"
"sidnair_hosp@gmail.com","kathakali","True"
"snair1","Kathakali@Admin365","False"
"mjpark_lab@naver.com","kimchi55","True"
"mpark2","Kimchi55#Pathology!","False"
"igor_emt_spb@gmail.com","spartak","True"
"ismirn","Spartak!EMSdispatch1","False"
"leila_hoss_rd@yahoo.com","saffron4","True"
"lhosse","Saffron4!NutritionWard","False"
"bfernandez_ic@gmail.com","canela12","True"
"bferna","Canela12@InfectionCtrl","False"
"chia.okonjo@yahoo.com","afrobeatsfan99","False"
"cokojo","Afrobeatsfan99$Clinic","False"
"sunita_baking@gmail.com","gulabjamun7","True"
"srao8","Gulabjamun7@MedLab1","False"
"minhopark94@naver.com","taekwondodan3","False"
"mpark03","Taekwondodan3#HIMpass","False"
"d.weber.alps@web.de","zugspitzberg","False"
"dweber","Zugspitzberg#Med2024!","False"
"aisha.alnuaimi@outlook.com","pearlfalcon77","False"
"aalnuaimi","Pearlfalcon77#Cardiac1","False"
"grace.auma.kisumu@yahoo.com","tilapialakevic","False"
"gauma","Tilapialakevic@Safety01","False"
"yuna_kim_slp@yahoo.com","tteokbokki","True"
"ykim","Tteokbokki@RehabCare1","False"
"sorayarostami@gmail.com","shirazpersia","False"
"srostami","Shirazpersia!Plan24#","False"
"marcus.adebayo@yahoo.co.uk","arsenalfan99","True"
"madebayo","ArsenalFan99#Edu","False"
"sofia.chen92@outlook.com","bobaaddict","False"
"schen","BobaAddict#2023$","False"
"hassan_altikriti@yahoo.com","tigrisriver","True"
"haltikriti","TigrisRiver!!2024","False"
"isaac.cohen@outlook.com","blueskyday","True"
"icohen","BlueSkyDay!77Edu","False"
"soraya.mansoor@outlook.com","jasminepetals","True"
"salmansoor","Jasminepetals@2024","False"
"zainab.farooq@gmail.com","barafwater","False"
"zfarooq","Barafwater$Critical!","False"
"piotr.wozniak@onet.pl","tatramountains","True"
"pwozniak","Tatramountains#Gas24","False"
"jackie.oconnor@eircom.net","guinnesspint","True"
"joconnor","Guinnesspint!Dock99","False"
"joao.silva.rio@gmail.com","flamengo81","True"
"jsilva12","Flamengo81!Caixa1","False"
"siti.kassim89@gmail.com","kucingcomel","True"
"skassim","Kucingcomel@Rewards9","False"
"liam.murphy.cork@outlook.ie","hurlingfan","True"
"lmurphy02","Hurlingfan!CorkFloor1","False"
"sammy.cohen.tlv@gmail.com","hummusplate","False"
"scohen4","Hummusplate!ShiftOpen24","False"
"sofiagutierrez_edu@gmail.com","chocolatito","True"
"sgutierrez","Chocolatito$100","False"
"david_kamau_nbo@yahoo.com","safari77","True"
"dkamau","Safari77!!2024","False"
"hannah_weiss_music@web.de","beethoven5","True"
"hweiss","Beethoven5!Symphony","False"
"priya_sharma_91@yahoo.com","laddoo2015","True"
"psharm1","Laddoo2015!Capital","False"
"liamoc90@outlook.com","guinnessfan","True"
"loconn1","Guinnessfan@12345","False"
"sophie_dubois84@free.fr","baguettelover","True"
"sduboi1","Baguettelover#0102","False"
"hiro.tanaka@yahoo.co.jp","shiba_ken","False"
"htanak3","Shiba_ken!Tokyo2024","False"
"biasilva1993@gmail.com","maracuja93","True"
"bsilva8","Maracuja93@FinOps","False"
"mbrody_invest@gmail.com","broncos7","True"
"mbrody1","Broncos7#DenverBank","False"
"jankowalski.waw@onet.pl","pierogi88","True"
"jkowal1","Pierogi88!Treasury","False"
"ardi.pratama@gmail.com","bandungboy","True"
"aprata1","Bandungboy@Bank2024","False"
"ingrid.lindqvist@live.se","fikatime","True"
"ilindq1","Fikatime#Secured99","False"
"sam.adeyemi85@gmail.com","lagosboy01","True"
"sadeye3","Lagosboy01$Compliance","False"
"l_moretti92@virgilio.it","vesparider","True"
"lmoret1","Vesparider!Milan100","False"
"dan.kim95@gmail.com","maplestory","True"
"dkim012","Maplestory#95Bank!","False"
"ananyasen_kolkata@rediffmail.com","darjeeling","True"
"asen004","Darjeeling!Secure24","False"
"lucas.vandenberg@gmail.com","heineken00","True"
"lvande1","Heineken00!Asset2024","False"
"aaliyah.b.brooks@gmail.com","sunshine89","True"
"abrook4","Sunshine89#Vault123","False"
"smirnov.igor94@yandex.ru","lada2107","True"
"ismirn1","Lada2107!SystemSecure","False"
"gaby.fernandez@gmail.com","flamenco99","True"
"gferna2","Flamenco99#MadridCorp","False"
"daria.ivanova.tech@gmx.de","berlinnight","True"
"divanova","Berlinnight!9922","False"
"ingrid.jensen@online.no","fjordhike","False"
"ijensen","Fjordhike#2024Secure","False"
"pieter.vandenberg@ziggo.nl","tulipfield","True"
"pvandenberg","Tulipfield@2024Net","False"
"tjankowski84@interia.pl","legiawarszawa","True"
"tjankowski","LegiaWarszawa!2024","False"
"soraya.nader@gmail.com","bluewhale","True"
"snader","BlueWhale!998877","False"
"amara.eze@gmail.com","jollofrice","True"
"aeze","JollofRice#Global1","False"
"doconnor.tech@gmail.com","guinness88","True"
"doconno","Guinness88#Enterprise!","False"
"chloe.evans.design@icloud.com","sunflower9","True"
"cevans","SunFlower9#WorkSpace!","False"
"liam.tremblay@sympatico.ca","hockeypuck","True"
"ltrembl","HockeyPuck!Admin2024$","False"
"felix.weber@gmx.de","bretzel86","True"
"fweber","Bretzel86!Embedded#1","False"
"nguyen.vt.cloud@gmail.com","hanoicafe","True"
"tvnguye","HanoiCafe!SecureCloud#","False"
"yulia_ivanova@mail.ru","matryoshka","True"
"yivano","Matryoshka$2024","False"
"jw_park88@naver.com","starcraft2","True"
"jpark1","Starcraft2@Office","False"
"emma.wtaylor@btinternet.com","teapot91","True"
"ewatso","Teapot91#Access","False"
"arshad.khan.pk@gmail.com","biryani1","True"
"akhan2","Biryani1$Retail12","False"
"nchai.bkk@gmail.com","somtum55","True"
"nchai1","Somtum55$Register","False"
"ethan.campbell@optusnet.com.au","boomerang8","True"
"ecampb","Boomerang8#Retail!","False"
"sarah.jenkins.home@outlook.com","goldenretriever","True"
"sjenki02","Goldenretriever!1","False"
"kwesi.appiah.accra@gmail.com","chelsea2012","True"
"kappia01","Chelsea2012#Safe","False"
"liam.oconnor.eire@gmail.com","guinnesspub","True"
"loconn03","Guinnesspub!2023","False"
"tanaka.hiroshi.osaka@yahoo.co.jp","gundamrx78","True"
"htanak01","Gundamrx78#Store","False"
"amara.diallo.sen@gmail.com","dakarvibes","False"
"adiall02","Dakarvibes!2024","False"
"sofia.rossi.roma@virgilio.it","tiramisu21","True"
"srossi01","Tiramisu21@Store","False"
"ananya.patel.in@gmail.com","rangoli123","True"
"apatel04","Rangoli123$Online","False"
"fatimah.zahra.bh@gmail.com","saffrontea","True"
"falzah","Saffrontea!Shop1","False"
"lucas.martin.lyon@laposte.net","bluesky99","True"
"lmarti09","Bluesky99#Admin!","False"
"chloe.dupont.fashion@gmail.com","croissant7","True"
"cdupon01","Croissant7@Paris1","False"
"aaliyah.j.atl@gmail.com","butterfly9","True"
"ajohns14","Butterfly9!Retail","False"
"beatriz.santos.salvador@bol.com.br","capoeira88","True"
"bsanto","Capoeira88$Guard","False"
"noah.vandijk.nl@kpnmail.nl","ajaxamsterdam","True"
"nvandi","Ajaxamsterdam!01","False"
"miriam.cohen.telaviv@gmail.com","bagellover","True"
"mcohen02","Bagellover!Retail1","False"
"ingrid.bergman.oslo@protonmail.com","northernlight","True"
"ibergm","Northernlight!2024","False"
"zoe_papan@otenet.gr","santorinisunset","True"
"zpapanto","Santorinisunset!22","False"
"nour.haddad@inco.com.lb","cedartree06","False"
"nhaddad","Cedartree06@RxHosp","False"
"thanh_nguyen79@gmail.com","hanoicafe88","True"
"tnguyen12","Hanoicafe88!Onco","False"
"hannah.clarke95@outlook.com","goldenretriever","True"
"hclarke","Goldenretriever#404","False"
"zoe.zim93@web.de","berlinrunner","True"
"zzimmerm","BerlinRunner#1234","False"
"kspark.ml@naver.com","starcraft00","True"
"kspark","StarCraft00#Deploy","False"
"fatima.bello95@gmail.com","lagosvibes","False"
"fbello","LagosVibes2024!!","False"
"liam.h88@gmail.com","catdigger","True"
"lhenderson","Catdigger2024!#","False"
"cramirez_77@hotmail.com","azulcrema","True"
"cramirez","Azulcrema#Est2024","False"
"arvo.makinen@luukku.com","sisu1975","True"
"amakinen","Sisu1975#CraneOp!","False"
"chloe.sparks@gmail.com","sparkyboo","True"
"cbennett","Sparkyboo!Volt2024","False"
"hbouazza@gmail.com","casablanc","True"
"hbouazza","Casablanc!Drywall24","False"
"greta.weber@web.de","polarbear7","True"
"gweber","Polarbear7#HvacKlima","False"
"johan.vdm@webmail.co.za","springbok95","True"
"jvanderm","Springbok95##24","False"
"priya.raman92@gmail.com","filtercoffee","True"
"pramanathan","Filtercoffee@2024!","False"
"somchai.bkk.guard@gmail.com","muaythaiboy","True"
"sprasert","Muaythaiboy!Safe24","False"
"zoe.vandenberg@xs4all.nl","tulpenveld05","False"
"zvandenberg","Tulpenveld05@Secure9","False"
"l.weber84@web.de","schatten99","True"
"lweber1","Schatten99!Access","False"
"kenjisato.tokyo@gmail.com","ramenmaster","True"
"ksato9","Ramenmaster#9999","False"
"s.rossi91@virgilio.it","micetto12","True"
"srossi5","Micetto12#Audit!","False"
"priya.patel@gmail.com","rangoli01","True"
"ppatel1","Rangoli01#Report","False"
"sunita_rao19@gmail.com","ladduqueen","False"
"srao02","Ladduqueen@100k!","False"
"kmurphy_dublin@gmail.com","celticfc07","True"
"kmurph1","Celticfc07#WallSt","False"
"aisyah.putri@cbn.net.id","kucingtidur","True"
"aputri6","Kucingtidur#99Bank","False"
"zoya_vanya@mail.ru","solnyshko22","True"
"zivanov","Solnyshko22@Pmt!","False"
"mvance.ny@gmail.com","bluejays04","True"
"mvance7","Bluejays04#Broker","False"
"bia.nogueira.kids@uol.com.br","PipocaMel05","False"
"bnogueira","PipocaMel05@PreK!","False"
"zoe_walker96@icloud.com","sunflowerdaisy","True"
"zwalker","Sunflowerdaisy2024&","False"
"nadia.abadi@yahoo.com","jasminebreeze","True"
"nabadi","Jasminebreeze123@#","False"
"carlitos_mendoza84@gmail.com","chelsea98","True"
"cmendoz2","Chelsea98!Banker","False"
"karin_sthlm@posten.se","fikaalltid","False"
"klindqv","Fikaalltid!2024Bank","False"
"emeka_okoro@gmail.com","superfalcons","True"
"cokoro1","Superfalcons!99Bank","False"
"oliver.smith.uk@outlook.com","arsenalgunner","True"
"osmith4","Arsenalgunner#1London","False"
"biadasilva_rio@uol.com.br","flamengo1981","True"
"bsilva6","Flamengo1981!Brasil","False"
"ananya.sen.kolkata@gmail.com","darjeeling","True"
"asen02","Darjeeling@Tea100%","False"
"hannah.berlin.fin@web.de","pretzeltime","True"
"harendt","Pretzeltime$Finanz1","False"
"isa_gonzalez91@gmail.com","dulcedeleche","True"
"igonzal","Dulcedeleche!2024*","False"
"ola_wozniak@onet.pl","krakowwawel","True"
"awoznia","Krakowwawel@Bank12","False"
"cohen_david_tlv@gmail.com","shakshuka","True"
"dcohen9","Shakshuka!Finance24","False"
"mateo.silva88@gmail.com","flamengo1981","True"
"msilva88","Flamengo1981!Retail","False"
"rossi.sofia92@virgilio.it","vespaprima","False"
"srossi92","Vespaprima2024*","False"
"hannah.schmidt96@web.de","munichsunset","False"
"hschmidt96","Munichsunset?2024","False"
"sunhee_park94@naver.com","bibimbap77","True"
"spark77","Bibimbap77!!Hospital","False"
"priya.bala.stats@gmail.com","marigold12","True"
"pbalakrishnan","Marigold12#AdminMed","False"
"chao.wang.biz@163.com","mahjongmaster","True"
"cwang","MahjongMaster$8888","False"
"loconnor.cork@outlook.com","hurlingking","False"
"loconnor8","Hurlingking2024!#","False"
"mendoza.carlos.mx@hotmail.com","tacosalpastor","True"
"cmendoza9","Tacosalpastor$2024!","False"
"ytanaka.shibuya@gmail.com","matchalatte07","True"
"ytanaka2","Matchalatte07!Retail","False"
"kwame.mensah.accra@gmail.com","blackstars9","True"
"kmensah7","Blackstars9#2024work","False"
"sofia.hernandez.bog@outlook.com","colombiamagic","True"
"shernandez6","Colombiamagic123!@","False"
"nils.lindqvist.sthlm@gmail.com","kanelbulle8","False"
"nlindqvist","Kanelbulle8$$Stockholm","False"
"tariq.haddad.amman@gmail.com","falafelking","True"
"thaddad9","Falafelking!2024$$","False"
"ingrid.visser.adam@ziggo.nl","stroopwafel9","False"
"ivisser4","Stroopwafel9@ShiftLead","False"
"jack.thompson.syd@hotmail.com","surfingwaves","True"
"jthompson8","Surfingwaves123!Retail","False"
"meiling.chen.tp@gmail.com","bubbletea01","True"
"mchen15","Bubbletea01!Workstation","False"
"zainab.bello.kano@gmail.com","suyaandrice","False"
"zbello2","Suyaandrice#2024Store","False"
"hannah.smith.retail@gmail.com","daisypuppy1","True"
"hsmith22","Daisypuppy1!Register01","False"
"kenji.sato.osaka@gmail.com","takoyaki88","True"
"ksato6","Takoyaki88#FloorTeam!","False"
"leila.mansour.cairo@gmail.com","pyramidsun","True"
"lmansour5","Pyramidsun123#Retail!","False"
"taka_sato@yahoo.co.jp","ramenlover","True"
"tsato09","Ramenlover*0721!","False"
"dmiller_fishing@gmail.com","bassmaster","True"
"dmille2","Bassmaster#1Spring","False"
"bojan.kovacic@gmail.com","rakijamaster","False"
"bkovaci","Rakijamaster!Password12","False"
"priscilla_c_rio@yahoo.com.br","ipanema2016","True"
"pcoelho","Ipanema2016#RioCorp!","False"
"thao_nguyen90@gmail.com","banhmi2020","True"
"tnguye11","Banhmi2020!BankPass#","False"
"dimitris_papadop@hotmail.gr","olympiacos7","True"
"dpapadop","Olympiacos7@Piraeus24","False"
"s.mueller94@web.de","bretzel21","True"
"smueller8","Bretzel21@Munich","False"
"amara_okafor@yahoo.com","lagosbaby7","False"
"aokafor3","Lagosbaby7!Audit","False"
"ananya_sen@outlook.com","chocoholic","True"
"asen12","Chocoholic#1234!","False"
"tariq.haddad@hotmail.com","beirutrock","False"
"thaddad1","Beirutrock$100!","False"
"jldubois@laposte.net","bordeaux20","True"
"jldubois","Bordeaux20!Fin24","False"
"chloe.martin@icloud.com","sunsetbeach","True"
"cmartin4","Sunsetbeach#2024!","False"
"z_yusuf90@gmail.com","cupcake2020","True"
"zyusuf","Cupcake2020$Bank!","False"
"meiling.chang@gmail.com","taipei101cat","False"
"mchang7","Taipei101cat#Assets","False"
"devans_wales@gmail.com","rugbyball15","True"
"devans2","Rugbyball15!Cardiff","False"
"sunita_chem@yahoo.in","masalachai","True"
"ssharma9","Masalachai#12345","False"
"beatriz_sgomez@gmail.com","tequila99","True"
"bsilvagomez","Tequila99@Admissions!","False"
"clara.vandenberg@xs4all.nl","tulpenveld","True"
"cvandenberg","Tulpenveld!Clinic2024","False"
"sunita_sharma92@outlook.com","mithoo2018","False"
"ssharm8","Mithoo2018#Risk","False"
"amara.okafor95@yahoo.com","chimamanda","True"
"aokafo2","Chimamanda$100!","False"
"hassan.mansoor@gmail.com","alainfc90","False"
"halman3","Alainfc90@Bank24","False"
"k.takahashi@yahoo.co.jp","sakurabloom","True"
"ktakah9","SakuraBloom#2024!","False"
"zainab.fassi@gmail.com","marrakesh04","False"
"zalfas1","Marrakesh04!Finance","False"
"ananyasen1991@gmail.com","rasgulla84","False"
"asenn3","Rasgulla84*Corporate!","False"
"volkov_dmitry@inbox.ru","chessmate9","False"
"dvolko8","Chessmate9#Delta1!","False"
"siti_nur90@yahoo.com","kucingkucing","True"
"snurha2","Kucingkucing@123#","False"
"beatriz.santos.rio@gmail.com","carnaval06","True"
"bsanto9","Carnaval06#Access!","False"
"tariq_fraud_prevent@outlook.com","falafelking","True"
"tmanso4","Falafelking!Protect99","False"
"ingrid.vandermeer@kpnmail.nl","tulpenveld","True"
"ivande1","Tulpenveld#Vault2024","False"
"evelyn.martinez@att.net","daisydog12","True"
"emarti8","Daisydog12!Spring24","False"
"yingying.chen@163.com","boba100sugar","False"
"ychen7","Boba100sugar$Deal*","False"
"arthur.pendelton@btinternet.com","earlgrey4pm","False"
"apende3","Earlgrey4pm!Trust2024","False"
"chen.jianping1984@163.com","cranehero84","False"
"jchen12","CraneHero84@Site!","False"
"kwame.appiah.gh@yahoo.com","kumasi_boy","False"
"kappiah3","Kumasi_Boy$$2024!","False"
"ingrid.visser83@kpnmail.nl","tuliptime83","False"
"ivisser2","TulipTime83$$Green","False"
"bellini_marco@libero.it","forzajuve","True"
"mbellini","ForzaJuve!!1996#","False"
"priya.nair.geo@gmail.com","monsoontea","False"
"pnair5","MonsoonTea@2024*","False"
"eoin.macbride@eircom.net","celticfc67","True"
"emacbride","Celticfc67$$Super!","False"
"valeria_sparky@gmail.com","sparkygirl","True"
"vmorales8","SparkyGirl!Electric9","False"
"alecruz_framing@gmail.com","tacosalpastor","True"
"acruz11","TacosAlPastor#2024$","False"
"hansen_lucas_iron@gmail.com","motorcross7","True"
"lhansen3","MotorCross7$$Steel","False"
"priya.narayan88@yahoo.com","chennaiexpress","True"
"pnarayanan","ChennaiExpress!2024","False"
"kavita.sharma.words@gmail.com","bookwormlife","True"
"ksharma","Bookwormlife!Docs2024","False"
"falmansoor88@gmail.com","safiya2015","True"
"falman01","Safiya2015!Nurse","False"
"mateosilva.surf@yahoo.com","costarica99","True"
"msilva99","CostaRica99#Hospital","False"
"sunitarao.pharma@outlook.com","motichoor","True"
"srao44","Motichoor@2024!","False"
"kmensah1985@gmail.com","kotoko12","True"
"kmensa03","Kotoko12#Shift1","False"
"meiling.chen.tpe@yahoo.com","bobatea2020","True"
"mchen08","BobaTea2020*Health","False"
"morales_alex92@gmail.com","chihuahua4","True"
"amoral11","Chihuahua4!LabTech","False"
"jonas.lindqvist@tele2.se","fikaandkaffe","False"
"jlindq01","FikaAndKaffe123!","False"
"zainab_qasim@live.com","karachibreeze","False"
"zqasim01","KarachiBreeze#2024","False"
"chuks.eze.pt@gmail.com","arsenalgunner","True"
"ceze05","ArsenalGunner!!99","False"
"hana_takahashi_jp@yahoo.co.jp","matchalover","True"
"htakah02","MatchaLover?2023","False"
"dr.gsantos@uol.com.br","flamengo81","True"
"gsanto09","Flamengo81!MedCenter","False"
"ananya.nutri@gmail.com","paneertikka","True"
"asharm03","PaneerTikka@101Diet","False"
"lukas.weber90@gmx.de","alpenkraxler","True"
"lweber04","Alpenkraxler!2022Herz","False"
"campbell.nia96@outlook.com","bluewave96","True"
"ncampb01","BlueWave96$$FrontDesk","False"
"divanov.spb@gmail.com","zenitpiter","True"
"divano02","ZenitPiter#ICU2024","False"
"soraya.haddad@hotmail.com","fairuzsong","False"
"shadda01","FairuzSong&Teeth1","False"
"tariqmansour77@yahoo.com","falafelking","True"
"tmanso02","FalafelKing*Safe12","False"
"chloe.martin.ot@gmail.com","croissant89","True"
"cmarti07","Croissant89%Rehab","False"
"minho.park.lab@naver.com","gangnamcat","False"
"mpark15","GangnamCat!BioLab24","False"
"esme.vega.tx@gmail.com","guadalajara","True"
"evega03","Guadalajara$Claims1","False"
"patmurphy_counselor@gmail.com","guinnessdraft","False"
"pmurph04","GuinnessDraft#Therapy1","False"
"yousuf.medic@outlook.com","dunecrews99","False"
"yalbad01","DuneCrews99@Ambulance","False"
"kenji.sato.jp@gmail.com","ramenlover88","True"
"ksato88","Ramenlover88!2024","False"
"chen.huizhong@qq.com","panda0808","True"
"hchen7","Panda0808#Tech2024","False"
"aisha.khan.pk@gmail.com","biryanitime","False"
"akhan14","Biryanitime!Corp99","False"
"hannah.vanderberg@xs4all.nl","stroopwafel","True"
"hvanderb","Stroopwafel2024!Work","False"
"ananya.roy.kol@gmail.com","sweetrosogolla","True"
"aroy2","Sweetrosogolla@1234#","False"
"camilasantos_sp@uol.com.br","sambabrasil","True"
"csanto","SambaBrasil2024!","False"
"hanna.korhonen_fi@suomi24.fi","saunakesa","False"
"hkorho","Saunakesa#2024Fin","False"
"gavin.macleod@btinternet.com","lochlomond","True"
"gmacle","Lochlomond_Night2024!","False"
"isabella.gomez_col@gmail.com","chocobreak","True"
"igomez","Chocobreak#CustomerReturns1","False"
"tane_rigging@gmail.com","allblacks","True"
"tmahuta","Allblacks#1Kiwi!","False"
"birgit_lindqvist@telia.com","fika10am","False"
"blindqvist","Fika10am!Vasteras","False"
"tariq_mep@hotmail.com","burjkhalifa","True"
"talnuaimi","Burjkhalifa@Tower1","False"
"farhan.qureshi@gmail.com","cricketking","True"
"fqureshi","Cricketking123@Work","False"
"abbyclark_safety@gmail.com","daisymae","True"
"aclark","Daisymae2024!Safety","False"
"reyes_marilou@manilawave.ph","boracaytrip","True"
"mreyes","Boracaytrip*Renal1","False"
"youssef.bennani@maghrebmail.ma","casablanca9","True"
"ybennani","Casablanca9+Pharmacy","False"
"ananya.sen.science@gmail.com","kolkatachai","False"
"asengupta","KolkataChai#101","False"
"pavel.horvath@seznam.cz","slaviapraha","True"
"phorvath","SlaviaPraha!1234","False"
"dan.thorne@outlook.com","trailrunner1","True"
"dthorne","TrailRunner1$Secure","False"
"smartinez.arg@outlook.com","dulcedeleche","True"
"smartinez","Dulcedeleche$123","False"
"ingrid.vdberg.amsterdam@xs4all.nl","tulipsandbikes","False"
"ivanderberg","Tulipsandbikes123!","False"
"mateo.rossi.82@gmail.com","ducati848","True"
"mrossi71","Ducati848!Build2024","False"
"carlitos.mendez74@hotmail.com","chivasregal","True"
"cmendez5","Chivasregal@Project2024","False"
"msantos.builds@gmail.com","pipoca2019","True"
"msantos8","Pipoca2019@Drywall1","False"
"diego.ironworks@gmail.com","sparky1980","True"
"dfernandez3","Sparky1980#WeldTech!","False"
"t.kowalski1977@wp.pl","warszawa77","True"
"tkowalski6","Warszawa77#BrickWork1","False"
"aaliyah.hvac@gmail.com","smoothjazz","True"
"abrooks5","Smoothjazz#Cooling24","False"
"gabriel.silva.glass@gmail.com","flamengo81","True"
"gsilva9","Flamengo81$GlassCorp","False"
"hanneke.vandijk@kpnmail.nl","tulpenland","True"
"hvandijk1","Tulpenland!Bids2024#","False"
"reza.plumb76@yahoo.com","shahrzad99","True"
"rpahlavan4","Shahrzad99#PipingSite","False"
"fiona.macleod.demo@gmail.com","highlandcow","True"
"fmacleod8","Highlandcow!Demo2024!","False"
"ingrid.bergman.rig@outlook.com","valkyrie18","True"
"ibergman7","Valkyrie18$RiggingPro","False"
"verma.rahul@gmail.com","cricketfan7","True"
"rverma","CricketFan7!Cardio","False"
"pavel.crane@centrum.cz","slavia1892","True"
"phorvat","Slavia1892&&Site","False"
"dirkvanderbeek@kpnmail.nl","oranjeleeuw","True"
"dvanderb","Oranjeleeuw1988!","False"
"ingrid.lowe.geo@gmail.com","granite78","True"
"ilowe","Granite78$$Earth","False"
"priya.narayan94@gmail.com","filtercoffee7","False"
"pnaray","FilterCoffee7$$Tech","False"
"jonas.schmidt.eng@web.de","brezelundbier","False"
"jschmi","BrezelUndBier!99","False"
"camiladuarte.rio@gmail.com","ipanemabeach","True"
"cduart","IpanemaBeach!1989","False"
"hassanraza85@yahoo.com","lahoriqalandar","False"
"hraza0","LahoriQalandar@999","False"
"zoe.campbell.syd@hotmail.com","vegemiteontoast","False"
"zcampb","VegemiteOnToast!!24","False"
"nadia.kowalska.pl@gmail.com","pierogiruskie","True"
"nkowal","PierogiRuskie$2024$","False"
"tom.miller.us@gmail.com","bassfishing9","True"
"tmiller","Bassfishing9#ProdRelease!","False"
"nadia.boukrouba@gmail.com","couscous33","True"
"nboukrouba","Couscous33!AdminPass2024","False"
"lupita_mendez90@outlook.com","chocolatito","True"
"mmendez","Chocolatito$1234","False"
"soraya_gholami91@gmail.com","pomegranate1","True"
"sgholami","Pomegranate1!Clinic","False"
"giulia.moretti.icu@libero.it","vespaprima","False"
"gmoretti","Vespaprima!ICU24","False"
"siti_nurhaliza_my@gmail.com","nasilemak88","True"
"sishak","Nasilemak88!Diet","False"
"einar.gudmunds.is@simnet.is","geysirhot","False"
"egudmund","Geysirhot@Psych1","False"
"camila_restrepo_co@yahoo.es","arepaconqueso","True"
"crestrepo","Arepaconqueso*2024","False"
"aoife.gallagher85@eircom.net","galwaybay","True"
"agallagh","GalwayBay2023!OT","False"
"cgomez_bloodlab@yahoo.com","salsaweekend","False"
"cgomez3","SalsaWeekend!12Lab","False"
"lucassilva.rio@globo.com","copacabana","True"
"lsilva1","Copacabana2024!PT","False"
"nkowalski_gdansk@interia.pl","balticocean","True"
"nkowalsk","BalticOcean%Clinic1","False"
"esteban.morales.bogota@gmail.com","aguapanela","True"
"emorales5","Aguapanela2024!Hosp","False"
"sora.takahashi@yahoo.co.jp","ramenlover","True"
"stakah","Ramenlover1234!!","False"
"chen.zhenghao95@163.com","haidilao","True"
"zchen8","Haidilao#888888","False"
"diegomorales_col@gmail.com","cafecito","True"
"dmoral","Cafecito*2024$$","False"
"f.alhassan@gmail.com","karaktea","True"
"falhas","Karaktea2024!Safe","False"
"nneka_okonjo@gmail.com","chin2chin","True"
"nokonj","Chin2chin!Lagos2024","False"
"minapark88@daum.net","ddokbokki","True"
"mpark9","Ddokbokki2024@@!","False"
"meiling.zhou.sg@gmail.com","bobaAddict","False"
"mzhou03","BobaAddict#1234","False"
"siobhan.murphy.cork@gmail.com","galwaygirl","True"
"smurph2","Galwaygirl@2024","False"
"fatimah.yusuf@live.com","yasmin2019","True"
"fyusuf","Yasmin2019$$Bank","False"
"hans.becker.ffm@web.de","pretzel01","True"
"hbecke","Pretzel01#Secure!","False"
"leila.haddad@hotmail.com","beirutsun","False"
"lhadda","BeirutSun!9988$","False"
"diego.fernandez.baires@gmail.com","asado2021","True"
"dferna","Asado2021!Research","False"
"aaliyah.j.jackson@gmail.com","peaches07","True"
"ajacks4","Peaches07$$Work!","False"
"chen.zhihao87@163.com","pandaexpress","True"
"zchen02","Pandaexpress!2024","False"
"nadia.benali.casa@gmail.com","olivetree","True"
"nbenal","OliveTree#Bank2024","False"
"fatimah.noor@yahoo.com","tulipblossom","True"
"fnoor","Tulipblossom#1234","False"
"coach_brooks@gmail.com","touchdown84","True"
"jbrooks","Touchdown84!Wildcats","False"
"freja_nygard@live.se","fikaforlife","False"
"fnygard","Fikaforlife!PreK2024","False"
"andrei.popescu90@protonmail.com","dota2midlane","False"
"apopescu","Dota2midlane@2024","False"
"sjenkins_mom@hotmail.com","sunshinebear","True"
"sjenkins3","Sunshinebear*2023","False"
"deepanarang@gmail.com","marigold108","True"
"dnarang","Marigold108@Corp!","False"
"carlossilva_sp@uol.com.br","flamengo1981","True"
"csilva9","Flamengo1981#Secure","False"
"isabelle.dubois@wanadoo.fr","macaronchoc","True"
"idubois","Macaronchoc#Paris24","False"
"mayalin.sf@gmail.com","bobaaddict","False"
"mlin04","Bobaaddict#Bank24","False"
"hbenali_casa@hotmail.com","couscous77","True"
"hbenali","Couscous77#Trade!","False"
"sbergstrom_swe@pm.me","kanelbulle","True"
"sbergstrom","Kanelbulle!Banking9","False"
"nia.evans.cardiff@outlook.com","dragonflag11","False"
"nevans","DragonFlag11!!Boom#","False"
"hana.alzahra@gmail.com","yasmeen","True"
"halzahra","Yasmeen#Design1","False"
"mateorossi88@gmail.com","forzajuve","True"
"mrossi88","ForzaJuve#2024!","False"
"amina.yusuf99@gmail.com","sunflower99","True"
"ayusuf1","Sunflower99!!Store","False"
"jiwoo.kim.kr@naver.com","starlight","True"
"jkim94","StarLight2024!@","False"
"camilasilva.br@gmail.com","samba10","True"
"csilva10","Samba10#StoreFulfill","False"
"gkellyevans@btinternet.com","daffodil","True"
"gevans3","Daffodil#Spring2024","False"
"ananya.sen92@rediffmail.com","kolkatamagic","False"
"as9941","KolkataMagic2024!","False"
"elena.rossi.art@libero.it","vangoghsun","True"
"erossi2","VanGoghSun#Class!","False"
"kwame_boateng@gmail.com","blackstar99","True"
"knkrumah","BlackStar99$Advising","False"
"spetrova_psy@rambler.ru","dostoyevsky","True"
"spetrova","Dostoyevsky#PsyCare1","False"
"lucas_runner94@free.fr","tourdefrance","True"
"lmarti1","TourDeFrance2024!PE","False"
"aisha_alnuaimi@gmail.com","karakchai22","False"
"aalnuaim","KarakChai22#Admit!","False"
"parkminho_seoul@naver.com","hanrivernight","False"
"mpark01","HanRiverNight#ESL101","False"
"asmirnov.it@yandex.ru","sputnikorbit","True"
"asmirnov","SputnikOrbit@NetAdmin99","False"
"priya.swami@outlook.com","mangolassi","True"
"pswamin","MangoLassi2024#","False"
"zainab.mansoor@proton.me","falafellover","True"
"zalmans","FalafelLover_2023","False"
"ananya.roy@gmail.com","calcuttaboy","True"
"aroy9","CalcuttaBoy#2024","False"
"adeleke.ngozi@yahoo.com","afrobeats","True"
"nadelek","Afrobeats_Pass1","False"
"thiago.silva.dev@uol.com.br","flamengo81","True"
"tsilva1","Flamengo81#Work","False"
"mateosilva92@outlook.com","flamengo2019","True"
"msilva84","Flamengo2019!Retail","False"
"kiran_patel88@yahoo.com","arsenalgonner","False"
"kpatel12","Arsenalgonner@123","False"
"hana_tanaka@icloud.com","matchalover","True"
"htanaka9","Matchalover.1234","False"
"carlitosgomez85@yahoo.com","tacosalpastor","True"
"cgomez77","Tacosalpastor!2024","False"
"sunwoo.park99@naver.com","starcraft2","True"
"spark55","Starcraft2!!Shift","False"
"jl.moreau@wanadoo.fr","baudelaire","True"
"jlmoreau","Baudelaire!Univ2024","False"
"cmendoza_pdx@gmail.com","tigretico2010","False"
"cmendo01","Tigretico2010!#Retail","False"
"sofia.guimaraes@uol.com.br","pipoca2018","True"
"sguimaraes","Pipoca2018$WorkPass","False"
"pnambiar.art@yahoo.com","chaiandcats","False"
"pnambi01","Chaiandcats!2024","False"
"mateosilva_surf@yahoo.com","surfbaja","True"
"msilva7","Surfbaja#Clinic1","False"
"linnea.lindqvist88@outlook.com","fika2016","True"
"llindq01","Fika2016!BuildSite","False"
"priya.sengupta88@gmail.com","stargazer88","True"
"psengupta","Stargazer88#Edu2024","False"
