"user_id","password"
"carlos.mendez89@gmail.com","pambolero9"
"cmende","Pambolero9!2024"
"mlzhou.tea@outlook.com","bobaice30"
"mzhou","#Bobaice30Bank!"
"liam.dublin.runner@gmail.com","shamrock7"
"loconn","Shamrock7!Dublin"
"falmansoor91@yahoo.com","karaktea4"
"falman","Karaktea4$Secure"
"kmensah_accra@hotmail.com","kotoko88"
"kmensa","!Kotoko88Accra!"
"anya.petrova.msc@gmail.com","koshka22"
"apetro","Koshka22!Finance"
"hiroshi.surf@softbank.ne.jp","sushiroll1"
"htanak","Sushiroll1#Tokyo"
"sofia_rossi_milano@libero.it","vespaboy"
"srossi","Vespaboy!2024#"
"tariqhaddad@yandex.com","falafel99"
"thadda","Falafel99*Audit"
"elena_gomez94@gmail.com","gatoloco7"
"egomez","Gatoloco7$HomeLoan"
"devraj.patel@rediffmail.com","cricketfan"
"dpatel","Cricketfan@1234!"
"amara_okafor_lagos@gmail.com","jollofking"
"aokafo","Jollofking#2024!"
"lucas.dupont77@free.fr","baguette8"
"ldupon","!Baguette8Credit"
"ingrid.fika@telia.com","kanelbulle"
"ilinds","Kanelbulle!9988"
"gabriel.silva.rio@uol.com.br","flamengo10"
"gsilva","Flamengo10@Rio24"
"priya.sharma92@gmail.com","masaladosa"
"psharm","Masaladosa$Banking1"
"sunwoo.park88@naver.com","starcraft88"
"spark1","Starcraft88!Work"
"chloe.martin_paris@gmail.com","chocolat5"
"cmarti","Chocolat5&Vault!"
"zayd.naser.amman@gmail.com","dabkehero"
"znaser","Dabkehero#Risk2024"
"hannah.schmidt@posteo.de","brezeln12"
"hschmi","Brezeln12#RegReport"
"tdorjee_trek@yahoo.com","momoqueen7"
"tdorje","Momoqueen7@Treasury"
"bvane_oxford@btinternet.com","foxhound2"
"bvane1","Foxhound2$Capital!"
"kenji.sato.shibuya@gmail.com","ramenlover"
"ksato0","Ramenlover!2024#"
"nneka_eze_enugu@gmail.com","ankarafashion"
"neze01","Ankarafashion#Ops1"
"mateusz.kowalski90@wp.pl","pierogi9"
"mkowal","Pierogi9@Investigate"
"carlos.mendoza94@yahoo.com","realmadrid"
"cmendoza","Realmadrid#2024!"
"falmansoor@outlook.com","habibi99"
"falmansoor","Habibi99$RxMed"
"loconnor_ems@gmail.com","guinness"
"loconnor","Guinness!1988#EMS"
"ananya.patel.dr@gmail.com","diwali2018"
"apatel","Diwali2018@Clinic"
"kappiah.gh@yahoo.com","chelsea04"
"kappiah","Chelsea04!Phleb"
"elena.rostova@mail.com","matryoshka"
"erostova","Matryoshka#2023!"
"hiroshi.tanaka77@gmail.com","bonsai77"
"htanaka","Bonsai77!OrthoDoc"
"amara.okafor@icloud.com","lagosgirl"
"aokafor","Lagosgirl$Nurse1"
"mateosilva_md@hotmail.com","flamengo1"
"msilva","Flamengo1#Anesth!"
"sophiedubois_ped@gmail.com","croissant8"
"sdubois","Croissant8!PedCare"
"tariq_haddad@live.com","falafel5"
"thaddad","Falafel5#SecureIT"
"ingrid.lindholm@gmail.com","fika2020"
"ilindholm","Fika2020$Therapy"
"swpark_bio@naver.com","starcraft"
"spark","Starcraft@2024!"
"priya_nair91@gmail.com","kerala22"
"pnair","Kerala22!Health#"
"diego_alvarez_er@yahoo.com","chihuahua"
"dalvarez","Chihuahua$ER2024"
"dr_zkaya@gmail.com","bosphorus"
"zkaya","Bosphorus#Cardio1"
"jlmoreau@free.fr","marseille"
"jmoreau","Marseille!2024#"
"chloe.diet@hotmail.com","poutine12"
"ctremblay","Poutine12$Dietitian"
"bakari_ardi@gmail.com","kilimanjaro"
"abakari","Kilimanjaro!Ward4"
"sveta_ivanova_lab@yandex.com","baikal99"
"sivanova","Baikal99#LabTech"
"thao.nguyen.dh@gmail.com","pho2015"
"tnguyen","Pho2015!Hospital1"
"mbennett_fitness@gmail.com","deadlift"
"mbennett","Deadlift#Rehab2024"
"nurul.huda@gmail.com","kucingku"
"nhuda","Kucingku@MedCode1"
"gabriel_santos90@uol.com.br","samba2010"
"gsantos","Samba2010!ChemoWard"
"mateo.rossi88@gmail.com","intermilan1908"
"mrossi01","Intermilan1908!#med"
"priya.sharma.md@yahoo.com","diwalisweets"
"psharmaped","Diwalisweets2024!"
"chenwei_bj@163.com","baobao0512"
"wchen_rad","BaoBao0512#Clinic"
"falmansoor91@hotmail.com","jasminechai"
"falmanso","Jasminechai$2023Rx"
"adiallo.care@outlook.com","senegalking"
"adiallo","Senegalking@2024OR"
"dr.cgomez@gmail.com","guitarra77"
"cgomez_anes","Guitarra77!HospSafe"
"kaito.tanaka.pt@gmail.com","tokyoskyline"
"ktanaka","TokyoSkyline*2024Rehab"
"ngozi_eze@yahoo.co.uk","chinuaachebe"
"neze_obgyn","Chinuaachebe#Delivery1"
"lindqvist.hannah@gmail.com","fikatime"
"hlindq01","Fikatime123$Onco"
"ananya.sen@gmail.com","monsoonrain"
"asenhima","Monsoonrain!2024Records"
"lucas.silva.sp@gmail.com","corinthians"
"lsilva_lab","Corinthians*BloodDraw12"
"siti.nur@gmail.com","kucingcomel"
"snurhali","Kucingcomel#99Nephro"
"greta.mueller.hh@web.de","apfelstrudel"
"gmueller","Apfelstrudel@Pharma88"
"davidkim.md@naver.com","hanriverrun"
"dkim_ortho","Hanriverrun!Bone2024"
"mdubois.lyon@laposte.net","croissant7"
"mdubois_icu","Croissant7$$HospCare"
"youssef.nader85@gmail.com","vintageaudio"
"ynader_bm","Vintageaudio#Repair01!"
"zofia.kowalska@op.pl","tatramountain"
"zkowalska","Tatramountain$Psych24"
"kwame.asante@ghanaweb.com","blackstars9"
"kasante","Blackstars9#EpiAlert"
"isa.santos.rio@gmail.com","copacabana"
"isantos_us","Copacabana!EchoLab2024"
"serg.ivanov@mail.ru","spartakwinner"
"sivanov_ems","Spartakwinner#Rescue101"
"meiling.zhou@cantonmail.com","bobaicetea"
"mzhou_icp","Bobaicetea@Sanitize01"
"pastor.arthur.p@gmail.com","psalm23peace"
"apendelton","Psalm23peace!ChapelCare"
"mateo.silva91@gmail.com","copacabana91"
"msilva4","Copacabana91!#2024"
"amina.mansoor@outlook.com","falafellover"
"aalmansoor","Falafellover2023$"
"lindqvist.luke@yahoo.se","volvo240gl"
"llindqv","Volvo240gl#Secure1"
"sunita.rao.tech@gmail.com","mangolassi7"
"srao08","MangoLassi7@Work!"
"e.rostova88@mail.ru","sputnik1988"
"erostov","Sputnik1988$Global"
"chiyo.takahashi@gmail.com","matchalatte3"
"ctakahas","MatchaLatte3$$2024"
"fatima.z.casa@gmail.com","marrakech21"
"fzahra","Marrakech21$$Secure"
"ananya.sharma.blr@gmail.com","chaipecharcha"
"asharma3","ChaiPeCharcha@1234"
"ingrid.hansen85@broadpark.no","fjordwalk85"
"ihansen","Fjordwalk85!Secure"
"bao.nguyen.dev@gmail.com","pho24bo"
"bnguyen","Pho24bo#Saigon2024"
"zoe.tremblay@videotron.ca","poutineville"
"ztrembla","Poutineville2024!!"
"volkov.dmitri@yandex.com","baikallake"
"dvolkov","Baikallake#Winter1"
"nia.adebayo@gmail.com","jollofrice1"
"nadebayo","Jollofrice1@Lagos2024"
"sora.park.seoul@naver.com","bibimbap77"
"spark02","Bibimbap77$$Kpop"
"lucas.martin.lyon@orange.fr","croissant88"
"lmartin","Croissant88!Enterprise"
"giulia.romano@libero.it","vesparossa"
"gromano","VespaRossa@2024#"
"arjun.nair.kl@gmail.com","backwaters10"
"anair01","Backwaters10#Kerala!"
"tenzin.dorji@gmail.com","himalaya99"
"tdorji","Himalaya99@Summit!"
"isabella.costa.rj@globo.com","ipanema1994"
"icosta","Ipanema1994!Office"
"priya.sharma.blr@yahoo.com","mangolassi7"
"psharma9","MangoLassi7!2024"
"lindqvist.lars@outlook.com","saunafan"
"llindq1","Saunafan@123456"
"amina.elsayed@gmail.com","cairocat22"
"aelsay2","CairoCat22$$Global"
"kenji.takahashi@softbank.jp","ramenlover"
"ktakah3","RamenLover#2024!"
"o.morozova@yandex.ru","dachasummer"
"omoroz8","DachaSummer2023!#"
"carlos_mendoza91@gmail.com","bocajuniors"
"cmendo5","BocaJuniors!9120"
"chiamaka.okoro@mail.com","chinwe04"
"cokoro7","Chinwe04!Security"
"lucas.dubois.fr@gmail.com","bordeauxvin"
"lduboi2","BordeauxVin#9988"
"fati.zahra@hotmail.com","casablanca99"
"fzahra6","Casablanca99@Corp!"
"liam.oconnor.dub@gmail.com","guinnessfan"
"loconn3","GuinnessFan!1234"
"wei.zhang.sh@163.com","badminton08"
"wzhang9","Badminton08!Safe$"
"elena_wealth@gmail.com","orlando2012"
"evasqu4","Orlando2012#Secure"
"k.asante.accra@gmail.com","kotoko2000"
"kasant8","Kotoko2000#Accra!"
"hanna.weber82@web.de","berlinwall"
"hweber5","BerlinWall!8282"
"tariq.mansoor@gmail.com","falcondxb"
"talman1","FalconDXB#2024$$"
"sypark93@naver.com","bibimbap1"
"spark7","Bibimbap1!Seoul2"
"giulia.deluca@libero.it","vesparossa"
"gdeluc4","VespaRossa#Roma1"
"dima.sokolov@inbox.ru","siberiahusky"
"dsokol6","SiberiaHusky2024!"
"nia.davies.wales@gmail.com","dragons99"
"ndavie2","Dragons99!Secure1"
"ale.gomez.fx@gmail.com","playaazul"
"agomez8","PlayaAzul#Forex1"
"zainab.bello.ng@gmail.com","jollofrice"
"zbello3","JollofRice$Audit1"
"johan.vdm@mweb.co.za","springbok8"
"jvande5","Springbok8!Bafana"
"chloe.martin.paris@gmail.com","croissant07"
"cmarti9","Croissant07#Banker"
"rohan.kulkarni@gmail.com","cricketbat"
"rkulka1","CricketBat#00799"
"siddharth.rao88@gmail.com","cricketfan07"
"srao88","Cricketfan07!2024"
"mateo.hdz@yahoo.com","barcelona10"
"mherna","Barcelona10$$$Work"
"lukas.weber91@gmx.de","brezelzeit"
"lweber","Brezelzeit!9191#"
"chen.meiling@qq.com","bubbletea88"
"mchen02","Bubbletea88$$2024"
"doconnor_dublin@yahoo.ie","guinnesspint"
"doconn","Guinnesspint#1Ireland"
"jp.dubois@wanadoo.fr","soleilbleu"
"jduboi","Soleilbleu!2024#"
"ngozi.adebayo@gmail.com","lagoscity"
"nadeba","Lagoscity!123456"
"kenji.sato@yahoo.co.jp","shinjuku03"
"ksato1","Shinjuku03@Finance"
"camila.silva@uol.com.br","pipoca2020"
"csilva8","Pipoca2020##FXDesk"
"liam.gallagher84@gmail.com","oasisforever"
"lgalla","Oasisforever!!1984"
"ananya.sen@rediffmail.com","roshogolla"
"asenn4","Roshogolla@2024Bank"
"morozov.d@inbox.ru","siberia99"
"dmoroz","Siberia99#Cleared!!"
"tariq.mansour@gmail.com","falconspeed"
"tmanso","Falconspeed#2024IT"
"carlos.gomez77@terra.es","perroblanco"
"cgomez9","Perroblanco!123Madrid"
"hana.hashimi@gmail.com","safari2018"
"hhashi","Safari2018$Private$"
"piotr.zielinski@wp.pl","warszawa01"
"pzieli","Warszawa01!Secure$"
"grace.kim93@daum.net","pianolover"
"gkim93","Pianolover!2024Quant"
"mustafa.demir@mynet.com","galatasaray"
"mdemir","Galatasaray#1905#Work"
"fiona.campbell@scotnet.co.uk","highland05"
"fcampb","Highland05$$Liquidity"
"elena.rostova88@gmail.com","barsikcat2015"
"erosto","Barsikcat2015!#Med"
"marcus.adebayo@yahoo.com","arsenalfc04"
"madeba","ArsenalFC04@Clinic"
"sunita.rao.rx@outlook.com","tulsiplant"
"srao01","Tulsiplant$2024Rx"
"meiling.zhou@cloudmail.com","bobaaddict88"
"mzhou2","Bobaaddict88!!Health"
"carlos.mendoza.or@gmail.com","guadalajara92"
"cmendo","Guadalajara92*Surge"
"amina.pediatrics@hotmail.com","safiyamygirl"
"aalman","Safiyamygirl!2023#"
"jonas.lindqvist@telia.com","volvo240turbo"
"jlindq","Volvo240turbo$$Med"
"fatima.diallo@protonmail.com","mangojuice77"
"fdiall","Mangojuice77%Hosp"
"dmitry.volkov.lab@mail.ru","baikalwave"
"dvolko","Baikalwave@2024Lab"
"chloe.tremblay.pt@gmail.com","quebecoisie"
"ctremb","Quebecoisie&Rehab9"
"ananya.patel.path@gmail.com","chaiandrain"
"apatel7","Chaiandrain*2024$"
"mateo.rossi.ems@gmail.com","forzajuve1897"
"mrossi","ForzaJuve1897!EMS"
"david.kim.ortho@gmail.com","soulkitchen84"
"dkim44","Soulkitchen84?Bones"
"zainab.hassan@yandex.com","bluehydrangea"
"zhassa","Bluehydrangea+2024"
"lukas.meyer.epi@gmx.de","blackforest99"
"lmeyer1","Blackforest99@Health"
"priscilla.santos.rn@gmail.com","sambadancer12"
"psanto","Sambadancer12#Care"
"arthur.pendelton@me.com","flyfishing73"
"apende","Flyfishing73!Admin"
"nadia.kovac.res@gmail.com","dunavriver90"
"nkovac","Dunavriver90*Trial"
"tunde.adeleke@gmail.com","lagosvibes10"
"badele","Lagosvibes10#Secure"
"yuki.sato.him@gmail.com","origamicrane3"
"ysato2","Origamicrane3@HIM24"
"ephraim.cohen@gmail.com","shabbatshalom"
"ecohen","Shabbatshalom!770"
"liam.gallagher92@gmail.com","oasislover96"
"lgallagh","Oasislover96!Retail"
"amina.mansoor.ae@outlook.com","karakchai12"
"aalmanso","Karakchai12#2024"
"meiling.zhou@163.com","boba4ever"
"mzhou01","Boba4ever$$Visual"
"kofimensah_gh@gmail.com","chelseafc08"
"kmensah","ChelseaFC08!Store"
"priya_sharma88@rediffmail.com","motichoor7"
"psharma2","Motichoor7#Security"
"lucassilva.rio@uol.com.br","maracana10"
"lsilva03","@Maracana10Retail@"
"ananyapatel.work@gmail.com","badmintonlove"
"apatel11","Badmintonlove123$"
"dubois_chloe@orange.fr","croissant05"
"cdubois","Croissant05!!Work"
"kenji_sato77@yahoo.co.jp","gundamwing95"
"ksato04","Gundamwing95#Floor"
"j_kowalski85@wp.pl","pierogi2012"
"jkowalsk","Pierogi2012%Dock"
"hanna_lindqvist@outlook.com","fikadelight"
"hlindqvi","Fikadelight&Store1"
"diego_ramirez94@gmail.com","tacosalpastor"
"dramirez","Tacosalpastor1!Warehouse"
"nia_robinson89@comcast.net","beyoncefan1"
"nrobinso","Beyoncefan1$$Desk"
"daehyun.kim@naver.com","starcraft07"
"dhkim02","Starcraft07!Audit#"
"zoe.vandermeer@ziggo.nl","stroopwafel9"
"zvanderm","Stroopwafel9*Lead24"
"sunita_rao@yahoo.com","masaladosa"
"srao05","Masaladosa@2024Retail"
"gabriel.santos.rio@gmail.com","carnaval03"
"gsantos4","Carnaval03#Service"
"ingrid.hansen88@telenor.no","fjordtrekker"
"ihansen2","Fjordtrekker!Dock99"
"seun_adeleke@gmail.com","jollofrice10"
"oadeleke","Jollofrice10$Floor!"
"emese.nagy@freemail.hu","balatonvibes"
"enagy01","Balatonvibes@Shift!"
"lukas.weber.de@outlook.com","berlinrunner"
"lweber2","Berlinrunner@Treasury9"
"priya.patel.stat@gmail.com","chai_latte89"
"ppatel8","Chai_latte89$RiskModel"
"oconnor.liam@eircom.net","guinnesspub07"
"loconnor1","GuinnessPub07#Loans!"
"tanaka.yuki.tyo@gmail.com","shibainu2015"
"ytanaka","ShibaInu2015!AmlDesk"
"fatima.zahra.cas@hotmail.com","marrakechsun"
"fzahra3","MarrakechSun#2024Audit"
"dima.ivanov.quant@gmail.com","spartak1998"
"divanov5","Spartak1998$AlphaTrade"
"chloe.martin.paris@wanadoo.fr","croissant06"
"cmartin7","Croissant06@WealthMgmt"
"carlos_mendoza77@yahoo.com.mx","elchapo2000"
"cmendoza2","ElChapo2000#BranchOperations"
"ananya.fx@gmail.com","jaipurpalace"
"asharma9","JaipurPalace@FXDesk2024"
"lars.lindholm@telia.com","fika_kanelbulle"
"llindholm","Fika_Kanelbulle!Settlements1"
"sndlovu.joburg@gmail.com","amapiano2020"
"sndlovu3","Amapiano2020#Onboarding*"
"chen.meiling85@gmail.com","boba_milk99"
"mchen6","Boba_Milk99$CoreTech!"
"gsantos_rio@uol.com.br","copacabana10"
"gsantos1","Copacabana10&Equities"
"hanna.korhonen@suomi24.fi","saunaparty12"
"hkorhonen","SaunaParty12$FraudGuard"
"tariq_cairo@yahoo.com","zamaleksc02"
"tmansour4","ZamalekSC02#Mortgages99"
"elena.rossi.milano@gmail.com","vespaitalia03"
"erossi8","VespaItalia03@MergersAcq"
"kwamemensah_accra@yahoo.com","jollof_pot84"
"kmensah2","Jollof_Pot84#ATMops2024"
"bao.nguyen.quant@gmail.com","pho_bo2012"
"bnguyen5","Pho_Bo2012#QuantRisk99"
"ingrid.vdberg@planet.nl","tulpenveld05"
"ivandenberg","Tulpenveld05@RegReports!"
"kenji_sato_tokyo@nifty.com","ramen_shoyu8"
"ksato3","Ramen_Shoyu8#LendingDesk1"
"nadia.boulanger@laposte.net","macaronrose01"
"nboulanger","MacaronRose01$GlobalTax"
"mateo.silva92@gmail.com","flamengo1981"
"msilva3","Flamengo1981#School"
"sunita.rao.blr@yahoo.com","gollum2015"
"srao_admin","Gollum2015!Admin"
"kenjisato_kyoto@mail.jp","katana04"
"ksato_phy","Katana04!Physics24"
"elena.books@yandex.ru","dostoevsky"
"epopova","Dostoevsky@Library1!"
"chloe.lefebvre@orange.fr","chocolat88"
"clefebvre","Chocolat88$$Edu"
"amina_yusuf99@yahoo.com","barcelona10"
"ayusuf_adm","Barcelona10!Admissions"
"marcus.vance.tech@gmail.com","redhotchili"
"mvance_it","Redhotchili!2024IT"
"sofia_hernandez_tx@gmail.com","perrito22"
"shernandez","Perrito22#Classroom"
"ananyasen_cal@gmail.com","rasgulla5"
"asen_edu","Rasgulla5@MathDept"
"hassan_elsayed65@hotmail.com","cairoalex9"
"helsayed","Cairoalex9#Faculty!"
"gretalindqvist@tele2.se","fika2018"
"glindqvist","Fika2018!Curriculum"
"coach_carlos@gmail.com","marathon99"
"cmendoza_ad","Marathon99#Athletics"
"bao.nguyen.art@gmail.com","saigonart"
"bnguyen_art","Saigonart#Studio1"
"meiling.chen.tpe@gmail.com","bubbletea8"
"mlchen","Bubbletea8$Teaching"
"tariq_m_lhr@yahoo.com","lahorecricket"
"tmahmood","Lahorecricket@2024!"
"chinedu_eze@outlook.com","enugu2020"
"ceze_finaid","Enugu2020$Finance!"
"rosamoretti.piano@libero.it","allegro12"
"rmoretti","Allegro12!MusicSchool"
"zane.hamdan@gmail.com","falcon44"
"zalhamdan","Falcon44#Transport1"
"hannah.jacobs78@gmail.com","sunflower14"
"hjacobs_dos","Sunflower14!CampusLife"
"lucas.silva.rio@outlook.com","flamengo1981"
"lsilva","Flamengo1981@Work"
"priya.sharma95@rediffmail.com","ladoo2018"
"psharma","Ladoo2018!Retail"
"sato.kenji99@yahoo.co.jp","katana99"
"ksato","Katana99#Security"
"mateo.fernandez@gmail.com","bocajuniors12"
"mfernandez","Bocajuniors12#Dock"
"lars.lindqvist@telia.com","fika1985"
"llindqvist","Fika1985!Stockholm"
"eunji.kim88@naver.com","bibimbap10"
"ekim","Bibimbap10!Floor"
"dimitrios.p@in.gr","olympos77"
"dpapadopoulos","Olympos77#Bakery"
"jakub.kowalski@wp.pl","wawel2016"
"jkowalski","Wawel2016#Night"
"aylin.yilmaz@yandex.com","bosphorus91"
"ayilmaz","Bosphorus91$Mall"
"zoe.taylor@xtra.co.nz","kiwibird17"
"ztaylor","Kiwibird17#Retail"
"sven.vanderbeek@ziggo.nl","tulpen2011"
"svanderbeek","Tulpen2011$Depot"
"mrossi_calcio@yahoo.com","forzamilan7"
"mrossi4","Forzamilan7#Edu"
"sunita.sharma.delhi@outlook.com","marigold2012"
"ssharma","Marigold2012$$$"
"liam_oasis_fan@gmail.com","strangerock4"
"lgallagher","Strangerock4!Access"
"kenji.takahashi83@gmail.com","sakuradog88"
"ktakahashi","Sakuradog88#Chem"
"jonas.lindqvist.sthlm@outlook.com","fikaweekend"
"jlindqvist","Fikaweekend#2024Edu"
"miller_hoops@aol.com","tarheels93"
"dmiller","Tarheels93!Champs#"
"ingrid.bergstrom.art@gmail.com","monetwaterlilies"
"ibergstrom","Monetwaterlilies!Fall24"
"beatriz.silva.rio@gmail.com","carnavalrio"
"bsilva","Carnavalrio!Records24"
"callum_highland@scotmail.com","nessiehunt"
"cmacleod","Nessiehunt#School2024"
"maria.santos.guide@gmail.com","beaglelucy"
"msantos","Beaglelucy#Guidance1"
"hassan_space_fan@hotmail.com","marsrover2020"
"hdarwish","Marsrover2020!LabSecure"
"anja_mueller_berlin@web.de","goldie2018"
"amueller","Goldie2018$Classroom"
"thorne_g_safe@gmail.com","campingtrip"
"gthorne","Campingtrip#Security2024"
"priya.patel.learn@outlook.com","spicychai9"
"ppatel","Spicychai9@Curriculum!"
"zoran_petrovic_novi@gmail.com","dunavriver"
"zpetrovic","Dunavriver!Maintenance24"
"ananya_cricket@yahoo.in","dhonifan7"
"asharma4","Dhonifan7#Bank2024"
"lars.fika@outlook.com","kanelbulle"
"llindq","Kanelbulle$2023"
"mling.chen@gmail.com","boba4life"
"mchen88","Boba4life!Underwriting"
"talmansoor@hotmail.com","falconry"
"talman","Falconry@99Dubai"
"sofiahdz94@gmail.com","chocolatito"
"shernan5","Chocolatito&Loans2024"
"hassan_diving@yahoo.com","redsea20"
"helsay","Redsea20*AuditCorp"
"chloe.dubois@laposte.net","macaron88"
"cdubois1","Macaron88@WealthManagement"
"kenji_taka@nifty.com","ramenlover"
"ktakah","Ramenlover%TokyoFX24"
"ingrid.vdb@planet.nl","tulips33"
"ivanderb","Tulips33!SecurityRisk"
"carlosg_salsa@gmail.com","bachata01"
"cgomez12","Bachata01$VaultAccess"
"oliversmith_rugby@sky.com","twickenham"
"osmith09","Twickenham@Clearing123"
"amina_bello@fastmail.com","zaria2015"
"abello","Zaria2015!ClientCare"
"liam_murphy99@eircom.net","guinness"
"lmurphy7","Guinness#Settlements88"
"narae.park@daum.net","bibimbap"
"npark4","Bibimbap^Governance10"
"lucas.silva90@uol.com.br","flamengo"
"lsilva19","Flamengo@Operations2024"
"zuzakowalska@wp.pl","krakow12"
"zkowals","Krakow12$RiskSecure"
"dima_chess@yandex.com","siciliandef"
"divanov","Siciliandef!SysAdmin9"
"maya_hiking@gmail.com","yosemite"
"mlin03","Yosemite*Portfolio55"
"f_hansen87@jubii.dk","smorrebrod"
"fhansen","Smorrebrod&Collateral1"
"priya.patel.art@gmail.com","rangoli9"
"ppatel6","Rangoli9#FraudPrevention"
"gabe.oconnor@yahoo.co.uk","galwaybay"
"goconnor","Galwaybay!Corporate24"
"sora.takahashi@outlook.com","matchalover"
"stakahashi","Matchalover!12345"
"mariasantos1976@gmail.com","fluffyterrier"
"msantoscruz","Fluffyterrier@2023!"
"fatima.zahra85@gmail.com","yasminflower"
"falzahra","Yasminflower!2024"
"chunhei.park@naver.com","bibimbap12"
"chpark","Bibimbap12!Welcome"
"amina_diop91@hotmail.com","safipetdog"
"adiop","Safipetdog@School1"
"ingrid.lindqvist@swipnet.se","astridlind"
"ilindqvist","Astridlind#Library1!"
"nadia.boukhedir@laposte.net","petitlapin"
"nboukhedir","Petitlapin!Prof2023"
"zainab.khan79@yahoo.com","chaiandparatha"
"zkhan","Chaiandparatha#2024!"
"ananya.sen.kol@gmail.com","rabindranath"
"asen","Rabindranath@Work100!"
"goran.petrovic.bg@gmail.com","teslamodel"
"gpetrovic","Teslamodel#Physics101!"
"haeun.kim.music@daum.net","pianokey88"
"hkim","Pianokey88!Melody2024"
"tmansoor_finaid@gmail.com","falconsoar"
"tmansoor","Falconsoar$Admin2024"
"avega_sec@gmail.com","boxerrocky"
"avega","Boxerrocky@CampusGuard1"
"duncan.macleod.highlands@gmail.com","highlandpiper"
"dmacleod","Highlandpiper#Maint24!"
"lila.ebrahim@gmail.com","seattlesunny"
"lebrahim","Seattlesunny!StudentLife1"
"priya.sharma90@rediffmail.com","laddu2018"
"psharma4","Laddu2018#Secure1"
"tariq_almansoor@outlook.com","falcondxb"
"talmans","FalconDXB!2024$"
"kwesi.boateng@gmail.com","arsenalwin"
"kboaten","ArsenalWin#2024!"
"sarah.jenkins.us@aol.com","goldenretriever"
"sjenkin3","GoldenRetriever!99"
"fatimah_omar@yahoo.com","kucingcomel"
"fomar","KucingComel#1234"
"lucas.silva.rio@uol.com.br","flamengo81"
"lsilva8","Flamengo81!Corp2"
"niamh_oconnor_eire@eircom.net","cloverrover"
"noconno","CloverRover@2024#"
"kovacs.zsombor@freemail.hu","balaton1991"
"zkovacs","Balaton1991%Work"
"ananya.patel@gmail.com","chaipecharcha"
"apatel12","ChaiPeCharcha$24!"
"liammacleod@btinternet.com","nessiehunt"
"lmacleo","NessieHunt2024!&"
"thabo.mokoena@webmail.co.za","bafana96"
"tmokoen","Bafana96!!Access"
"danica.varga@net.hr","jadransea"
"dvarga","JadranSea#2023!*"
"yoonseo.park@naver.com","sojuparty88"
"ypark3","SojuParty88@Finance"
"amorales_valencia@terra.es","sevilla05"
"amorale","Sevilla05*Pass24"
"fz_amrani@menara.ma","casablancanight"
"felamra","CasablancaNight!1"
"arttu.korhonen@luukku.com","saunasauna"
"akorhon","SaunaSauna#2024X"
"mayalin_vancouver@shaw.ca","dimsumking"
"mlin02","DimSumKing@99Bank"
"sid.rao88@gmail.com","masaladosa2019"
"srao","Masaladosa2019!#Work"
"anja.lindqvist@spray.se","fikatime"
"alindqvist","Fikatime@2024Secure"
"thiago.silva.dev@globo.com","capoeira99"
"tsantos","Capoeira99!Access2024"
"meiling.chen@qq.com","milktea50"
"mchen","Milktea50#Office2023"
"nia.campbell@icloud.com","goldenretriever"
"ncampbell","Goldenretriever$2024"
"dmitry.m@inbox.ru","spartakwinner"
"dmorozov","Spartakwinner@Work1"
"camila.morales@gmail.com","solyluna22"
"cmorales","Solyluna22!Corporate"
"jonas.vandenberg@ziggo.nl","fietsenamsterdam"
"jvandenberg","Fietsenamsterdam$99!"
"priya.natarajan@yahoo.co.in","carnaticmusic"
"pnatarajan","Carnaticmusic#2024Admin"
"gmiller.uk@btinternet.com","chelseafc1905"
"gmiller","Chelseafc1905!WorkAccess"
"chioma.okafor@gmail.com","jollofrice1"
"cokafor","Jollofrice1@Office365"
"gabriel.dubois@orange.fr","vttmontagne"
"gdubois","Vttmontagne!System2024"
"hana.balushi@omantel.net.om","salalahbeach"
"halbalushi","Salalahbeach#Summer24"
"meiling.chen@outlook.com","boba_matcha"
"mchen01","Boba_matcha#99!"
"mvance.runner@yahoo.com","marathon42k"
"mvance","Marathon42k!!2023"
"mateo.fdez89@hotmail.com","guitarra12"
"mfernand","Guitarra12$$Bank"
"fatou.diop@orange.sn","dakar2018"
"fdiop9","Dakar2018###Secure"
"hanna.l@telia.com","fikapaus"
"hlindqv","Fikapaus2024!#Bank"
"arash.karimi@gmail.com","persiancat7"
"akarimi","Persiancat7&&2024"
"chloe.becker94@web.de","berlinnight"
"cbecker","Berlinnight!2024Secure"
"deepanair.personal@gmail.com","monsoonrain"
"dnair4","Monsoonrain#2024!$"
"gaby.morales@icloud.com","biciroja08"
"gmorales","Biciroja08!!Safe#"
"nadia.boutros@gmail.com","beirutsky"
"nboutros","Beirutsky@2024#Trade"
"smacleod85@gmail.com","highlandfog"
"smacleod","Highlandfog2024!#$"
"zhihao.wu@163.com","cyberpunk77"
"zwu08","Cyberpunk77!!Trading"
"dawid.kowalski@poczta.fm","motocykl99"
"dkowalsk","Motocykl99@@Secure"
"ayesha.sid88@gmail.com","chai_karak"
"asiddiqu","Chai_karak!2024#$"
"johannes.vdm@mweb.co.za","springbok88"
"jvdmerwe","Springbok88$$Access"
"isabella.rossi@virgilio.it","tiramisu10"
"irossi1","Tiramisu10*2024Banking"
"sofia.designs@hotmail.com","lavieenrose"
"shernand","LaVieEnRose2023$"
"chloe_parisienne@free.fr","macaronbleu"
"clefebvr","Macaronbleu!2024"
"noah.vandijk@kpnmail.nl","amsterdam77"
"nvandijk","Amsterdam77#Retail"
"chen.hao.retail@163.com","dragondance"
"hchen04","DragonDance2024!"
"mariasantos.ph@gmail.com","boracaytrip"
"msantos05","Boracaytrip#2024."
"tariq_m87@outlook.com","falafelking"
"tmansour","Falafelking1234!"
"carlosgomez_mx@yahoo.com","taquitosalpastor"
"cgomez99","Taquitosalpastor!1"
"kenji_sato@gmail.com","akihabara88"
"ksato002","Akihabara88#Shift1"
"zuzanna.kowalska@onet.pl","krakowpierogi"
"zkowalsk","Krakowpierogi$2024"
"doconnor.dublin@gmail.com","shamrock03"
"doconnor","Shamrock03*Office"
"aylin.yilmaz@turk.net","bosphorussea"
"ayilmaz3","Bosphorussea%2024"
"sid_verma95@gmail.com","cricketfanatic"
"sverma08","Cricketfanatic!#24"
"schneider_lukas@web.de","berlinrocker"
"lschneid","Berlinrocker2024!Stock"
"liam_dublin95@gmail.com","guinnessboy"
"loconnor2","Guinnessboy!2024Shift"
"chiyo_t@mail.jp","matchalatte7"
"ctanaka","Matchalatte7$Terminal"
"carlitos_mendoza@hotmail.com","tacotuesday"
"cmendoza8","Tacotuesday#2024Support"
"fatima.ndiaye@orange.sn","dakarqueen04"
"fndiaye","Dakarqueen04!SecureOps"
"elena_popescu92@gmail.com","pisicuta12"
"epopescu","Pisicuta12@RetailStore"
"kofi_gh98@yahoo.com","blackstars99"
"kmensah1","Blackstars99#Warehouse"
"sven.lindholm@gmail.com","fikafriday"
"slindholm","Fikafriday!123Manager"
"meiling.chen.tw@gmail.com","bobaaddict01"
"mchen5","Bobaaddict01#Buying2024"
"diego_h93@live.com","aztecahero"
"dhernandez","Aztecahero!DockShift1"
"ananya.patel@rediffmail.com","diwalidancer"
"apatel3","Diwalidancer$2024Pricing"
"arthur_dubois@orange.fr","petitprince"
"adubois2","Petitprince!Floral2024"
"thabo.mokoena@gmail.com","orlandopirates"
"tmokoena","Orlandopirates#Guard2024"
"bia_silva94@bol.com.br","sambanight"
"bsilva9","Sambanight$Fashion2024"
"kowalski_m90@onet.pl","warszawa1944"
"mkowalski","Warszawa1944#Warehouse"
"nour_elsayed@gmail.com","omali1234"
"nelsayed","Omali1234!BakeryStaff"
"jack_taylor_uk@btinternet.com","arsenalgunner"
"jtaylor4","Arsenalgunner#Store2024"
"mvance_rebel@gmail.com","gettysburg1863"
"mvance44","Gettysburg1863!EDU"
"ananya.sen91@yahoo.com","mithaimagic"
"asen01","MithaiMagic#2024"
"siobhan.reads@outlook.com","brontefan"
"soconnor","Brontefan&Books1"
"mateo.silva98@gmail.com","guitarsolo"
"msilva2","GuitarSolo!12345"
"fatima.alhassan@fastmail.com","jasmineblossom"
"falhassan","JasmineBlossom@24"
"lukas.meyer.de@web.de","quantumspin"
"lmeyer8","QuantumSpin!2024"
"amina.diop@orange.sn","dakarvibes"
"adiop5","DakarVibes#Spring1"
"chenwei_advising@163.com","pandabear08"
"wchen19","PandaBear08!Advise"
"biabsantos@uol.com.br","carnavalrio"
"bsantos7","CarnavalRio$2024!"
"olga.preschool@yandex.com","matryoshka7"
"oivanova","Matryoshka7!School"
"liam_coach_macleod@gmail.com","celticsfc1888"
"lmacleod","Celticsfc1888!Coach"
"priyapatel.learn@yahoo.com","chaiandbooks"
"ppatel88","ChaiandBooks#Curric1"
"dmitry_sokolov79@rambler.ru","beakerspoon"
"dsokolov","BeakerSpoon*98765"
"noor.zahra@gmail.com","falafelwrap"
"nzahra","FalafelWrap@Campus1"
"kari.lindqvist.art@kolumbus.fi","woodworker"
"klindqvist","WoodWorker!Class24"
"morales.alejo@terra.com.mx","aztecasun"
"amorales0","AztecaSun#Dean2024"
"sunyoung_art@naver.com","canvasacrylic"
"spark12","CanvasAcrylic$Studio"
"gareth.hughes.wales@gmail.com","reddragon77"
"ghughes","RedDragon77@Transit"
"ingrid.visser84@hetnet.nl","tulipfields"
"ivisser","TulipFields#Office1"
"ananya.s.delhi@gmail.com","chaipecharcha"
"asharm","Chaipecharcha@2023"
"zofia.kowalska92@poczta.onet.pl","krakowskie92"
"zkowal","Krakowskie92!Support"
"lucas.vdb@planet.nl","tulpenveld8"
"lvande","Tulpenveld8!Spring24"
"sunita_patel_ahmedabad@gmail.com","garbadance21"
"spatel","Garbadance21$RetailPlanner"
"isabella.rossi_firenze@libero.it","vesparossa05"
"irossi","VespaRossa05&Styling"
"marcus_j_chicago@gmail.com","bullsfan23"
"mjohns","Bullsfan23@Fulfill101"
"nia.williams.atl@gmail.com","peachtreepet"
"nwilli","Peachtreepet!Store742"
"yuki.sato.ginza@icloud.com","shibainu01"
"ysato1","Shibainu01$$Boutique"
"sipho_dlamini_sa@gmail.com","amapiano2020"
"sdlami","Amapiano2020!DockManager"
"freja_lindstrom_sthlm@outlook.com","fikaforlife"
"flinds","Fikaforlife#Design2024"
"kenji_oc_kobe@gmail.com","matchatea77"
"koconn","Matchatea77!PricingOffice"
"amira_benali_tunis@yahoo.fr","jasminflower"
"abenal","Jasminflower@HRDept24"
"patmurphy_galway@gmail.com","connachtrugby"
"pmurph","Connachtrugby#Depot09"
"bao_nguyen_hcmc@gmail.com","cafesuada84"
"bnguye","Cafesuada84$PickerFast"
"eleni.katsaros88@gmail.com","santorini99"
"ekatsaros","Santorini99!Bank"
"priya.sundaram@outlook.com","chaisip84"
"psundaram","Chaisip84$$Secure"
"mmorales_futbol@hotmail.com","bocajuniors"
"mmorales","BocaJuniors@1234"
"jiyeon.park.quant@gmail.com","boracay7"
"jypark","Boracay7*Finance1"
"chloedupont_paris@yahoo.fr","croissant77"
"cdupont","Croissant77!Corp!"
"tariq.adeleke@gmail.com","lagosboy"
"tadeleke","Lagosboy#Banking1"
"oliver.schmidt@posteo.de","currywurst"
"oschmidt","Currywurst!FX2024"
"devin.gallagher@comcast.net","guinness4life"
"dgallagher","Guinness4life@2024"
"ananya.roy@rediffmail.com","darjeeling"
"aroy","Darjeeling$Secure1"
"leila.haddad@cyberia.net.lb","cedartree"
"lhaddad","Cedartree@Finance99"
"tomasz.kowalski@wp.pl","pierogi2012"
"tkowalski","Pierogi2012!Fraud#"
"nia_robinson89@verizon.net","sunshinegirl"
"nrobinson","Sunshinegirl*2024$"
"sergei.popescu@proton.me","daciatruck"
"spopescu","Daciatruck!Pass123"
"nadine_becker@web.de","alpineride"
"nbecker","Alpineride?Bank2024"
"rohan.mehta.delhi@gmail.com","cricketfan7"
"rmehta","Cricketfan7$Capital"
"spark_ceramics@daum.net","potteryblue"
"shpark","Potteryblue@chem1"
"chloe_baker89@gmail.com","sourdough89"
"cmartin","Sourdough89#School"
"lindstrom_knits@telia.com","woolsox"
"ilindstrom","Woolsox2024$Lib"
"niamh_bakes@eircom.net","bakingqueen"
"ngallagher","Bakingqueen*101"
"zainab_callig@gmail.com","inkandreed"
"zqureshi","Inkandreed@Canvas"
"jonas_aquarium@gmx.de","cichlidtank"
"jmeyer","Cichlidtank!999"
"lucas_cyclo@orange.fr","alpedhuez"
"llefebvre","Alpedhuez@2024!"
"chenwei_badminton@qq.com","smashdrop"
"wchen","Smashdrop&Data01"
"hannah_potter@gmail.com","hogwartsfan"
"hgoldberg","Hogwartsfan!Campus"
"arjun_gaming@gmail.com","zergrush01"
"arao","Zergrush01#LanEdu"
"sipho_rugby15@webmail.co.za","bokkiefan"
"sndlovu","Bokkiefan#Varsity1"
"aoife.murphy.qs@gmail.com","cloverpup07"
"amurphy","Cloverpup07!2024"
"tariq.crane@gmail.com","dubairover99"
"talmansoor","Dubairover99$Safety"
"amira.haddad.eng@gmail.com","cedarqueen8"
"ahaddad","Cedarqueen8&Sparky2024"
"jp.dupont.topo@orange.fr","alpineroad85"
"jdupont","Alpineroad85%TopoSite"
"ngozi.eze.qs@gmail.com","chiamaka2015"
"neze","Chiamaka2015$Commercial"
"ananya.qc@gmail.com","bangkoknight8"
"asomchai","Bangkoknight8*Quality#"
"amina.mansoor@gmail.com","falconoasis"
"aalmans","FalconOasis!2024#"
"cmendoza_const@gmail.com","chivascampeon"
"cmendoz","Chivascampeon*2024!"
"jacko.thompson@hotmail.com","sparkyjack"
"jthompso","Sparkyjack!Voltage22"
"tomek.kowalski@wp.pl","zubrbeer"
"tkowalsk","Zubrbeer!SteelWork9"
"jorge_santos_sp@bol.com.br","flamengo10"
"jsantos","Flamengo10$RoofSecure"
"lindqvist.magnus@telia.com","algstigen"
"mlindqvi","Algstigen#WoodCraft1"
"chen.hao.beijing@163.com","pandaexpress"
"hchen","Pandaexpress$SoilLab1"
"zoe.macgregor@gmail.com","lochside"
"zmacgreg","Lochside!GreenSite7"
"greta.holm@gmail.com","fikafriday"
"gholm","Fikafriday!Estimates23"
"alexc.guitar92@gmail.com","fenderstrat92"
"achen44","Fenderstrat92!2024"
"mateo.rod.bcn@outlook.com","barcelona1899"
"mrodriguez","!Barcelona1899!Secure"
"luke.becker90@web.de","kaffeejunkie"
"lbecker","Kaffeejunkie#2024!"
"kenji.sato.gaming@gmail.com","pikachurocks"
"ksato8","Pikachurocks!2024#"
"david_nwachukwu@yahoo.com","superfalcons7"
"dnwachukwu","Superfalcons7$$2024"
"hanna.kowalska.waw@onet.pl","warszawa2020"
"hkowalska","Warszawa2020!Login#"
"arjun_nair_kerala@yahoo.com","kathakali08"
"anair","Kathakali08*Prod2024"
"tomevans.cardiff@gmail.com","snowdonia15"
"tevans","Snowdonia15!Helpdesk"
"aiko_tanaka_rad@outlook.com","matchalover"
"atanaka","Matchalover#2024!"
"chiamaka.nwosu@gmail.com","sweetamara"
"cnwosu","Sweetamara@2024*"
"priyabala94@gmail.com","chennaicricket"
"pbalasub","ChennaiCricket#100"
"jp.dubois.med@laposte.net","croissant82"
"jdubois","Croissant82!Med#"
"zainab.bello.nutr@gmail.com","plantainchips"
"zbello","PlantainChips@Diet1"
"soraya_haddad@hotmail.com","beirutsunset"
"shaddad","BeirutSunset!Care2024"
"nadia.yilmaz@yandex.com","bodrumsummer"
"nyilmaz","BodrumSummer!Renal99"
"eunji.park93@daum.net","cherryblossom7"
"epark","CherryBlossom7#Hospice"
"marcus.vogel.berlin@gmx.de","kantrules"
"mvogel","Kantrules1724!Uni"
"ananya.sharma.bio@gmail.com","monarch99"
"asharma","Monarch99$Research"
"hassan_alfarsi@hotmail.com","muscatdune"
"halfarsi","MuscatDune@Aid2024"
"brossi_arts@libero.it","vangoghsun"
"brossi","VanGoghSun!Studio"
"minjun.kim.seoul@naver.com","starcraft00"
"mjkim","Starcraft00@Data!"
"hannah.clark.books@gmail.com","bookworm82"
"hclark","Bookworm82!Reads"
"zanele.dlamini.jhb@gmail.com","proteaflower"
"zdlamini","ProteaFlower$Dean1"
"mlingchen@gmail.com","bubbletea88"
"mchen8","Bubbletea88$$Retail"
"lucas.dubois75@orange.fr","marseille13"
"ldubois","Marseille13#Stock!"
"priyasharma.retail@gmail.com","ladoo2018"
"psharma1","Ladoo2018!Register"
"johan.lindqvist@telia.com","volvo240gl"
"jlindqvi","Volvo240gl#Outlet99"
"nia.campbell@live.co.uk","bluevelvet03"
"ncampbel","Bluevelvet03*Fashion"
"minhopark85@naver.com","starcraft00"
"mhpark","Starcraft00#DockDoors"
"hannah.schmidt92@web.de","apfelstrudel"
"hschmidt","Apfelstrudel@Till3"
"chiara.rossi@libero.it","tiramisu99"
"crossi","Tiramisu99!BeautyLab"
"brenden.vandijk@kpnmail.nl","amsterdam020"
"bvandijk","Amsterdam020!Warehouse"
"thanhnguyen.saigon@gmail.com","motobike123"
"tnguyen9","Motobike123#CustomerDesk"
"g_beaulieu@videotron.ca","croissant08"
"gbeaulie","Croissant08!BakeryFloor"
"felipe.ortiz96@hotmail.com","elcolo4ever"
"fortiz","Elcolo4ever$GraveyardShift"
"m.thorne.gaming@gmail.com","darkblade7"
"mthorn","Darkblade7#2024"
"kenji_sato_jp@outlook.jp","ramenlover"
"ksato01","Ramenlover#101POS"
"camila_fdz91@hotmail.com","solcito22"
"cferna","Solcito22@HelpDesk"
"thabom_safari@webmail.co.za","springbok"
"tmolef","Springbok!Secure99"
"ananya.sen21@gmail.com","sweetsmith"
"asennn","Sweetsmith#Cashier1"
"chloedubois_paris@orange.fr","papillon8"
"cduboi","Papillon8@Work2024"
"lbecker_bremen@web.de","biergarten"
"lbecke","Biergarten#Shift123"
"hana_kim_beauty@naver.com","skincare9"
"hkim03","Skincare9@Counter#1"
"zainab_fassi@gmail.com","marrakech7"
"zalfas","Marrakech7#PriceTag!"
"sven_l_gbg@telia.se","fikafriday"
"slindq","Fikafriday!Retail2024"
"meiling.chen99@qq.com","bubbletea01"
"mchen0","Bubbletea01$Supply"
"nadia_petrov_cs@gmail.com","sunflower3"
"npetro","Sunflower3!Support#"
"jorgemorales_secure@gmail.com","aguila123"
"jmoral","Aguila123@RetailLoss!"
"aoife_murphy_cork@eircom.net","shamrock5"
"amurph","Shamrock5#Auditor!1"
"meiling.chen@foxmail.com","panda88"
"mchen3","Panda88!Panda88"
"s.rossi@virgilio.it","vespalife"
"srossi4","VespaLife!999#"
"astrid.lindholm@telia.se","fika_break"
"alindholm","Fika_break2024!"
"ngozieze@yahoo.co.uk","superstar"
"neze8","Superstar#2024!1"
"ys.park@naver.com","seoulvibes"
"ypark1","Seoulvibes!1234#"
"d.kowalski@wp.pl","wislakrakow"
"dkowalski","WislaKrakow!@2023"
"cami.duarte@uol.com.br","pipoca22"
"cduarte3","Pipoca22!Pipoca22"
"j.vdberg@planet.nl","amsterdam"
"jvanderberg","Amsterdam123$#"
"lucas.mercier@laposte.net","trottinette"
"lmercier","Trottinette#2024"
"zeynep.demir@gmail.com","kedicik"
"zdemir1","Kedicik123456!"
"scampbell@xtra.co.nz","allblacks"
"scampbell","AllBlacks!2024NZ"
"b.nkosi@gmail.com","ubuntu2020"
"bnkosi4","Ubuntu2020#Finance"
"alejandro.gomez@hotmail.es","bocadillo"
"agomez","Bocadillo!12345"
"sarah.j.jenkins@btinternet.com","biscuit99"
"sjenkins6","Biscuit99!Vault#"
"liwei_survey@163.com","beijing2008"
"wli","Beijing2008!2024"
"sorin_ionescu@yahoo.ro","carpati12"
"sionescu","Carpati12@Scaff!"
"tomek.nowak81@wp.pl","cegielka81"
"tnowak","Cegielka81#Work2"
"santimorales_wood@gmail.com","maderafina"
"smorales","Maderafina#1234!"
"nikos_pap91@gmail.com","olympik91"
"npapadopoulos","Olympik91@Spark!"
"sjoshi_pmp@gmail.com","cricketbat07"
"sjoshi","Cricketbat07#PMsite"
"gabriel_gesso@uol.com.br","flamengo1981"
"gsouza","Flamengo1981#Obra"
"zainab.alfarsi@gmail.com","muscatpearl"
"zalfarsi","Muscatpearl$100k!"
"minjun_kim85@naver.com","tigersoul85"
"mkim","Tigersoul85@Supply"
"alvarez.beatriz@terra.es","chispa2012"
"balvarez","Chispa2012#WeldInsp"
"sunita.patel88@yahoo.com","chailover88"
"spatel7","Chailover88@2024!"
"mlzhou89@hotmail.com","bobaaddict07"
"mzhou3","Bobaaddict07!Work#"
"taro.tanaka.jp@yahoo.co.jp","shinjukurock84"
"ttanaka","Shinjukurock84#FxTrade"
"smartin_bordeaux@orange.fr","chocolatine33"
"smartin","Chocolatine33@Secure!"
"alex.silva.math@gmail.com","fibonacci358"
"asilva5","Fibonacci358!1321"
"miller.david.pdx@gmail.com","blazerfan00"
"dmiller8","Blazerfan00#Portland!"
"zainab_b93@gmail.com","biryaniqueen"
"zbegum","Biryaniqueen!AML2024"
"lucassantos_rio@globo.com","maracana1950"
"lsantos","Maracana1950!Finance"
"hannah_abbott@sky.com","goldenretriever"
"habbott","Goldenretriever#Paws1"
"bogdan.popescu.ro@yahoo.com","dacialogan06"
"bpopescu","Dacialogan06!RootUser"
"jihoon_park86@naver.com","starcraftpro"
"jpark04","Starcraftpro!9900#"
"varga.isabella@freemail.hu","balatonsummer"
"ivarga","Balatonsummer2024!$"
"priya.nambiar85@yahoo.com","kannurbeaches"
"pnambi","Kannurbeaches!999"
"figallagher83@gmail.com","dublinbaker"
"fgalla","Dublinbaker*2023"
"chloe.dupont@orange.fr","minoucat14"
"cdupon","Minoucat14!!Wealth"
"kenji_sato_jp@yahoo.co.jp","shinjukurock"
"ksato4","Shinjukurock#FX2024"
"sofia.hernandez@prodigy.net.mx","tequilaverde"
"sherna","Tequilaverde$Loan1"
"arjun.patel.fin@gmail.com","cricketfan07"
"apatel8","Cricketfan07!!Fin"
"ingrid.lindholm@spray.se","fikaeveryday"
"ilindh","Fikaeveryday$$Admin9"
"diegoramirez_bogota@gmail.com","salpiconamor"
"dramir","Salpiconamor!Teller3"
"zeynep.demir@mynet.com","bosphorusgem"
"zdemir","Bosphorusgem*Sec24"
"ben.miller.outdoors@gmail.com","flyfishing99"
"bmille","Flyfishing99##Port"
"giulia.rossi.roma@virgilio.it","vespaprima"
"grossi","Vespaprima@Corp2024"
"jan.kowalski.pl@onet.pl","tatramountain"
"jkowal","Tatramountain!Cards8"
"sunwoo.park@naver.com","starcraftpro"
"spark5","Starcraftpro@Clearing1"
"lweber.bavaria@web.de","kaiserlautern"
"lweber91","Kaiserlautern!99"
"priya.nambiar@rediffmail.com","gulabjamun7"
"pnambiar","Gulabjamun7@RxCare"
"zhang.chao1990@163.com","taishanmountain"
"czhang8","TaiShanMountain#123"
"aoife.murphy94@hotmail.com","shamrockrover"
"amurphy2","Shamrockrover2023$"
"k_takahashi@so-net.ne.jp","bonsaigarden"
"ktakahash","BonsaiGarden!2024"
"fatima.benali@outlook.com","casablancasun"
"fbenali","Casablancasun@2024"
"diego.hdz85@yahoo.es","goldenretriever"
"dhernandez3","Goldenretriever*85"
"ngozi_eze@yahoo.com","chinuaachebe"
"neze4","Chinuaachebe#2024"
"smartin_psy@orange.fr","chocolatnoir"
"smartin5","Chocolatnoir?2024"
"siti.nur1989@gmail.com","rendangpadang"
"snurhaliza","Rendangpadang&100"
"hana_hashimi@outlook.com","persiancat"
"halhashimi","Persiancat12345!"
"carlosgomez_tx@aol.com","harleydavidson"
"cgomez1","HarleyDavidson@24"
"sunyoung.park@naver.com","jejuisland77"
"spark9","JejuIsland77!Lab"
"elena_rossi_cad@libero.it","miciobello"
"erossi","Miciobello1234!"
"park_sunwoo@naver.com","bori0512"
"swpark","Bori0512##Korea"
"murphy_pipework@eircom.net","guinness7"
"jmurphy","Guinness7!!Plumb"
"camilavargas.arch@gmail.com","piqueo99"
"cvargas","Piqueo99!Model3D"
"magnus_hvac@telia.com","falunrot"
"mlindqvist","Falunrot!123456"
"sofia_alvarez_md@yahoo.com","teamoana"
"salvarez","Teamoana2024!MD"
"f.almansoor@hotmail.com","jasminecat"
"falmans","Jasminecat#Surgery1"
"chioma.okoye@yahoo.co.uk","lagosvibes"
"cokoye","Lagosvibes2023$$"
"ananya_crna@outlook.com","kulfi2018"
"adeshmukh","Kulfi2018$Safety"
"nia.mwangi@gmail.com","kilimanjaro"
"nmwangi","Kilimanjaro*ICU24"
"g.tanaka@yahoo.com","ramenlove"
"gtanaka","Ramenlove!Heart1"
"posullivan.psy@eircom.net","guinness"
"posull","Guinness1990!Psych"
"bella.santos.msw@gmail.com","pipoca2019"
"isantos","Pipoca2019#CareTeam"
"hassan.m.dialysis@gmail.com","alexandria"
"hmostafa","Alexandria2024!Renal"
"eeva.korhonen@saunalahti.fi","saunaday"
"ekorhon","Saunaday@Hospital1"
"arjun.patel91@gmail.com","cricketfan2011"
"apatel01","Cricketfan2011!#DevOps"
"vance.marcus@gmail.com","chicago_bulls23"
"mvance4","Chicago_bulls23!Cloud#"
"mateo.silva94@outlook.com","flamengo1981"
"msilva8","Flamengo1981#DataScience"
"hannah.lind@fastmail.se","fika_kaffe99"
"hlindq02","!Fika_kaffe99!Agile"
"tariq_mansoor@gmail.com","falafelking9"
"tmansoo1","Falafelking9@SRE2024!"
"kwame_asante@gmail.com","blackstars63"
"kasante1","Blackstars63#Production1!"
"ingrid.berg90@protonmail.com","fjordsailor"
"iberg4","Fjordsailor#DBA9900!!"
"park.sunwoo92@naver.com","starcraftpro"
"spark09","Starcraftpro#Codebase2024"
"aoife.murphy93@eircom.net","dublinbreeze"
"amurphy3","Dublinbreeze#DocsMaster12"
"chen.wei.ml@163.com","pandabear06"
"wchen11","Pandabear06!DeepLearning1"
"fatima_alzahra@gmail.com","desertrose99"
"falzahr","Desertrose99$CiscoRouter!"
"lukas.meyer91@web.de","apfelstrudel"
"lmeyer2","Apfelstrudel123!InfraSecure"
"priyasharma.analytics@gmail.com","gulabjamun14"
"psharma8","Gulabjamun14$PowerBI2024"
"tomek_kowal@wp.pl","pierogipower"
"tkowals","Pierogipower!JenkinsCI99"
"zoe.jenkins@icloud.com","goldenretriever"
"zjenkins","Goldenretriever@Enterprise1"
"fatou.diop.sn@orange.sn","dakarvibes22"
"fdiop03","Dakarvibes22#AuditPass123"
"aoi.takahashi@yahoo.co.jp","matchalatte"
"atakahashi","Matchalatte@2024!"
"camila.silva.rio@gmail.com","pipoca2019"
"csilva","Pipoca2019$$Educa"
"hana.alzahrani@gmail.com","rosejasmine"
"halzahrani","Rosejasmine#Research22"
"tlindqvist@spray.se","kaffebror"
"tlindqvist","Kaffebror123!EduNet"
"grace.mutua@kenyaweb.com","harambee99"
"gmutua","Harambee99#SchoolFirst"
"diegomorales82@hotmail.com","canela2018"
"dmorales","Canela2018!CampusAid"
"chioma.eze.academic@gmail.com","chinuaachebe"
"ceze","ChinuaAchebe$1958"
"minh_nguyen_math@gmail.com","saigonpho"
"vmnguyen","SaigonPho*Math314"
"carlos_gomez_finance@yahoo.com","tacosalpastor"
"cgomez","TacosAlPastor$Fiscal24"
"zalkuwari@gmail.com","pearlqatar"
"zalkuwari","PearlQatar@ECE2024"
"grace_kim_korea@gmail.com","kimchijjigae"
"gkim","KimchiJjigae#ESL1"
"felipe_morales_guitar@gmail.com","acousticguitar"
"fmorales","AcousticGuitar!Choir24"
"arjun.naidu.elearn@gmail.com","badmintonace"
"anaidu","BadmintonAce!Learn2024"
"lukas.meyer90@web.de","berlinrunner"
"lmeyer","BerlinRunner!2024"
"thabo_ndlovu@vodamail.co.za","bafanabafana"
"tndlovu","BafanaBafana@2024!"
"oliversmith_diy@btinternet.com","woodworker1"
"osmith","Woodworker1!StoreTools"
"hyejin_park@naver.com","seoulbeauty9"
"hpark","SeoulBeauty9#BeautyStore"
"zoe_bennett_nz@xtra.co.nz","kiwibird2020"
"zbennett","Kiwibird2020@Returns!"
"kmensah_accra@gmail.com","kotokowarrior"
"mensahk","Kotokowarrior#123"
"chenwei_books@163.com","calligraphy08"
"weichen","Calligraphy08*Lib"
"declanmurphy_galway@eircom.net","connachtrugby"
"dmurphy","Connachtrugby!1903"
"ananya_kolkata@rediffmail.com","sitarcalcutta"
"achatterjee","Sitarcalcutta$2023!"
"jp_laurent_provence@laposte.net","lavande13"
"jplaurent","Lavande13*Universite"
"hannah_vanderbeek@kpnmail.nl","stroopwafel7"
"hvanderbeek","Stroopwafel7@Psych"
"tunde_adeleke_ng@gmail.com","arsenalfan04"
"badeleke","Arsenalfan04#Staff"
"marta_kowalska_pl@wp.pl","chopinnocturne"
"mkowalska","Chopinnocturne!2024"
"sid_nair_kerala@gmail.com","backwaters01"
"snair","Backwaters01#Admin!"
"sofiahdz94@hotmail.com","canela2018"
"shernan","Canela2018!Banking"
"b_laurent@orange.fr","croissant7"
"blauren","Croissant7$Secure"
"rossi_mateo@virgilio.it","forzaferrari"
"mrossi1","ForzaFerrari*2024"
"hanna.lindqvist@telia.se","fikapaus"
"hlindq","Fikapaus!Pass123"
"oliver.schmidt@gmx.de","currywurst"
"oschmid","Currywurst!!2024"
"npapadop@hol.gr","santorini"
"npapad","Santorini#778899"
"zainab_hassan@gmail.com","karakchai"
"zalhas","KarakChai@Spring24"
"fiona.macleod@btinternet.com","nessie99"
"fmacle","Nessie99@Corporate!"
"arjan.vandijk@kpnmail.nl","ajaxamsterdam"
"avandijk","Ajaxamsterdam!1900"
"lucas.bernard.pro@orange.fr","marseille13"
"lbernard","Marseille13!Om2024"
"bogdan.ionescu@gmail.com","daciabest"
"bionescu","Daciabest#2024!"
"hnsubuga@gmail.com","kampalaexpress"
"hnsubuga","Kampalaexpress!2024"
"nushidemir@gmail.com","bosphorusblue"
"ndemir","Bosphorusblue#2024"
"molefe.thabo@webmail.co.za","orlandopirates"
"tmolefe","Orlandopirates@2024"
"minjun.park@daum.net","hanriverpark"
"mpark","Hanriverpark!2024"
"raj.patel.academic@outlook.com","cricketguru"
"rpatel","Cricketguru!1984$"
"sven.lindqvist@telia.se","volvo240"
"slindqvist","Volvo240!Safety#1"
"tariq_hassan@gmail.com","falafel82"
"thassan","Falafel82!Bursar$"
"ingrid.weber.art@web.de","klimt1907"
"iweber","Klimt1907#Lecture!"
"elijah_becker@gmail.com","harleybobber"
"ebecker","Harleybobber!Plant2024"
"freja.moeller@mail.dk","roskilde"
"fmoeller","Roskilde!Faculty#24"
"chiyo_takahashi@yahoo.co.jp","matchalover"
"ctakahashi","Matchalover#Library1"
"fiona_macleod@btinternet.com","bramblecat"
"fmacleod","Bramblecat!2024Ed"
"lindstrom_lars@spray.se","malmofotboll"
"llindstrom","Malmofotboll123!"
"greta.schneider@web.de","sonnenblume"
"gschneider","Sonnenblume!Schule"
"amorales_guitar@gmail.com","stratocaster"
"amorales","Stratocaster!2024"
"zainab_abdi94@gmail.com","mogadishu1"
"zabdi","Mogadishu1@Office"
"g_okonjo@yahoo.com","enugurocks"
"gokonjo","Enugurocks!Health1"
"patburke_cork@eircom.net","guinness00"
"pburke","Guinness00#Counsel"
"yael.cohen.art@gmail.com","telavivian"
"ycohen","Telavivian@2024Art"
"priyasharma.delhi@gmail.com","chaipecharcha"
"psharma12","ChaiPeCharcha#2023"
"chenwei.finance@163.com","shanghaihero"
"wchen01","Shanghaihero!9999"
"sofia.rossi88@virgilio.it","vesparossa"
"srossi3","VespaRossa#1234"
"fatima.bennani@menara.ma","marrakech01"
"fbennani","Marrakech01@Bank"
"lukas.meyer93@web.de","berlinbynight"
"lmeyer5","BerlinByNight!2024"
"thao.nguyen89@vnn.vn","saigoncafe"
"tnguyen04","SaigonCafe#10101"
"gabriel.santos@bol.com.br","ipanema95"
"gsantos7","Ipanema95*BankPass"
"zainab.alhassan@fastmail.com","karaktea05"
"zalhassan","KarakTea05$$Safe"
"mikkel.jensen82@live.dk","legohero82"
"mjensen3","LegoHero82!Work24"
"beatriz.ortiz@terra.es","tapasbarajas"
"bortiz8","TapasBarajas@2024*"
"ymansour.cairo@gmail.com","zamalek88"
"ymansour","Zamalek88#Invest!"
"grace.kim.ny@gmail.com","bobaaddict"
"gkim09","BobaAddict!999$$"
"carlos.santana.v@gmail.com","tiburones"
"csantanav","Tiburones2024!"
"ingrid.mueller.de@gmail.com","berlincat"
"imueller","BerlinCat2024!Audit"
"alejandro.gomez.col@gmail.com","salsaamor"
"agomez02","SalsaAmor123456!"
"beatrice.ndiaye@gmail.com","dakarbeach"
"bndiaye","DakarBeach2024$$"
"ewa.kowalska.pl@gmail.com","waweldragon"
"ekowalska","WawelDragon!2024"
"aisha.siddiqui@gmail.com","karachikite"
"asiddiqui","KarachiKite2024!@"
"dirk.vdm@webmail.co.za","biltong9"
"dvanderm","Biltong9#Treasury"
"mateo.gtz@gmail.com","salsa77"
"mgutierrez","Salsa77!Processor"
"bthorne_home@gmail.com","teacup22"
"bthorne","Teacup22!Escrow99"
"mikko.korhonen@luukku.com","sauna1979"
"mkorhonen","Sauna1979!CrimeUnit"
"rachel.greenwald@verizon.net","centralpark"
"rgreenwald","Centralpark!NY2024$"
"priya.natarajan.dev@yahoo.com","chaiandparle"
"pnataraj","Chaiandparle#2024"
"sunita.rao.blr@gmail.com","mangolassi"
"sraodb","Mangolassi%Production1"
"niall.oconnor@eircom.net","guinness04"
"noconnor","Guinness04&DublinSecure"
"camila.hernandez.dev@gmail.com","salsadance"
"chernan","Salsadance!Mobile#24"
"jihoon.park88@naver.com","starcraft2"
"jhpark","Starcraft2*Workpass99"
"diego.rossi.roma@libero.it","vespaprima"
"drossi","Vespaprima$Infra2024"
"hao.nguyen.ml@gmail.com","banhmi10"
"hnguyen2","Banhmi10#CloudAccess!"
"mia.virtanen@kolumbus.fi","saunalife"
"mvirtan","Saunalife!Platform#24"
"kwame.asante@gmail.com","kumasiwarrior"
"kwasante","Kumasiwarrior#2024"
"mateo.pediatrics@outlook.com","chivascampeon"
"mhernandez","Chivascampeon@123"
"chidi_okonkwo@yahoo.co.uk","jollofrice10"
"cokonkwo","Jollofrice10*Health"
"nour.eldin.md@gmail.com","pyramidview7"
"neldin","Pyramidview7$Cardio"
"daehyun.park84@naver.com","hanriverrun"
"dpark","Hanriverrun!!2024"
"tunde.adebayo@gmail.com","lagosnightlife"
"badebayo","Lagosnightlife#Renal"
"kasper.nielsen.cph@hotmail.com","nordiccross88"
"knielsen","Nordiccross88!!OR"
"giselle.beaulieu.slp@gmail.com","siropderable"
"gbeaulieu","Siropderable2024$"
"sharma.priya@rediffmail.com","gulabjamun"
"psharma3","Gulabjamun$4567"
"csilva.sp@uol.com.br","flamengo99"
"silvac","Flamengo99@Admin"
"ananya.kolkata@gmail.com","darjeeling"
"achatter","Darjeeling*2024"
"miller.coach.d@gmail.com","redsoxfan"
"dmiller_pe","Redsoxfan#010203"
"zhulin.shanghai@163.com","pandabear8"
"lzhu","Pandabear8%School"
"kavita.patel84@gmail.com","rangoliart"
"kpatel","Rangoliart#Welcome1"
"bkowalska92@wp.pl","szarlotka"
"bkowalska","Szarlotka&Edu2024"
"aruiz_bogota@gmail.com","cafetero88"
"aruiz","Cafetero88*Bursar"
"zainab.diallo@orange.fr","baobab14"
"zdiallo","Baobab14$WritingDept"
"omer.farooq.tech@yahoo.com","biryanilover"
"ofarooq","Biryanilover!Support#1"
"liam_gallagher_ph@outlook.com","guinnessdraft"
"lgallag","Guinnessdraft!2024"
"chiyotakahashi@gmail.com","matchalatte8"
"ctakah","Matchalatte8!Tokyo"
"sid.verma90@gmail.com","cricketfan07"
"sverma","Cricketfan07#Database"
"sy_park_nurse@naver.com","borntowin10"
"spark01","Borntowin10#Ward3A"
"diegoramirez_ems@gmail.com","tacosalpastor"
"dramire","Tacosalpastor!Medic1"
"nia_adebayo@gmail.com","jollofrice1"
"nadebay","Jollofrice1#FrontDesk"
"marcus_lind@telia.com","volvo240gl"
"mlindqv","Volvo240gl#BioMed99"
"hana_nguyen1988@gmail.com","saigonpho88"
"hnguyen","Saigonpho88*Dental"
"kacper.kowalski@wp.pl","wiedzmin1986"
"kkowals","Wiedzmin1986#Support1"
"bia_santos_lab@bol.com.br","pipocaecoca"
"bsantos","Pipocaecoca!LabBlood"
"chenwei_bj90@163.com","badmintonlove"
"wchen02","Badmintonlove#RadOnc"
"zoe_mitchell_nutrition@gmail.com","goldenretriever"
"zmitche","Goldenretriever@Nutr1"
"tariro.moyo@gmail.com","hararebliss4"
"tmoyo01","Hararebliss4!ClinicCare"
"pavel.horak77@seznam.cz","pilsnerlover"
"phorak","Pilsnerlover!ERDoctor"
"leila_yazdi@gmail.com","shirazwine7"
"lyazdi","Shirazwine7#Pharmacy"
"marcus.adebayo@outlook.com","arsenal99"
"madeba2","Arsenal99#Security"
"chloe.dubois.fr@yahoo.com","vanille04"
"cduboi1","Vanille04!Deco2024"
"priya.patel.mumbai@gmail.com","diwali2020"
"ppate04","Diwali2020@Retail#"
"kenji.tanaka82@mail.com","ramenlove"
"ktanak3","Ramenlove123!Stock"
"sofia.morales95@gmail.com","canela12"
"smoral1","Canela12!Spring24"
"liam.oconnor.dub@hotmail.com","roverpup"
"loconn2","Roverpup2024!Warehouse"
"fatima.mansoor@gmail.com","karakchai"
"falman1","Karakchai2023!Help"
"lucas.silva.rio@gmail.com","maracana7"
"lsilva4","Maracana7!Admin2024"
"tariq.haddad@outlook.com","falconeye"
"thadda1","Falconeye99#Purchasing"
"ingrid.lindstrom@spray.se","fika1985"
"ilinds1","Fika1985!Visuals#"
"carlos.mendoza.lp@gmail.com","tito2015"
"cmendo3","Tito2015!StoreWatch"
"ananya.sharma.in@yahoo.com","gulabjamun"
"asharm5","Gulabjamun!2024#"
"noah.becker.de@web.de","bratwurst9"
"nbecke1","Bratwurst9!Counter1"
"aaliyah.w94@gmail.com","honeybee8"
"awashi2","Honeybee8!Supervise"
"chen.wei.retail@qq.com","panda99"
"cwei003","Panda99!Fulfill24"
"beatriz.santos.lisbon@gmail.com","fado2010"
"bsanto2","Fado2010!Jewelry$"
"kwabena.mensah@gmail.com","kumasiboy"
"kmen01","Kumasiboy#Dock2024"
"n.kowalska@onet.pl","sernik77"
"nkowal1","Sernik77!CashVault"
"matteo.rossi.roma@libero.it","vesparide"
"mrossi3","Vesparide2024!Floor"
"sw.park91@naver.com","kimchi91"
"spark04","Kimchi91!Produce24"
"sarah.j.retail@gmail.com","daisyduke"
"sjenki2","Daisyduke2024!Lead"
"omar.farooq.ca@gmail.com","cricketfan"
"ofaroo1","Cricketfan#Night2024"
"thao.nguyen.retail@gmail.com","saigontea"
"tnguye5","Saigontea!Register1"
"park.chunhei@naver.com","saranghae7"
"cpark","Saranghae7#Math2024"
"zanele.khumalo.edu@yahoo.com","amapiano01"
"zkhumalo","Amapiano01#DeanOffice"
"hana.becker.berlin@gmail.com","apfelstrudel"
"hbecker","Apfelstrudel$Curric24"
"eleni.papadaki.ath@gmail.com","socrates469"
"epapadaki","Socrates469!Faculty1"
"sam.vance.finance@gmail.com","mustang1969"
"svance","Mustang1969#Budget24"
"cmendez82@gmail.com","cruzazul08"
"cmendez","Cruzazul08#SiteSafety"
"jmiller_drywall@outlook.com","bassfishing"
"jmiller","Bassfishing#1Drywall!"
"skiprotich88@gmail.com","marathon42"
"skiprotich","Marathon42#SurveyField"
"amira.benali@outlook.fr","jasmin2020"
"abenali","Jasmin2020!ProjectBuild"
"jackt_carpentry@gmail.com","timberwolf8"
"jthompson","Timberwolf8$Framing2024"
"nattaporn.c@gmail.com","somtam99"
"nchaiwong","Somtam99#QualitySite1"
"declanburke@eircom.net","shamrock01"
"dburke","Shamrock01!PipingDept"
"luciana.rossi@libero.it","dolomiti12"
"lrossi","Dolomiti12$GeoTech2024"
"lsmith.run92@gmail.com","runfast5k"
"lsmith01","Runfast5k!2024"
"elena_pos_tech@yandex.ru","matryoshka8"
"eivanova","Matryoshka8*Access"
"olganovak_cz@seznam.cz","pilsner12"
"onovak","Pilsner12@Supermarket"
"hassan_restock@hotmail.com","cairocoffee"
"hmahmoud","Cairocoffee!Restock01"
"jorge.morales.cdmx@gmail.com","tacosalpastor"
"jmorales","TacosAlPastor!Pick123"
"chen.wei.phys@163.com","supernova99"
"wchen4","Supernova99!Lab"
"tariq.farooq@gmail.com","cricketfan"
"tfarooq","Cricketfan#Advice99"
"csilva.flamengo@uol.com.br","mengao10"
"csilva3","Mengao10@GymDept!"
"bety_morales@prodigy.net.mx","solyluna"
"bmorales","Solyluna*Curric2024"
"ahmed_mostafa_cairo@gmail.com","ahlyclub"
"amostafa","Ahlyclub%Campus2024"
"pia.toivonen@luukku.com","revontulet"
"ptoivonen","Revontulet!UniResearch"
"lucia_v_music@gmail.com","guitarra12"
"lvasquez","Guitarra12!MusicRoom"
"lukas.lindholm@outlook.com","volvo240gl"
"llindhol","Volvo240gl!Stock1"
"diego.fdez@terra.es","ronaldo7real"
"dfernand","Ronaldo7real!2024*"
"diallo_fatima@orange.sn","senegal2022"
"fdiallo","Senegal2022!Support"
"ethan.walker99@hotmail.com","skaterboy99"
"ewalker","Skaterboy99@Shift1"
"sergei.ivanov.retail@mail.ru","spartakmoskva"
"sivanov","Spartakmoskva!2024"
"meiling.tan@gmail.com","kpoplover95"
"mtan01","Kpoplover95!Orders#"
"sara.lindgren@spray.se","kanelbulle89"
"slindgr","Kanelbulle89!Admin2"
"zainab.fassi@menara.ma","marrakechsun"
"zalfassi","Marrakechsun!Helpdesk1"
"liam.oconnor.dublin@gmail.com","guinnesspint"
"loconno","GuinnessPint@2024"
"jonas.lindqvist@live.se","fikaogbulle"
"jlindqv","Fikaogbulle!2024"
"carlosgomez1981@gmail.com","realmadrid7"
"cgomez4","Realmadrid7#WorkPass"
"ingrid.vandenberg@xs4all.nl","tulipantijd"
"ivanden","Tulipantijd!Secure9"
"zainab.hashimi@gmail.com","jasminechai"
"zalhash","JasmineChai123$$"
"lucas.walker.syd@outlook.com","surfingwaves"
"lwalker","Surfingwaves@Summer24"
"priya.nambiar@gmail.com","kathakali"
"pnambia","Kathakali!Finance#1"
"bogdan.popescu@mail.ro","daciamaster"
"bpopesc","DaciaMaster@Bank2024"
"nia.campbell.uk@gmail.com","edinburghcastle"
"ncampbe","EdinburghCastle!1234"
"priya.venkat.chem@gmail.com","chaiandbooks"
"pvenkataraman","Chaiandbooks$2024Lab"
"tmorales_coach@gmail.com","slambronc23"
"tmorales","Slambronc23#Athletics!"
"felipe_math_santos@bol.com.br","flamengo81"
"fsantos","Flamengo81#DeltaMath"
"mateo.silva.flamengo@gmail.com","flamengo2019"
"msilva01","Flamengo2019!Bank"
"l.weber.trail@outlook.com","schwarzwald"
"weberl","Schwarzwald!2024#"
"priyasharma.chai@gmail.com","masalachai"
"sharmap","MasalaChai@12345"
"sophie.dubois.velo@free.fr","croissant77"
"dubois03","Croissant77#Admin!"
"kenji_sato_fishing@yahoo.co.jp","tsukiji05"
"ksato2","Tsukiji05!!Audit"
"ciaraoconnor94@eircom.net","galwaybay"
"coconnor","GalwayBay2024*!"
"diego_hernan_tacos@hotmail.com","chihuahua08"
"dhernand","Chihuahua08@Work!!"
"fatima.zahra.maroc@gmail.com","tanjacity"
"fzahra1","Tanjacity#2024Bank"
"nlindholm@spray.se","fikaforev"
"lindholn","Fikaforev!Sweden99"
"ananya.sen.kolkata@rediffmail.com","darjeeling"
"asenk","Darjeeling#100Percent"
"gio.rossi.roma@libero.it","forzaroma"
"grossi5","ForzaRoma*2024Corp"
"bonganidlamini@webmail.co.za","orlandopirates"
"bdlamini","OrlandoPirates!1937"
"hyejin.park96@daum.net","gangnam7"
"hpark09","Gangnam7$$QuantFin"
"liammurphy_cork@gmail.com","guinness00"
"lmurphy8","Guinness00!Assets24"
"valeria.morales.bogota@gmail.com","arepadulce"
"vmorales","ArepaDulce#99Private"
"arjun.patel.cricket@gmail.com","rohitsharma"
"apatel77","RohitSharma#45Data!"
"mustafa_demir_bosphorus@mynet.com","galatasaray"
"mdemir3","Galatasaray#1905Sec!"
"camille.leroy.ski@orange.fr","chamonix21"
"cleroy","Chamonix21@Finance#"
"aarav.cricket07@gmail.com","dhonifan2011"
"asharma2","Dhonifan2011!#Wk"
"chen.meiling88@outlook.com","taipeirocks"
"mchen04","Taipeirocks#2024!"
"mateo.guitarra@gmail.com","fenderstrat"
"mhernan8","Fenderstrat@9900#"
"fionagallagher_ie@gmail.com","dublinbay04"
"fgallagh","Dublinbay04$$Audit"
"camila.samba94@uol.com.br","carnavalrio"
"csilva12","Carnavalrio#2024Secure"
"lukas.alpinist@web.de","matterhorn3"
"lweber5","Matterhorn3$$Peak"
"kenji_bonsai@yahoo.co.jp","sakurafall"
"ksato09","Sakurafall#Tokyo24"
"sven_fika@spray.se","kanelbulle7"
"slindqv","Kanelbulle7%%Nordic"
"sunita_garba@rediffmail.com","navratri2019"
"spatel77","Navratri2019$$Festival"
"ewright_sailing@gmail.com","bluewater44"
"ewright2","Bluewater44&&Regatta"
"ananya_books@gmail.com","rabindranath"
"asen010","Rabindranath##1913!"
"nikos_aegean@in.gr","souvlakitime"
"npapadop","Souvlakitime@Santorini1"
"hana.zahrani@gmail.com","redseadive"
"halzahr","Redseadive$$Jeddah24"
"nadia_minttea@gmail.com","couscousroyale"
"nbenali","Couscousroyale**2024"
"piotr_kowal90@wp.pl","wiedzminfan"
"pkowalsk","Wiedzminfan##Rivia03"
"jihoon.park.starcraft@daum.net","protossrush"
"jhpark1","Protossrush@@Aiur2024"
"zara_bosphorus@mynet.com","galatatower"
"zyilmaz","Galatatower##Beyoglu1"
"jonas.schmidt.dev@web.de","currywurst44"
"jschmidt","Currywurst44!!Berlin"
"priya.patel.ai@gmail.com","garbanight7"
"ppatel2","GarbaNight7$$Secure"
"minjun.kim.kr@naver.com","bibimbap77"
"mkim9","Bibimbap77@Office1"
"maya.lin.sea@gmail.com","bubbletea05"
"mlin4","BubbleTea05&Seattle"
"tquispe.lima@gmail.com","machupicchu1"
"tquispe","MachuPicchu1$Login!"
"chiara.rossi.roma@libero.it","carbonara00"
"crossi1","Carbonara00*Summer"
"lukas.lindholm@fastmail.se","fika101kanel"
"llindh","Fika101Kanel$$$"
"mlingchen@yahoo.com","boba4ever"
"mchen2","Boba4ever!Corp12"
"eoghan.oc@gmail.com","galwaybay84"
"eoconnor","GalwayBay84!Dub"
"arjun.patel.dev@gmail.com","cricketfan7"
"apatel5","CricketFan7$Login!"
"thiago.silva.dba@uol.com.br","maracana70"
"tsilva","Maracana70#Root1"
"zoe.wordsmith@gmail.com","calicosock5"
"zsmith","CalicoSock5!WorkDoc"
"nia.robinson.tech@gmail.com","jazzpiano3"
"nrobins","JazzPiano3!Sprint"
"ananya.joshi.ml@gmail.com","sitarbeats9"
"ajoshi","SitarBeats9$Tensor"
"jonas.weber90@posteo.de","brezelkaiser"
"jweber","BrezelKaiser!Pass12"
"seun.adeyemi@yahoo.com","jollofrice1"
"oadeyem","JollofRice1#CloudOps"
"hanna.korhonen@kolumbus.fi","saunavibes7"
"hkorhon","SaunaVibes7@Release"
"jonas.jonaitis@delfi.lt","vilniusrytas"
"jjonaitis","Vilniusrytas%2024"
"elena.popov.retail@gmail.com","blueskyday"
"epopov","Blueskyday*StoreManager"
"marcus.j.98@outlook.com","jordanshoes"
"mjohnson","Jordanshoes!2345"
"aisha_yusuf95@gmail.com","zebrastripes"
"ayusuf","Zebrastripes2024$#"
"sora.kim88@naver.com","bobaheaven"
"skim","Bobaheaven!Money99"
"finn.oconnor94@eircom.net","guinnessdraft"
"foconnor","Guinnessdraft!RetailLP"
"noor.zahrani@gmail.com","freshcroissant"
"nalzahrani","Freshcroissant#Bakery1"
"oliver.hansen.cph@gmail.com","nordicwalk"
"ohansen","Nordicwalk2024!!Secure"
"priya.narang@yahoo.com","chaiandparatha"
"pnaran1","Chaiandparatha!2024"
"l.weber.berlin@web.de","bello1408"
"lweber8","Bello1408#Banker"
"amina_mansoor@hotmail.com","falafellover"
"aalman2","Falafellover@971"
"chenwei_sh@163.com","bubbletea88"
"wchen04","Bubbletea88$$$Trade"
"soraya.haddad@outlook.com","cedarstree94"
"shadda1","Cedarstree94!!AML"
"esmith_golf@aol.com","titleistpro1"
"esmith99","Titleistpro1$$2024"
"yuki.tanaka@ezweb.ne.jp","ramenaddict"
"ytanak5","Ramenaddict#Tokyo1"
"ngozi.adeleke@gmail.com","afrobeats22"
"nadele1","Afrobeats22@Lagos"
"fionagallagher_ireland@gmail.com","celticfc07"
"fgalla3","Celticfc07!DubSec"
"dmitri.volkov@mail.ru","spartakmoscow"
"dvolko2","Spartakmoscow!@#2024"
"arjun.patel.mumbai@gmail.com","sachin100s"
"apate45","Sachin100s$$FinCorp"
"clara.dupont@orange.fr","chocolat86"
"cdupon2","Chocolat86%%Paris"
"kavita.rao99@gmail.com","mumbaidreams"
"krao08","Mumbaidreams*Wealth9"
"alejandro_gomez@yahoo.es","realmadrid14"
"agomez6","Realmadrid14&&FXdesk"
"minho.park@naver.com","starcraft99"
"mpark12","Starcraft99!!ProdDB"
"liam.oconnor.galway@gmail.com","guinnessdraft"
"locon09","Guinnessdraft@2024AIB"
"thandi.moyo@gmail.com","hararebliss"
"tmoyo1","Hararebliss$$Secure1"
"oscar.lindqvist@telia.com","fikaeveryday"
"olindq1","Fikaeveryday!1Nordic"
"z.alfassi@gmail.com","redvelvet12"
"zalfas2","Redvelvet12!!Derivs"
"jankowalski@poczta.onet.pl","legiawarszawa"
"jkowal4","Legiawarszawa##Bank2024"
"baonguyen83@gmail.com","danangbeach"
"bnguye6","Danangbeach$$PortRisk"
"camila.vargas.bog@gmail.com","salsadancing"
"cvarga2","Salsadancing!123Bank"
"mateo.alvarez92@gmail.com","tacosalpastor"
"malvarez","Tacosalpastor123!"
"chloeoconnor@eircom.net","dublinbays"
"coconn","DublinBays@LossPrev1"
"camilasilva.br@uol.com.br","flamengo99"
"csilva2","Flamengo99!Loja2024"
"ingrid.hansen85@hotmail.com","oslofjord"
"ihanse","Oslofjord#Buyer2024"
"priya.patel.uk@gmail.com","chaiandbiscuits"
"ppatel4","Chaiandbiscuits!24"
"murphyliam94@gmail.com","celticfc"
"lmurph","Celticfc#2024Spring"
"sofia_rossi88@virgilio.it","gelatomania"
"srossi1","Gelatomania@Work01"
"bdlamini_sa@yahoo.com","springboks1"
"bdlami","Springboks1$$Floor"
"nhung.nguyen.hcm@gmail.com","phohanoi9"
"nnguye","Phohanoi9#StorePass"
"dimitris.papadopoulos@in.gr","aegeansea"
"dpapad","AegeanSea12345!"
"amina.toure@orange.sn","dakarvibes"
"atoure","DakarVibes2024$$"
"alejandro_gomez@live.com","rockguitar"
"agomez3","RockGuitar@Night99"
"jongmin.park89@naver.com","seoulbeats"
"jpark0","SeoulBeats#Ops2024"
"aylin.yilmaz@mynet.com","bosphorus"
"ayilma","Bosphorus101!Desk"
"markus.weber.berlin@gmx.de","currywurst"
"mweber2","Currywurst2024!Admin"
"kwame.osei@gmail.com","chelseafc"
"kosei","ChelseaFC!2024Clinic"
"aoife.oc@irishmail.ie","corkrebel"
"aoconnor","Corkrebel!Therapy1"
"thabo.smith@webmail.co.za","springbok1"
"tsmith","Springbok1!HealthHub"
"hanna.juergens@gmx.de","kaffeeundkuchen"
"hjuergens","Kaffeeundkuchen#ITAdmin1"
"talmansoor@protonmail.com","falconry77"
"talmanso","Falconry77#Secure"
"niko.peltonen.fin@gmail.com","saunapale5"
"npeltone","Saunapale5!Winter24"
"soraia_lisbon@sapo.pt","fadoamalia82"
"ssantos","Fadoamalia82#Agile1"
"farhan.sid.cricket@gmail.com","karachikings6"
"fsiddiqu","Karachikings6@Release"
"zoe.katsaros.ath@gmail.com","aegeanblue44"
"zkatsaro","Aegeanblue44!Executive"
"tariq.aziz.pk@gmail.com","lahoreqalandars"
"taziz","Lahoreqalandars@123"
"klaus.weber68@gmx.de","currywurst44"
"kweber","Currywurst44#Ware!"
"hanna_lindqvist@telia.com","fikatime10"
"hlindqvist","Fikatime10!!Stockholm"
"dkim_seoul@naver.com","taekwondo9"
"dkim","Taekwondo9$$Security"
"novak.jaro@seznam.cz","slaviapraha5"
"jnovak","Slaviapraha5@Work12"
"grace.lee83@fastmail.com","goldenretriever"
"glee","Goldenretriever@2024!"
"hannah.smith.leeds@hotmail.com","bakingqueen"
"hsmith","Bakingqueen2023!!"
"yuki.takahashi.kyoto@gmail.com","greenteamochi"
"ytakahashi","Greenteamochi123$"
"sipho.dlamini.jhb@gmail.com","springbokfan"
"sdlamini","Springbokfan2023#Inv"
"emily.taylor.syd@gmail.com","koalabear88"
"etaylor","Koalabear88!Retail"
"jlindholm@live.se","volvo240"
"jlindholm","Volvo240#Nordic#1"
"hai_nguyen_cons@yahoo.com","saigoncafe"
"nvhai","Saigoncafe$12345"
"a_weber85@web.de","kuchenliebe"
"aweber","Kuchenliebe!2024$"
"jihoon_kwon@naver.com","blackbelt9"
"jhkwon","Blackbelt9!Boom2024"
"zoe_kats@cytanet.com.cy","aegeansea"
"zkatsaros","Aegeansea$Plan2024"
"leila_bakri@fastmail.com","desertrose"
"lbakri","Desertrose&Soils24"
"jonas.hansen.dk@gmail.com","roskilde"
"jhansen","Roskilde_Wood#2024"
"george.taylor.steel@yahoo.co.uk","arsenal04"
"gtaylor","Arsenal04#IronWorks"
"olumide.bakare@gmail.com","lagosboy1"
"obakare","LagosBoy1!QACheck"
"hana.alhassan@outlook.com","jasmine21"
"halhassan","Jasmine21#SiteSafe!"
"sofia.alvarez.cr@outlook.com","chocolatito7"
"salvare","Chocolatito7@2024"
"aga.kowalska@op.pl","krakowskirynek"
"akowal","Krakowskirynek#Underwriter1"
"gsantos_rio@gmail.com","flamengo1981"
"gsanto","Flamengo1981$Forex"
"dh_park89@naver.com","starcraftpro"
"dpark1","Starcraftpro!Admin#1"
"camila_hernandez@gmail.com","playadelcarmen"
"chernandez","Playadelcarmen!Wealth1"
"johan.becker@web.de","schnitzel99"
"jbecke","Schnitzel99#Finance!"
"thandimoyo@gmail.com","hararehome"
"tmoyo","Hararehome@KYC2024"
"b.clarke84@btinternet.com","cotswoldswalk"
"bclark","Cotswoldswalk!MandA12"
"nguyen.minh.hcmc@gmail.com","phobo1000"
"mnguye","Phobo1000$CorporateBank"
"sato.chihiro@outlook.com","totoro99"
"csato","Totoro99!!Books"
"evelyn.reed.home@gmail.com","sunflower21"
"ereed","Sunflower21$$Class"
"katarina.novak84@mail.com","zumbafan"
"knovak","ZumbaFan2023!SpecEd"
"marcus_hoops@yahoo.com","jordan45"
"mwashington","Jordan45!!Athletics"
"nneka_okafor@gmail.com","lagosgirl"
"nokafor","LagosGirl2024!Dean"
"lucas.lefevre@laposte.net","baguette44"
"llefevre","Baguette44!!Professeur"
"hanna.weber.art@gmx.de","farben76"
"hweber","Farben76#ArtClass"
"soraya.rahimi90@outlook.com","perspolis"
"srahimi","Perspolis2024!FinAid"
"freja.lindstrom@tele2.se","fikatime10"
"flindstrom","FikaTime10!ProjectLead"
"nadia.kowalska@interia.pl","pierogilover"
"nkowalska","PierogiLover!Analytics24"
"tariq.javaid@yahoo.com","cricketbat07"
"tjavaid","CricketBat07$BackendProd"
"carlos.gutierrez@gmail.com","tacostuesday4"
"cgutierrez","TacosTuesday4#ReleasePortal"
"lars.hansen.cph@mail.dk","vikingnord"
"lhansen","VikingNord!FirmwareSecure1"
"igor.morozov.it@mail.ru","taigabear77"
"imorozov","TaigaBear77#InfraSupport24"
"jihoon.kwon@naver.com","starcraft2"
"jkwon","Starcraft2$Production"
"ingrid.berg@gmail.com","fjordtrek"
"iberg","FjordTrek!Nordic456"
"zane.makoni@zoho.com","zambezi99"
"zmakoni","Zambezi99#AdminPass1"
"liwei_arch@163.com","autocadfan"
"wli01","Autocadfan@2023#"
"fionag_galway@outlook.com","shamrock82"
"fgallagher","Shamrock82!Build!"
"p_kowalski77@wp.pl","oakwood88"
"pkowalski","Oakwood88#WoodShop1"
"sammyade89@yahoo.com","chelsea2012"
"sadebayo","Chelsea2012!Works#"
"maitran_hanoi@gmail.com","phoandbanhmi"
"mtran","Phoandbanhmi@2024!"
"dgomez_masonry@gmail.com","bocajuniors"
"dgomez","Bocajuniors#2024!"
"johan.merwe79@gmail.com","springbok07"
"jmerwe","Springbok07!Super#"
"chen.meiling77@outlook.com","bobatea99"
"mchen_admin","Bobatea99!School"
"mateo_guitar@icloud.com","fenderstrat"
"mhernand","Fenderstrat@2023!"
"jpdubois@free.fr","marseille13"
"jdubois_reg","Marseille13#Office"
"tariq_hoops@gmail.com","ballislife"
"tbradley","Ballislife#Gym2024"
"sid.rao.dev@gmail.com","linuxkernel"
"srao_cs","Linuxkernel@Admin24"
"nadia.volkov91@mail.ru","sunflower08"
"nvolkov","Sunflower08!Classroom"
"elw_chicago@yahoo.com","chicagobears"
"ewashington","Chicagobears#District1"
"liam.davies.cello@outlook.co.uk","bachcellosuite"
"ldavies","Bachcellosuite@101"
"daphne.kyriakou@cytanet.com.cy","mediterranean"
"dkyriakou","Mediterranean!Students"
"boyoung.kim94@daum.net","hanriverrun"
"bkim_id","Hanriverrun#OnlineEd"
"chpark91@naver.com","chocopie07"
"cpark02","Chocopie07$$Med"
"evelyn.vance58@comcast.net","marthasvineyard"
"evance","Marthasvineyard$2024"
"tariq.alhamad@gmail.com","falafelwrap"
"talhamad","Falafelwrap!2024"
"ingrid.vdmeer@planet.nl","stroopwafel"
"ivandermeer","Stroopwafel*2024!"
"sam.kipchoge@gmail.com","eldoretrunner"
"skipchoge","Eldoretrunner@777"
"meiling.zhou@qq.com","bobaheaven"
"mzhou5","Bobaheaven!8888"
"dcampbell83@yahoo.com","bluejayfan"
"dcampbell","Bluejayfan#2024!"
"zainab.adebayo@gmail.com","suyaandjollof"
"zadebayo","Suyaandjollof!99"
"soren.kristensen@mail.dk","smorrebrod"
"skristensen","Smorrebrod$2024!"
"carlitos_gomez@gmail.com","boxerpuppy"
"cgomezlp","Boxerpuppy#2024Security"
"chloe.martin.paris@laposte.net","chatonbleu"
"cmartin09","Chatonbleu123!Cashier"
"camila.silva.sp@gmail.com","samba2016"
"csilva03","Samba2016!Operations"
"sid.rao.tech@gmail.com","cricketfan07"
"sraoPOS","Cricketfan07!POSTech"
"thanh.nguyen.saigon@gmail.com","pho2021"
"tnguyen05","Pho2021@ProduceDept"
"hana_novakova@seznam.cz","prahabridge"
"hnovakova","PrahaBridge#School1"
"lucas.fischer.berlin@web.de","alpenrose"
"lfischer","AlpenRose*1989"
"v.novak.prague@seznam.cz","pilsner92"
"vnovak","!Pilsner92#CorpSys"
"aaliyah.khan.sec@gmail.com","badminton05"
"akhan","Badminton05$$Secure!"
"jihoon.park.kr@naver.com","sonny7tottenham"
"jpark","Sonny7tottenham!2024"
"ingrid.solberg@online.no","fjordhike"
"isolberg","Fjordhike#Connect99!"
"tenzin.dorjee.it@gmail.com","momozen"
"tdorjee","Momozen!Enterprise24"
"danielle.smith.dev@gmail.com","puglover"
"dsmith","Puglover@Access2024!"
"arash.rostami.teh@gmail.com","damavand567"
"arostami","!Damavand567#RootAccess"
"tariq.alfassi@hotmail.com","desertfox"
"talfass","DesertFox$1988#Safe"
"baba.adebayo@gmail.com","arsenalfc"
"badebay","ArsenalFC*2024#Win"
"minh.nguyen94@vnn.vn","hanoipho"
"mnguyen","HanoiPho#12345678!"
"isabella.costa@terra.com.br","ipanema99"
"icosta1","Ipanema99$RioDeJaneiro"
"jonas.schmidt.hh@web.de","stpauli89"
"jschmid","StPauli89!FinancePass"
"khadija.diallo@yahoo.fr","teranga22"
"kdiallo","Teranga22@DakarBank!"
"seamus.burke@eircom.net","galwaybay"
"sburke7","GalwayBay#Dublin2024"
"nurul.hidayah@gmail.com","kuchingcat"
"nhidaya","KuchingCat@Sharia2024"
"jackmac1986@btinternet.com","heineken00"
"jmacintyre","Heineken00$$Trade!"
"ducnguyen1980@gmail.com","hanoicity"
"vduc","Hanoicity##2024!"
"anja.schneider81@gmx.de","riesling05"
"aschneider","Riesling05$$AirCon"
"nadia.alhassan@outlook.com","oliveoil22"
"nalhassan","Oliveoil22##Green!"
"ramon.castillo@terra.com.mx","veracruz14"
"rcastillo","Veracruz14!!Roofing"
"aurelie.dubois89@free.fr","croissant3"
"adubois","Croissant3%%Project"
"krzysiek_k@wp.pl","legiawarszawa"
"kkowalski","LegiaWarszawa$Site1"
"tariq_heavyiron@gmail.com","mustang67"
"twashington","Mustang67!Torque#"
"jp.ndaye@yahoo.fr","kinshasa243"
"jndaye","Kinshasa243!BTP2024"
"seojun_park77@naver.com","jejudo2019"
"sjpark","Jejudo2019@VoltPower"
"vanduc_nguyen@fpt.vn","pho24hanoi"
"vdnguyen","Pho24Hanoi#Safe2024"
"zofia_w1985@interia.pl","tatramountains"
"zwisniewska","TatraMountains#Steel24"
"leila_moradi_teh@gmail.com","damavandtrek"
"lmoradi","Damavandtrek!Fitout#1"
"marcus_visser@planet.nl","amsterdamnoord"
"mvisser","Amsterdamnoord!Demo2024"
"priya.style.designs@yahoo.in","marigoldtea"
"psharm2","Marigoldtea!2024"
"liam.scot89@outlook.com","cairnterrier"
"lmacle1","Cairnterrier$999"
"amina.mansoor91@hotmail.com","falafeltime"
"aalman3","Falafeltime@retail1"
"carlosgomez_bass@gmail.com","fenderjazz92"
"cgomez8","Fenderjazz92!!Shift"
"elena_rostova77@mail.ru","babushka99"
"erosto1","Babushka99$$Sec"
"kwame_mensah90@gmail.com","kumasiroyal"
"kmensa2","Kumasiroyal*2024!"
"chloe.dubois.paris@orange.fr","soleildete"
"cduboi5","Soleildete@Paris123"
"siti.nur88@yahoo.com","kuchingcat"
"snurha1","Kuchingcat!Store12"
"fatima.zahra.cas@gmail.com","mintteaplease"
"fzahra2","Mintteaplease&1234"
"lucas.silva.fla@globo.com","flamengo81"
"lsilva7","Flamengo81!TechZone"
"hannah.schmidt94@web.de","brezelzeit"
"hschmi4","Brezelzeit!Office9"
"diego.hernandez.cdmx@gmail.com","tacosalpastor"
"dherna9","Tacosalpastor@Order1"
"yuki.tanaka.jp@ezweb.ne.jp","shibainu20"
"ytanak1","Shibainu20#RetailOps"
"aoife.oconnor.eire@gmail.com","connemara"
"aoconn3","Connemara%CashDesk1"
"nia_robinson23@yahoo.com","candlemaker"
"nrobin4","Candlemaker$Floor24"
"tunde.adebayo9@gmail.com","superfalcons"
"badeba1","Superfalcons@Dock08"
"ananya.patel.rx@gmail.com","sitarmusic"
"apatel6","Sitarmusic#RxPortal9"
"giacomo.marino95@libero.it","vespa150cc"
"gmarin2","Vespa150cc!Fresh100"
"olga.ivanova.spb@yandex.ru","dostoevsky"
"oivano1","Dostoevsky@Returns24"
"jason.miller.outdoor@gmail.com","bassfishing"
"jmille8","Bassfishing#SecDesk1"
"meiling.zhou.tw@gmail.com","bobaaddict"
"mzhou02","Bobaaddict!Apparel01"
"mateo.alvarez92@yahoo.com","bocajuniors"
"malvare","BocaJuniors2024!"
"k_appiah@yahoo.co.uk","chelsea05"
"kappia","Chelsea05!BloodLab"
"sofia.m.records@gmail.com","chihuahua"
"smoral","Chihuahua#2023!"
"aaliyah.k@gmail.com","biryani4life"
"akhan01","Biryani4life!OT24"
"ingrid.mueller@gmx.de","schatzi12"
"imuell","Schatzi12#Cardio"
"aris.thorne@icloud.com","dune1965"
"athorn","Dune1965#HospInfo"
"mariavlahos@otenet.gr","opa2018"
"mvlaho","Opa2018!GeneralICU"
"dcohen_sw@yahoo.com","shalom36"
"dcohen","Shalom36!SocialCare"
"priyasen_kolkata@yahoo.com","rasgulla12"
"psen01","Rasgulla12#EduAdmin"
"kavita.books@gmail.com","mowglipet"
"knair02","Mowglipet#Library1"
"mei_tanaka_osaka@outlook.jp","matchalatte"
"mtanaka","Matchalatte@2024Desk"
"thiago_samba@bol.com.br","maracana10"
"tsilva2","Maracana10@LabAccess!"
"zainab_khatib@gmail.com","safecare1"
"zalkhatib","Safecare1!Clinic2024"
"park_minho_kr@naver.com","starcraft2"
"mpark8","Starcraft2#LabPhysics"
"rosa_hernandez77@hotmail.com","chihuahua04"
"rhernandez","Chihuahua04@Kitchen!"
"siti_nh88@gmail.com","kucingcomel"
"snurha","Kucingcomel#9988!"
"ananya_roy_kolkata@rediffmail.com","chocolava88"
"aroy01","Chocolava88#AdminPOS"
"twisniewski_gdansk@onet.pl","warszawa92"
"twisni","Warszawa92$Retail!"
"zoe_jenkins_nz@xtra.co.nz","kiwibird21"
"zjenki","Kiwibird21#Fulfill24"
"sokolov_dmitry@bk.ru","taiga2018"
"dsokol","Taiga2018!SecurityGuard"
"nia.washington96@gmail.com","sunflower96"
"nwashi","Sunflower96!Workplace#"
"youssef_trabelsi@topnet.tn","tunis1000"
"ytrabe","Tunis1000@ReturnsRetail"
"maria_santos_cebu@yahoo.com","sinigangsarap"
"msanto","Sinigangsarap2024$Cashier"
"sunwoo_park_seoul@naver.com","gangnamstyle7"
"spark0","Gangnamstyle7!DisplayWork"
"dnowak.physics@wp.pl","tatramountains"
"dnowak","TatraMountains%2024"
"siobhan.murphy@eircom.net","muffinthedog"
"smurphy","Muffinthedog@2022!"
"hanna.midwife@tele2.se","sommarstuga"
"hjansson","Sommarstuga#7788!"
"gpappas.ortho@otenet.gr","santoriniblue"
"gpappas","Santoriniblue!Bones1"
"carlos.mendes.rio@gmail.com","flamengo81"
"cmendes","Flamengo81##QAlead"
"rossi.alessandro.roma@gmail.com","vespa1985"
"arossi","Vespa1985#Corporate!"
"chloe.nguyen.dev@gmail.com","pho_bo2020"
"cnguyen","Pho_bo2020!Pass123"
"juan.bautista.ar@gmail.com","asado2015"
"jbautista","Asado2015#K8sAdmin!"
"ingrid.bergman.sthlm@gmail.com","aurora08"
"ibergman","Aurora08!Platform24"
"sunita_sharma@yahoo.co.in","roopamypet"
"ssharma1","Roopamypet#12345"
"lindqvist.lars@telia.com","volvo240gl"
"llindqvi","Volvo240gl$$Work"
"priyapatel.retail@gmail.com","chaiandparatha"
"ppatel3","Chaiandparatha#24"
"diego_silva_sp@uol.com.br","flamengo1981"
"dsilva9","Flamengo1981!!Shift"
"niamhmurphy_96@eircom.net","dublinbaysurf"
"nmurphy","Dublinbaysurf%01"
"jihoon.kwon85@daum.net","starcraftbrood"
"jkwon2","Starcraftbrood!99"
"gabriela.gomez.mx@gmail.com","canelitamiperra"
"ggomez1","Canelitamiperra@Store"
"jonas.vanhove@telenet.be","gaufredebelgique"
"jvanhove","Gaufredebelgique#1"
"sara.lindholm@swipnet.se","fikaandkanel"
"slindho","Fikaandkanel+2023"
"arjun_nair_security@rediffmail.com","keralavillager"
"anair8","Keralavillager!Lock"
"zara.jamil91@gmail.com","cashewbaklava"
"zaljamil","Cashewbaklava$$Vault"
"jack_thompson78@bigpond.com","holdenv8ute"
"jthomp2","Holdenv8ute@Logistics"
"kenji.sato.jp@yahoo.com","gundamfan99"
"ksato33","Gundamfan99$$Work"
"kmensah.accra@gmail.com","chelseafc11"
"kmensah4","ChelseaFC11!Security"
"dupont.chloe89@laposte.net","croissant7"
"cdupont2","Croissant7#RetailStore"
"sofia_hdz@hotmail.com","tacosalpastor"
"shernandez8","Tacosalpastor!2024"
"tariq.aziz.ae@gmail.com","falconfast"
"taziz05","Falconfast#Shift1!"
"nicoletta.moretti@virgilio.it","bellaciao21"
"nmoretti","BellaCiao21!Store"
"tmokoena.joburg@gmail.com","orlandopirates"
"tmokoena2","OrlandoPirates*2024"
"jihoon_park85@naver.com","kimchiboy"
"jhpark12","Kimchiboy1234$$$"
"fatima.zahra.casablanca@yahoo.fr","minttea77"
"fzahra01","Minttea77!Register"
"bao.nguyen.saigon@gmail.com","cafesuada"
"bnguyen3","Cafesuada#Dock101"
"zoe.campbell.syd@gmail.com","surfergirl01"
"zcampbell","Surfergirl01@RetailHQ"
"mikhail_ivanov93@yandex.ru","taigawolf"
"mivanov1","Taigawolf!Prices24"
"mariam.keita.bamako@gmail.com","goldensun88"
"mkeita02","GoldenSun88$Jewels"
"daniel.kim.vancouver@shaw.ca","canuckshockey"
"dkim88","Canuckshockey#Shift99"
"ines_santos_lisboa@sapo.pt","pasteldebelem"
"isantos4","Pasteldebelem!Store1"
"arjun.patel.leicester@gmail.com","cricketfan07"
"apatel00","Cricketfan07*Manager"
"mweber_bau@web.de","harleydavidson"
"mweber","Harleydavidson#1985"
"nia_roberts_cymru@hotmail.com","snowdonia94"
"nroberts","Snowdonia94!!Plan"
"jocelyn.tremblay.mtl@videotron.ca","canadiens24"
"jtremblay","Canadiens24!Montreal"
"emre.yilmaz.welding@mynet.com","fenerbahce"
"eyilmaz","Fenerbahce!1907Weld"
"kasia.zietek.green@wp.pl","krakowgarden"
"kzietek","Krakowgarden$2024Park"
"samuel.osei.accra@gmail.com","blackstars10"
"sosei","Blackstars10#GhanaBuild"
"thang.nguyen.hanoi@gmail.com","pho12345"
"nthang","Pho12345#Concrete24"
"goran.dragic.lj@gmail.com","kosarka77"
"gdragic","Kosarka77*HVACwork"
"caner_demir34@mynet.com","fenerbahce"
"cdemir","Fenerbahce34!Weld"
"kari.mustonen@luukku.com","sauna1979"
"kmustonen","Sauna1979#Nordic2024"
"murphy_liam_cork@gmail.com","redsetter05"
"lmurphy","Redsetter05#TimberBuild"
"beatrice.campbell.nz@xtra.co.nz","allblacks07"
"bcampbell","Allblacks07$ZeroHarm"
"vandijk_dirk@planet.nl","tulip77"
"dvandijk","Tulip77!Digging#24"
"yasmin_haddad@yahoo.com","cedar22"
"yhaddad","Cedar22#GreenSite!"
"tomasz.wojcik@wp.pl","warszawa"
"twojcik","Warszawa!Wood#2024"
"daanish.khan@gmail.com","karachi1"
"dkhan03","Karachi1!Survey2024"
"kenji_sato_jp@gmail.com","shiba_inu07"
"ksato22","Shiba_inu07!Tokyo"
"ananya.roy91@gmail.com","darjeeling9"
"aroy4","Darjeeling9$$Quant"
"tariq.harbi@gmail.com","falconry1"
"talharb","Falconry1#GlobalBank"
"leila.benali@outlook.fr","jasmine22"
"lbenali","Jasmine22$$Corp!"
"marek.novak.prague@seznam.cz","slaviaprague"
"mnovak5","Slaviaprague#2024$"
"nadia.youssef.cairo@gmail.com","zamalek1911"
"nyoussef","Zamalek1911!Trade$"
"soraya.rahmani@gmail.com","persiancat01"
"srahman","Persiancat01#Retail*"
"aiko.tanaka@yahoo.co.jp","sakura04"
"atanaka3","Sakura04#Tokyo#"
"amara.okonjo@gmail.com","afrobeats"
"aokonjo","Afrobeats!2023#"
"sunita.patel88@gmail.com","diwali2018"
"spatel9","Diwali2018@MedCoder"
"meiling.zhou95@163.com","dimsumlover"
"mzhou4","Dimsumlover123!"
"ceze89@yahoo.com","blessedchild"
"ceze2","Blessedchild!2024"
"devraj.sharma@gmail.com","cricketfan"
"dsharma","Cricketfan#100!"
"minjun.kim78@naver.com","seoulhiker"
"mkim7","Seoulhiker!2024@"
"ananya.iyer90@gmail.com","veggiesoup"
"aiyer6","Veggiesoup!Rx2024"
"lucas.fernandez@gmail.com","riverplate"
"lfernandez","Riverplate1901!#"
"hannah.mueller89@web.de","alpenhorn"
"hmueller","Alpenhorn@2024!"
"yuki.sato.sec@gmail.com","shinjukurock"
"ysato","Shinjukurock#1122"
"stefan.mueller.hh@web.de","brezelzeit"
"smueller","Brezelzeit!2024#"
"aoi_takahashi_rx@outlook.com","matchalatte"
"atakahas","MatchaLatte@Rx99"
"lars.lindstrom.pt@gmail.com","volvov70"
"llindstr","VolvoV70#Therapy!"
"sunita.patel84@yahoo.com","diwali55"
"spatel01","Diwali55#LabBlood!"
"chao.chen.lab@163.com","badminton88"
"cchen04","Badminton88$LabTech"
"anja.schneider.trans@web.de","berlinwall"
"aschneid","BerlinWall!1989Dict"
"minjun.kim.icu@naver.com","starcraft2"
"mjkim02","Starcraft2!!IcuShift"
"dr.ysokolov@mail.ru","chessmaster"
"ysokolov","ChessMaster#Pathology"
"einar_j_iceland@gmail.com","reykjavik"
"ejonsson","Reykjavik#Xray2024"
"soraya.rahmani.cardio@gmail.com","saffronrose"
"srahmani","SaffronRose@EchoLab1"
"hana.zahrani.rt@gmail.com","desertrose7"
"hzahrani","DesertRose7#BreatheNow"
"jrossi.embedded@yahoo.com","ducati999"
"jrossi","Ducati999!!WorkPass"
"priyantha.db@gmail.com","ceylontea"
"pjayawardena","CeylonTea#Admin2024"
"nadia.security@proton.me","cybershadow"
"nivanova","CyberShadow#SecOps99"
"zainab.qasim.docs@gmail.com","bookworm88"
"zqasim","Bookworm88!Spring24"
"bao.hoang.soc@gmail.com","phoforever"
"bhoang","PhoForever2024@SOC"
"chenwei.design@163.com","bobatea07"
"wchen3","BobaTea07!Display"
"sato.takashi85@yahoo.co.jp","ramenlover"
"tsato8","RamenLover#Retail24"
"deepak.cricket@gmail.com","viratkohli"
"dpatel2","ViratKohli#Pack2024"
"ingrid.lindstrom@tele2.se","fikatime"
"ilindst","FikaTime123$Register"
"carlosg_warehouse@gmail.com","bocajuniors"
"cgomez7","BocaJuniors!Shift1"
"p_kowalski@wp.pl","warszawa19"
"pkowals","Warszawa19#DockLoad"
"tariq_edwards@live.com","reggaebeats"
"tedward","ReggaeBeats99!SecOps"
"silva.lucas@uol.com.br","flamengo81"
"lsilva9","Flamengo81!Vendas24"
"minho.park93@naver.com","starcraft2"
"mpark02","StarCraft2!FloorTech"
"vance_marcus@protonmail.com","mustang67"
"mvance1","Mustang67!Returns2024"
"leila.mansoor@yahoo.com","yasminflower"
"almansl","YasminFlower#2023"
"ananya.cad@gmail.com","masalachai07"
"sharmaa","MasalaChai07#Work"
"carlos_gomez_77@hotmail.com","azulcrema10"
"gomezc","AzulCrema10$Site"
"chloemartin91@gmail.com","bordeauxwine"
"cmartin9","BordeauxWine!1234"
"jorge_volt@protonmail.com","sparkycat7"
"jhernand","SparkyCat7#Volt99"
"amira.green@gmail.com","kilimanjarosun"
"akassam","KilimanjaroSun!Eco24"
"danilo_flamengo@uol.com.br","maracana1981"
"dsantos","Maracana1981@Steel"
"freja.nielsen@mail.dk","hyggeaften05"
"fnielsen","Hyggeaften05#GeoSite"
"sam.kiprono@yahoo.com","eldoretchamps"
"skiprono","EldoretChamps!Road1"
"jack.tremblay@videotron.ca","habsforever76"
"jtrembl","HabsForever76#Smash"
"thao.nguyen89@gmail.com","saigoncoffee"
"tnguyen8","SaigonCoffee#Lab2024"
"liam_gallagher_91@outlook.com","mancityfc"
"lgalla03","ManCityFC#2024secure"
"fatima_pharm@hotmail.com","jasmine84"
"falmans4","Jasmine84$RxMed2024"
"chen.wei.data@qq.com","panda99"
"wchen05","Panda99!DataAnalytics"
"sofia.er.doc@gmail.com","chiquita12"
"sherna06","Chiquita12#ERDocAccess"
"kofi_mensah_gh@yahoo.com","kumasi06"
"kmensa07","Kumasi06!Surgery2024"
"o.ivanova_lab@mail.ru","matryoshka"
"oivano08","Matryoshka@LabMed99"
"tariq.hadad.rehab@gmail.com","falafel4life"
"thadad09","Falafel4life!RehabClinic"
"ingrid.lindstrom@icloud.com","fika2020"
"ilinds10","Fika2020#AdminHealth"
"baonguyen_90@gmail.com","pho2012"
"bnguye11","Pho2012#KidneyHealth1"
"amara_okafor@gmail.com","chiamaka9"
"aokafo12","Chiamaka9$SanitizeSafe"
"lukas.weber.ems@gmx.de","brezel77"
"lweber13","Brezel77@EMSRescue112"
"camila.silva.rn@hotmail.com","pipoca22"
"csilva14","Pipoca22!ICUNurseShift"
"kenji_sato_med@yahoo.co.jp","matcha03"
"ksato15","Matcha03#HIMRecords99"
"elena_dumitru_phleb@gmail.com","dacia2018"
"edumit16","Dacia2018$BloodDrawLab"
"jp.dubois.doc@orange.fr","baguette1"
"jduboi17","Baguette1!AnesthesiaCare"
"priya.nutrition@gmail.com","chai33"
"ppatel18","Chai33#NutritionWellness"
"carlos_gomez_cr@yahoo.com","tigre2019"
"cgomez19","Tigre2019@PatientCare01"
"zainab_begum_mw@outlook.com","biryani01"
"zbegum20","Biryani01$LaborDelivery!"
"dmitry.morozov.echo@gmail.com","baikal05"
"dmoroz21","Baikal05!SonarScanWard"
"hannah_c_ot@gmail.com","biscuit10"
"hclark22","Biscuit10#OTTherapyClinic"
"youssef_nader_finance@yahoo.com","cairo1995"
"ynader23","Cairo1995$BillingMedClaims"
"minjun_kim_cardio@naver.com","kimchi7"
"mkim24","Kimchi7@CardioCareHeart"
"chloe.martin.trials@gmail.com","croissant8"
"cmarti25","Croissant8!TrialProtocol"
"chidi_okafor@hotmail.com","jollofrice"
"cokafo","Jollofrice@Work1"
"joowon_park@daum.net","bibimbap88"
"jpark01","Bibimbap88!Trade"
"sofie.lindholm@gmail.com","fikaeveryday"
"slindh","Fikaeveryday@2024"
"priya.nair.fin@gmail.com","kathakali"
"pnair02","Kathakali!Bank24"
"m_ivanov_83@inbox.ru","taigaforest"
"mivano","Taigaforest_2023$"
"einar_jonsson@simnet.is","reykjavik99"
"ejonss","Reykjavik99#BankSec"
"zanele.dlamini@webmail.co.za","proteaflower"
"zdlami","Proteaflower!99$"
"amina.bouzid@laposte.net","couscous123"
"abouzi","Couscous123@Fintech"
"callum.macleod.edin@gmail.com","highlandcoo"
"cmacle","Highlandcoo!Bank1"
"nia.williams.edu@gmail.com","honeybee"
"nwilliams","Honeybee$PreschoolAdmin"
"grace.wanjiku_ke@yahoo.com","safari21"
"gwanjiku","Safari21#DeanOfStudents"
"finn.vandermeer@ziggo.nl","stroopwafel"
"fvandermeer","Stroopwafel&EdTech2024"
"elena.rostova@mail.ru","matryoshka99"
"erostov1","Matryoshka99#Bank"
"mvance_golf@yahoo.com","birdieputt4"
"vance_m","!Birdieputt42023"
"kenji.takahashi@tokyo-net.jp","ramenlover1"
"ktakah1","Ramenlover1!Tokyo"
"chantal.dubois@orange.fr","chocolatchaud"
"cdubois2","Chocolatchaud#2024"
"mateo_hdz@hotmail.com","guadalajara01"
"mhernan7","Guadalajara01$$$"
"lukas.weber85@gmx.de","berlinwandern"
"lweber3","Berlinwandern!123"
"fiona.g.irish@yahoo.co.uk","dublincat12"
"fgallag","Dublincat12*Secure"
"chenwei.quant@163.com","pandabear88"
"wchen9","Pandabear88$$2024"
"thiago_maracana@uol.com.br","flamengo1981"
"tsilva6","Flamengo1981#Work"
"tariq_sec@protonmail.com","bengaluru2019"
"tmanso1","Bengaluru2019@FinTech"
"k_kowalski@wp.pl","tatrymounts"
"kkowal2","Tatrymounts#0077"
"leila_farhat@inco.com.lb","cedarspring"
"lfarhat","Cedarspring!Summer"
"artie.pendelton@btinternet.com","surreygardens"
"apende1","Surreygardens2024!"
"yuki_tanaka@goo.ne.jp","sakurabloom"
"ytanaka3","Sakurabloom#0401"
"d.morozov.spb@yandex.ru","baikalwinter"
"dmoroz1","Baikalwinter$$24"
"gabi_souza89@terra.com.br","sambaepagode"
"gsouza9","Sambaepagode&2024"
"samuel.osei@ghanaweb.com","accramorning"
"sosei01","Accramorning@Corp1"
"camila.fernandez.design@gmail.com","patagoniahike"
"cfernandez","PatagoniaHike!123"
"chen.hao.ai@163.com","bubbleteasugar"
"hchen02","BubbleTeaSugar_888"
"zoe.miller.pdx@gmail.com","coldbrewmocha"
"zmiller","ColdBrewMocha!99"
"gaston.mercier@laposte.net","bordeauxwine"
"gmercier","BordeauxWine@2022"
"dhkim_dev@naver.com","starcraftpro"
"dhkim","StarCraftPro!99"
"soraya.naderi@gmail.com","persiancarpet"
"snaderi","PersianCarpet$100"
"igor.petrenko@ukr.net","chernobyltour"
"ipetrenko","ChernobylTour@86"
"meiling.wu.tw@gmail.com","tarokogorge"
"mlwu","TarokoGorge$886"
"sunyoung.park.md@daum.net","dubu1024"
"sypark","Dubu1024!Anesth"
"lars.vanderbeek@ziggo.nl","ajaxamsterdam4"
"lvanderb","Ajaxamsterdam4#Rehab"
"zainab.alhassan@hotmail.com","karakchai3"
"zalhass","Karakchai3$ICUNurse"
"beatrice.ndege@gmail.com","kilimanjaro9"
"bndege","Kilimanjaro9!Admin"
"gabriel.dumont@videotron.ca","habshockey20"
"gdumont","Habshockey20@EMS!"
"chioma.okeke@yahoo.com","amalaegusi55"
"cokeke","Amalaegusi55$NICU"
"dpapadopoulos.ortho@gmail.com","santorini88"
"dpapado","Santorini88#BoneDoc"
"camila.morales.chile@gmail.com","patagonia22"
"cmorale","Patagonia22!WorkSafe"
"hai.nguyen.records@gmail.com","hanoistreet"
"vhnguyen","Hanoistreet*HIM2024"
"siobhan.kelly.midwife@gmail.com","celticshamrock"
"skelly","Celticshamrock!L&D"
"tariro.chigumba@outlook.com","victoriafalls4"
"tchigum","Victoriafalls4%Renal"
"jonas.meyer.berlin@web.de","technokeller"
"jmeyer02","Technokeller2024!"
"gnovak_prague@seznam.cz","slaviapraha"
"gnovak","SlaviaPraha#2024"
"zainab_khartoum@gmail.com","nileriverbless"
"zbadawi","NileRiverBless!99"
"chiamaka.okoro@yahoo.com","obim2012"
"cokoro","Obim2012*DeanOffice"
"ingrid.bn@nordicmail.com","fjordwalk"
"inilsen","FjordWalk@Admissions!"
"hanna.zielinska.pl@gmail.com","krakowlove"
"hzielinska","KrakowLove%Lang2024"
"yara.morales.slp@gmail.com","colibri123"
"ymorales","Colibri123*SpeechTherapy"
"aaliyah.j96@gmail.com","buttercup07"
"ajackson","Buttercup07#ICU"
"olga.smirn@yandex.ru","matryoshka"
"osmirnova","Matryoshka#8888"
"lucas.vanderbeek@ziggo.nl","oranje11"
"lvanderbeek","Oranje11$$Lab!"
"marcus.vogt@posteo.de","autobahn911"
"mvogt","Autobahn911@MRI!"
"chloe.tremblay.mtl@icloud.com","poutine2020"
"ctrembla","Poutine2020!Office"
"carlos.gomez.qa@gmail.com","realmadrid07"
"cgomez2","RealMadrid07#Winter!"
"freja.design.swe@gmail.com","fikafika42"
"flindst","FikaFika42##Access"
"hassan.tariq.pk@gmail.com","karachiking1"
"htariq","KarachiKing1!Auth24"
"lars.vandijk.nl@gmail.com","stroopwafel3"
"lvandijk","Stroopwafel3@Secured"
"thanh.nguyen.hanoi@gmail.com","phobo2015"
"tnguyen4","PhoBo2015#WebRelease"
"gisela.schmidt.berlin@gmx.de","apfelstrudel9"
"gschmidt","Apfelstrudel9!Audit1"
"mateo.silva.rio@gmail.com","flamengo1981"
"msilva81","Flamengo1981!Libertadores"
"chen.wei.quant@foxmail.com","xiaolongbao"
"wchen09","Xiaolongbao!2023"
"tariq.siddiqui88@gmail.com","lahorekarahi"
"tsiddiqui","Lahorekarahi#1234"
"aoi_takahashi@yahoo.co.jp","sakura0401"
"atakahashi3","Sakura0401#TokyoBank"
"sunita.patel1983@rediffmail.com","radha2006"
"spatel83","Radha2006!MumbaiFinance"
"alessandro.moretti92@libero.it","forzajuve"
"amoretti","Forzajuve#1985Torino"
"priya.nair.kerala@gmail.com","kannurbeach"
"pnair3","Kannurbeach!2024Kyc"
"ethan.ward.sydney@outlook.com","manlyferry"
"eward12","Manlyferry#99Summer"
"kovacs.kornel@freemail.hu","balaton91"
"kkovacs","Balaton91@BudapestCore"
"grace.kim.seoul@naver.com","kpopstan"
"gkim2","Kpopstan2024!Research"
"rossi.mateo88@gmail.com","milano2010"
"mrossi77","Milano2010!Retail"
"lukas.becker91@web.de","katerfelix"
"lbecker8","KaterFelix!9191"
"elena_rostova87@mail.ru","solnyshko"
"erostova1","Solnyshko$2023!"
"liamoc94@eircom.net","celticsfan"
"loconnor5","CelticsFan#1Green"
"fati.zahra22@hotmail.com","marrakech7"
"fzahra9","Marrakech7$$Work"
"ananya.p.retail@gmail.com","mangolassi"
"apatel14","MangoLassi#100%"
"jbdupont82@orange.fr","tropezienne"
"jdupont6","Tropezienne!2024"
"minji_kwon96@daum.net","chococat"
"mkwon08","ChocoCat!9696$$"
"tariq_logistics@yahoo.com","redcamaro"
"tmansour3","RedCamaro2024$$"
"thandi.ndlovu@vodamail.co.za","durbansun"
"tndlovu7","DurbanSun#Summer1"
"kenji_sato_tech@yahoo.co.jp","ramenlover"
"ksato11","RamenLover#2024POS"
"sofia_silva89@uol.com.br","flamengo89"
"ssilva05","Flamengo89!Shift1"
"dima_volkov84@yandex.ru","siberia84"
"dvolkov9","Siberia84*WorkAccess"
"chukwudi_eze@yahoo.com","arsenalgunner"
"ceze12","ArsenalGunner@LP24"
"maria_santos1965@gmail.com","corazon65"
"msantos2","Corazon65!!Welcome"
"zoe_katsaros@outlook.com","santorini92"
"zkatsaros1","Santorini92$$SafeBox"
"eleni.papadop@hotmail.com","rethymno88"
"epapadop","Rethymno88@Build"
"thao.surveyor@gmail.com","dalatcoffee"
"vtnguyen","DaLatCoffee$Field1"
"vukovic.goran66@gmail.com","dunavriver"
"gvukovic","DunavRiver#Pipes24"
"marcus_oconnor@eircom.net","guinnesspint"
"moconnor","GuinnessPint@Build9"
"jack.davies.wales@gmail.com","snowdonpeak"
"jdavies","SnowdonPeak!OnSite77"
"siti.osman.audit@gmail.com","kucingcomel"
"sosman","KucingComel$Audit24"
"minh.nguyen92@gmail.com","honda125"
"vnguyen","Honda125@Const24"
"zhangwei_mep@163.com","xiaomi88"
"wzhang","Xiaomi88@Project1"
"pietervdm@mweb.co.za","springbok"
"pvandermerwe","Springbok!2023#"
"yuliana.fernandez@yahoo.com","perrito12"
"yfernandez","Perrito12#Estimates"
"roman.vanecek@seznam.cz","pilsnerurquell"
"rvanecek","Pilsnerurquell#1"
"hitoshi_sato@yahoo.co.jp","shinkansen"
"hsato","Shinkansen@Logistics1"
"johan.vandijk77@planet.nl","ajax1900"
"jvandijk","Ajax1900!Excavator"
"bilalkhan.rigging@gmail.com","cricket11"
"bkhan","Cricket11@Scaffold#"
"h.nielsen.cph@gmail.com","tuborg88"
"hnielsen","Tuborg1988#Roofing"
"jack_robinson_weld@outlook.com","harley99"
"jrobinson","Harley1999!WeldRig"
"zahra.ghasemi@gmail.com","damask15"
"zghasemi","Damask15!Landscape"
"kwame.asante.gh@yahoo.com","blackstars92"
"kasant01","Blackstars92#RadDept"
"priyanka.dsh@gmail.com","mumbaichaat07"
"pdeshmuk","Mumbaichaat07*Surgeon"
"zainab.kuwari@outlook.com","dohabreeze99"
"zalkuwar","Dohabreeze99$AdminDesk"
"sven_jansen@ziggo.nl","stroopwafel3"
"sjansen","Stroopwafel3!OrthoClinic"
"camila.duarte.br@gmail.com","ipanemasun87"
"cduarte","Ipanemasun87@DentalHealth"
"brynja_sigurd@simnet.is","eyjafjall9"
"bsigurda","Eyjafjall9#TrialCenter!"
"rossi_mateo91@gmail.com","intermilan1908"
"mrossi8","Intermilan1908!!"
"kim_sunwoo88@naver.com","jejuisland05"
"skim42","Jejuisland05#Rx!"
"biassilva@uol.com.br","sambaepagode"
"bsilva1","Sambaepagode!2024"
"schneider.klaus@gmx.de","alpenhorn84"
"kschneid","Alpenhorn84!!Hospital"
"chidike.eze@yahoo.com","lagoscity01"
"ceze11","Lagoscity01!Clinic"
"elena_morales95@gmail.com","chocolatecake"
"emorales","Chocolatecake#9900"
"tariq_cricket@live.com","lahoreqalandar"
"thashmi","Lahoreqalandar!1234"
"art_pendelton@comcast.net","gardeningfun"
"apendelt","Gardeningfun#1962"
"sato_kenji76@yahoo.co.jp","ramennoodles"
"ksato14","Ramennoodles@Tokyo1"
"aga_kowalska@wp.pl","krakowwawel"
"akowalsk","Krakowwawel!2024?"
"lucia_c@libero.it","tiramisulover"
"lcastigl","Tiramisulover*2024*"
"marcus.vance82@gmail.com","goldenretriever"
"vancem01","Goldenretriever2024!"
"liam.oconnor.dublin@outlook.com","celticfc1888"
"oconnl","Celticfc1888$$Work"
"rossi.sofia94@libero.it","vespatrip94"
"rossis","Vespatrip94@Autumn!"
"kenji.takahashi88@gmail.com","ramenlover"
"takahk","Ramenlover12345#"
"falmansoor_uae@gmail.com","falconeye9"
"almansf","!Falconeye9999!"
"lucas.silva_sp@uol.com.br","maracana1950"
"silval02","Maracana1950$$$"
"c.dupont.bordeaux@orange.fr","chocolatnoir"
"duponc","Chocolatnoir#2024"
"divanov.dev@mail.ru","chessmaster"
"ivanovd","Chessmaster#1024"
"amara.okafor@gmail.com","lagosbeaches"
"okafora","Lagosbeaches@2024."
"hanna.lindqvist91@spray.se","fikapausen"
"lindqh","Fikapausen2024!Audit"
"cmendoza_mex@gmail.com","cancunsunsets"
"mendozc","Cancunsunsets@Fx24"
"tariq_cricket99@gmail.com","fastbowler"
"mahmot","Fastbowler99@Work"
"elena.popescu.ro@yahoo.com","bucharesti89"
"popese","Bucharesti89$$Pass"
"dkim_seoul@gmail.com","hangangnight"
"kimd05","Hangangnight!1122"
"nadia.benali.cas@gmail.com","menthemelissa"
"benaln","Menthemelissa%2024"
"elidrums97@hotmail.com","pearldrums"
"warde01","Pearldrums2024*Access"
"sunita.patel84@gmail.com","garbadance"
"patels03","Garbadance!@2024"
"mateo.gomez.bog@gmail.com","cafecolombia"
"gomezm","!Cafecolombia123"
"freja.nielsen@cphnet.dk","roskilde05"
"nielsf","Roskilde05!!Nordic"
"kwame.mensah.gh@gmail.com","blackstars92"
"mensak","Blackstars92##Secure"
"gracetan_sg@yahoo.com.sg","durianlover"
"tang04","Durianlover#Bank01"
"jkowalski_pol@wp.pl","tatramountains"
"kowalj","Tatramountains!Admin1"
"leila.yazdi.teh@gmail.com","shirazgarden"
"yazdil","Shirazgarden2024$$$"
"banerjee.priyanka@yahoo.com","roshogolla88"
"pbanerjee","Roshogolla88!Tech"
"diego_fdz@hotmail.com","chimichurri05"
"dfernandez","Chimichurri05!Prod"
"stefan.meyer78@web.de","nuerburgring"
"smeyer","Nuerburgring!2024$"
"chen.zhuo_hw@qq.com","badmintonking"
"zchen","BadmintonKing@888#"
"nadia.bouzid@laposte.net","olivetree44"
"nbouzid","OliveTree44!Secured"
"oliver.davies.writer@gmail.com","snooker147"
"odavies","Snooker147##Drafts"
"babatunde.lawal@gmail.com","afrobeats01"
"blawal","Afrobeats01*Corporate"
"sofia.giraldo@outlook.com","orquidea33"
"sgiraldo","Orquidea33!Release#"
"artem_sokolov@inbox.ru","baikalwater"
"asokolov","BaikalWater2024!Root"
"dirk_vanderbeek@kpnmail.nl","tulip74"
"dvanderbeek","Tulip74#Concrete!"
"mbrody_steel@yahoo.com","harley1985"
"mbrody","Harley1985#Steel123"
"tnorbu_mountains@gmail.com","yeti2021"
"tnorbu","Yeti2021#Transit!"
"bfischer_const@gmx.de","berlin66"
"bfischer","Berlin66!Facility#"
"evelyn.reed84@gmail.com","daisy2015"
"ereed41","Daisy2015!Compliance"
"rnair.cricket@yahoo.com","dhonifan07"
"rnair92","Dhonifan07#Risk2024"
"marcus.vance@outlook.com","bostonceltics"
"mvance8","Bostonceltics!2024"
"mateo.rossi@libero.it","vespa1988"
"mrossi55","Vespa1988!Milan#"
"dvolkov91@yandex.ru","redoctober"
"dvolkov7","Redoctober2024!$$"
"thabo.mbeki@gmail.com","springbok1"
"tmbeki3","Springbok1#Branch101"
"santos_isa@uol.com.br","ipanema82"
"isantos2","Ipanema82*Audit24"
"liamh_glasgow@gmail.com","scotwhisky"
"lhenders","Scotwhisky#AML2024"
"nadia.benali@live.fr","sahara2010"
"nbenali8","Sahara2010!Forex$"
"takahashi.k@yahoo.co.jp","shinjuku03"
"ktakahas","Shinjuku03#TokyoStock!"
"fz_maroc@gmail.com","casablanca7"
"fzahra11","Casablanca7@Support123"
"priya.sharma95@gmail.com","mumbaichai"
"psharma6","Mumbaichai123#M&A"
"oliver.tconti@bluewin.ch","genevalake"
"ocont21","Genevalake2024$$$Swiss"
"g_osei@gmail.com","blackstars9"
"gosei19","Blackstars9!SysAdmin"
"artemis.pappas@outlook.com.gr","olympus77"
"apappas4","Olympus77!FraudProtect"
"zoe.kmiller@gmail.com","pugsley09"
"zmiller5","Pugsley09!VaultAccess"
"tariq_mansour@hotmail.com","beirutsky"
"tmansou1","Beirutsky#CorpBank24"
"johan.lindstrom@spray.se","fikaBreak"
"jlindstrom","FikaBreak#2024SE"
"takahashi.tatsuya@gmail.com","ramenLover"
"ttakahashi","RamenLover#2024DB!"
"aaliyah.johnson.ai@gmail.com","jazzyNight"
"ajohnson","JazzyNight!Summer2024"
"gkcampbell@yahoo.co.uk","daffodil92"
"gcampbell","Daffodil92$Yard"
"enzo_rossi_pietra@libero.it","vespaprima"
"vrossi","Vespaprima#1977"
"murphy.scaffolding@eircom.net","galwaybay88"
"pmurphy","Galwaybay88!Scaff"
"jonas.varga@freemail.hu","balatonblue"
"jvarga","Balatonblue#Dev2024"
"hina.patel@rediffmail.com","garbaqueen"
"hpatel","Garbaqueen%Office365"
"meiling.chen91@gmail.com","milothetabby"
"mchen4","MiloTheTabby!2024"
"david.kim.onco@yahoo.com","seoulbite88"
"dkim7","SeoulBite88#Health"
"lucas.vandenberg@xs4all.nl","tuliptracker"
"lvandenberg","TulipTracker#Nurse24"
"cruz_dispatch@gmail.com","corvette67"
"acruz","Corvette67#Dispatch1!"
"rachel.goldstein.sw@gmail.com","shalompeace"
"rgoldstein","ShalomPeace#Palliative1"
"luke.weber84@web.de","apfelstrudel"
"lweber9","Apfelstrudel2024!"
"liam_dublin90@gmail.com","guinness7"
"loconnor4","Guinness7!Bankpass"
"sora.takahashi@gmail.com","shibainu01"
"stakahas","Shibainu01@Tokyo"
"sophie_martin12@free.fr","chocolat99"
"smartin8","Chocolat99!Access"
"ingrid.lindholm@outlook.com","fika1985"
"ilindhol","Fika1985#Nordic"
"grace.kim89@gmail.com","kimchijjigae"
"gkim05","Kimchijjigae!999"
"ananya.sharma1993@gmail.com","marigold21"
"asharma7","Marigold21!!Admin"
"hanna.korhonen@suomi.fi","revontulet"
"hkorhone","Revontulet2024$$"
"zainab_kw@gmail.com","desertrose1"
"zalkuwai","Desertrose1@Kuwait"
"nia_davies@cardiff.co.uk","daffodil77"
"ndavies","Daffodil77!Wales1"
"ryo.tanaka@icloud.com","gundamwing"
"rtanaka","Gundamwing!2024#"
"bia_santos@globo.com","maracana10"
"bsantos2","Maracana10$Brasil"
"carlos.mendoza88@gmail.com","bocajuniors10"
"cmendoz1","Bocajuniors10!2024"
"hao.chen.quant@163.com","tianjinpanda"
"hchen01","TianjinPanda*2024"
"jankowalski_pl@wp.pl","warszawa90"
"jkowals","Warszawa90#Capital"
"noor.zahra@yahoo.com","jasmineflower"
"nzahra2","JasmineFlower#456"
"david.macleod.ed@outlook.com","highlandcow"
"dmacleo","HighlandCow!1985"
"minho_park_kr@naver.com","busanbeach"
"mpark09","BusanBeach#Pass12"
"lucia_morales_mx@prodigy.net.mx","chihuahuadog"
"lmorale","ChihuahuaDog2024$"
"b.fernandez89@terra.es","andalucia89"
"bfernan","Andalucia89*Madrid"
"zainab_alfarsi@omantel.net.om","muscatsunset"
"zalfars","MuscatSunset@Trade1"
"hannah.highland@outlook.com","thistlepie"
"hmacleod","Thistlepie#Stage101"
"ezekiel.okonjo@yahoo.com","lagoscalm"
"eokonjo","Lagoscalm#Affairs24"
"gabriel.costa80@gmail.com","flamengorun"
"gcosta","Flamengorun!Campus01"
"mette.jensen.dk@hotmail.com","nordicwalk"
"mjensen","Nordicwalk$Global365"
"kwesi.appiah@gmail.com","kumasi99"
"kappiah1","Kumasi99#MedTech"
"mateo.rossi.pt@gmail.com","espresso99"
"mrossi2","Espresso99@Health"
"bmwangi22@gmail.com","safari2018"
"bmwangi","Safari2018$Care"
"ingrid.bsmith@gmail.com","stockholm7"
"ismith8","Stockholm7&Safety"
"zainab.np@gmail.com","biryani09"
"zkhan4","Biryani09$Health"
"niamhkelly86@eircom.net","shamrock1"
"nkelly3","Shamrock1!Ward24"
"hanna.althaus@web.de","berlinbiker"
"halthaus","Berlinbiker!2024$"
"chioma.eze77@yahoo.com","lagosvibes"
"ceze1","Lagosvibes2023$$"
"sofia.hdz.arch@gmail.com","tequila77"
"shernandez3","Tequila77!!BimBuild"
"david_mwangi_ke@yahoo.com","safari1990"
"dmwangi1","Safari1990$$Job"
"fatima.zahra.casablanca@gmail.com","menthetea"
"fzahra4","Menthetea#Supply2024"
"tomek.kowalski.crane@wp.pl","zubrbeer99"
"tkowalski1","Zubrbeer99!!Crane"
"gabriel_santos_rio@uol.com.br","flamengo10"
"gsantos3","Flamengo10$$SafePipe"
"zainab.haider.cad@outlook.com","karachisun"
"zhaider","Karachisun@Drafting1"
"thabo.molefe.joburg@gmail.com","bafana1996"
"tmolefe2","Bafana1996!!SiteWork"
"hannah.schmidt.qa@gmx.de","waffeln7"
"hschmidt4","Waffeln7#Quality2024"
"tuan.nguyen.hvac@yahoo.com","phosaigon"
"atnguyen","Phosaigon#2024HVAC"
"nadia.mansour.law@gmail.com","cedarwood"
"nmansour1","Cedarwood@Legal2024!"
"brendan.macleod.scot@gmail.com","highland01"
"bmacleod","Highland01$$SteelRig"
"isabella.rossi.roma@gmail.com","vespa1995"
"irossi2","Vespa1995!!Greensite"
"santi.alvarez@gmail.com","bocajuniors"
"salvar","Bocajuniors#2023!"
"fzbenali@wanadoo.fr","marrakechsun"
"fbenal","Marrakechsun!2022#"
"chidi_okonkwo@gmail.com","chelseafc"
"cokonk","Chelseafc@London12"
"ananya.sen90@gmail.com","darjeeling"
"asenn","Darjeeling%Tea2023"
"thuy_nguyen_sg@yahoo.com","pho_bo_cay"
"tnguye","Pho_bo_cay#School1"
"nia.robinson93@outlook.com","sweetpotato"
"nrobin","Sweetpotato!93Ed#"
"sunhee_park91@naver.com","hanriverpark"
"sparkk","Hanriverpark$2024!"
"fatoudiop93@orange.sn","teranga221"
"fdiop","Teranga221!Service"
"lars.moller@mail.dk","aalborg90"
"lmoller","Aalborg90!Warehouse"
"hinakhan_pk@gmail.com","biryaniLove"
"hkhan","BiryaniLove!Shift1"
"sunita.gurung@gmail.com","pokhara20"
"sgurung","Pokhara20!Store5"
"g.moreau@hotmail.fr","bordeaux05"
"gmoreau","Bordeaux05#Boutique"
"david.vdb@kpnmail.nl","oranje2014"
"dvandenberg","Oranje2014!Fulfill"
"amara.okafor91@gmail.com","chidera2015"
"aokafor01","Chidera2015!Retail"
"mateo.silva.rio@outlook.com","flamengo99"
"msilva04","Flamengo99#Store"
"hanna.lindqvist88@spray.se","fikafriday"
"hlindqv1","Fikafriday2024!"
"falmansoor94@gmail.com","dubaimall"
"falmans1","DubaiMall2023$$"
"liam.oconnor.eire@hotmail.com","celticfc"
"loconno2","CelticFC#Safe2024"
"elena.rostova82@yandex.ru","matryoshka"
"erostov3","Matryoshka2024!Retail"
"carlos.mendoza.mx@gmail.com","tacosalpastor"
"cmendoz5","TacosAlPastor!99"
"sunwoo.park.seoul@naver.com","bibimbap10"
"spark44","Bibimbap10@Work!"
"lucas.dejong85@ziggo.nl","stroopwafel"
"ldejong7","Stroopwafel!2024$"
"ananya.sharma99@gmail.com","gulabjamun"
"asharm02","GulabJamun@Retail1"
"alejandro_gomez90@prodigy.net.mx","solardelsur"
"agomez61","SolarDelSur#1234"
"tariq_mansoor93@gmail.com","karachiking"
"tmansoo4","KarachiKing@Shift1"
"ingrid.hansen.oslo@online.no","nordicwalk"
"ihansen6","Nordicwalk#Shop24"
"ravi.nadar78@rediffmail.com","masaladosa"
"rnadar01","MasalaDosa@Desk2024"
"zoe.taylor.aus@gmail.com","koalabear03"
"ztaylor9","Koalabear03!Visual"
"tingting.wu.bj@163.com","pandabear88"
"twu22","Pandabear88#Supply"
"gabriel.rossi.roma@tiscali.it","forzaroma"
"grossi11","ForzaRoma#Sales2024"
"chaowei.math@163.com","fibonacci"
"cwei","Fibonacci112358!"
"willem.dejong@ziggo.nl","windmolen"
"wdejong","Windmolen&Finance2024"
"gracechen.traveler@gmail.com","wanderlust9"
"gchen","Wanderlust9!Global"
"iyer.ananya@rediffmail.com","rasamrice09"
"aiyer8","Rasamrice09#Secure"
"lbecker.berlin@web.de","stpauli1910"
"lbecke1","Stpauli1910$$Work"
"rossi_chiara@libero.it","vespablu88"
"crossi3","Vespablu88!!2024"
"tanaka.yuki84@gmail.com","shibaiko08"
"ytanak9","Shibaiko08@Tokyo1"
"liam_dublin95@outlook.com","guinness1759"
"loconn5","Guinness1759!!Under"
"erostova93@yandex.ru","matryoshka5"
"erosto2","Matryoshka5#Vault"
"carlos_mza@gmail.com","pumasfan86"
"cmendo7","Pumasfan86%%Bank"
"okafor_amara@yahoo.com","chinelo2018"
"aokafo3","Chinelo2018$$Plan"
"zhouml89@qq.com","bobatea101"
"mzhou6","Bobatea101@AMLsafe"
"tariq.haddad@gmail.com","falafelwrap3"
"thadda8","Falafelwrap3##Corp"
"sophie.dubois@laposte.net","painauchoc99"
"sduboi2","Painauchoc99*Finance"
"kowalska_z@wp.pl","tatrymount77"
"zkowal1","Tatrymount77!Staff"
"gsantos_fx@uol.com.br","flamengo1981"
"gsanto4","Flamengo1981#Bacen"
"aisha_harbi@hotmail.com","desertrose11"
"aalhar5","Desertrose11$Clear"
"divanov.spb@mail.ru","zenitpiter07"
"divano2","Zenitpiter07%Access"
"chloe_martin@me.com","cotedazur06"
"cmarti8","Cotedazur06!!Vault"
"badebayo_lagos@gmail.com","suyaextra9"
"badeba3","Suyaextra9*Manage"
"n_nguyen94@yahoo.com","phobosoup21"
"nnguye7","Phobosoup21#Assets"
"santigomez88@outlook.es","cafecito44"
"sgomez6","Cafecito44@Client"
"hannah.fraser@scotmail.com","highlandcow8"
"hfrase5","Highlandcow8&Ledger"
"aneta.varga@freemail.hu","balaton22"
"avarga","Balaton22!QualityCheck"
"nikola_petkov84@abv.bg","cska1948"
"npetkov","Cska1948@SteelWork!"
"isabella.silva@uol.com.br","maracana70"
"isilva","Maracana70#PlanAhead"
"sammy.adeyemi@gmail.com","lagosboy"
"sadeyemi","Lagosboy@Summer24"
"rachel.weisz.ny@gmail.com","bagelcream"
"rweisz","Bagelcream#NYC2024"
"yulia.kovalenko@gmail.com","borschtking"
"ykovalenko","Borschtking#Kyiv2024"
"emily.watson.ox@gmail.com","sherlock221"
"ewatson","Sherlock221B!London"
"chen.hao.personal@163.com","pandaexpress"
"hchen8","Pandaexpress#2024!"
"tariq.chem95@outlook.com","bluebeaker"
"talfassi","Bluebeaker!12345"
"minho.park.seoul@gmail.com","starcraft2"
"mpark3","Starcraft2!Admin!"
"babatunde.adeyemi@yahoo.com","lagosvibes"
"badeyemi","Lagosvibes#Dept24"
"greta.hansen.cph@gmail.com","hyggehome"
"ghansen","Hyggehome!9876"
"minh.nguyen.math@gmail.com","fibonacci01"
"nvminh","Fibonacci01$Math"
"rachel.goldberg84@gmail.com","bagellover"
"rgoldberg","Bagellover#Dean2024"
"amira.kassem@outlook.com","nilewater"
"akassem","Nilewater$ShiftLeader1"
"sjenkins_retail@gmail.com","goldenret"
"sjenkins","Goldenret!Store#405"
"nadia.popov@mail.ru","matryoshka"
"npopov","Matryoshka@Vault2024"
"rachelcohen_flowers@gmail.com","tulipblue"
"rcohen","Tulipblue!Floral#123"
"liam_evans_wales@gmail.com","cardiffcityfc"
"levans","CardiffCityFC#Access1"
"isabella.conti92@virgilio.it","bellavita88"
"iconti","BellaVita88$Cost2024"
"mehmet_yilmaz_ist@gmail.com","bosphorus06"
"myilmaz","Bosphorus06!BrickSafe"
"jp_dubois_lyon@orange.fr","petanque13"
"jpdubois","Petanque13!DemoSite"
"aisha_mansoori@yahoo.com","dubaimall04"
"aalmansoori","DubaiMall04#2024"
"jl_picard_geneva@bluewin.ch","fondueparty"
"jpicard","Fondueparty#1234"
"sofija_jov@sbb.rs","belgrade91"
"sjovanovic","Belgrade91$$Pay!"
"thiago.santos.sp@uol.com.br","corinthians"
"tsantos2","Corinthians@1910!"
"arjun_quant_blr@gmail.com","cricketbat7"
"arao3","Cricketbat7$Finance"
"emre_demir_ist@gmail.com","galatasaray"
"edemir","Galatasaray#2024*"
"cmendoza90@outlook.com","azteca1990"
"mendozac","Azteca1990#Work"
"kenjisato77@gmail.com","sakura77"
"satok02","Sakura77!Tokyo!"
"priyapatel.in@gmail.com","chaiwali12"
"patelp09","Chaiwali12#Mumbai"
"davidkim84@gmail.com","seoulboy84"
"dkim840","Seoulboy84@Finance"
"lukas.becker@web.de","apfelstrudel"
"lbecker1","Apfelstrudel2024!"
"bellasantos@uol.com.br","carnaval07"
"santosib","Carnaval07#Brasil"
"chloe.campbell@btinternet.com","highlandcow"
"campbelc","Highlandcow$2024"
"jlindqvist@spray.se","fikaforever"
"lindqvj","Fikaforever2024!"
"anyavarga88@freemail.hu","budapest88"
"vargaa01","Budapest88#Forex"
"linh.nguyen.hn@gmail.com","phoaddict"
"lnguyen5","Phoaddict2024#Saigon"
"anoukvandijk@ziggo.nl","tulipfield"
"vandijka","Tulipfield2024$"
"sammyward04@gmail.com","redsox2004"
"sward02","Redsox2004!Boston"
"aaliyahkhan99@yahoo.com","mangoice99"
"akhan12","Mangoice99#Lahore"
"danielle.tremblay@videotron.ca","poutine44"
"dtrembla","Poutine44#Montreal"
"danvance_sparky@gmail.com","sparkydog"
"dvance","Sparkydog!2024$$"
"luc_tremblay76@videotron.ca","habsfan93"
"ltremblay","Habsfan93!!Chantier"
"keita_amara@gmail.com","djembe12"
"akeita","Djembe12##Djembe12"
"jramirez_local@gmail.com","chevy1998"
"jramirez","Chevy1998!!Pipes#"
"gaby_gomez_qc@outlook.com","luna2019cat"
"ggomez","Luna2019cat!Quality#"
"vgomez.urgencias@gmail.com","cafecitocaliente"
"vgomez","Cafecitocaliente2024*"
"chioma.safety@yahoo.com","obinna2018"
"cokonjo","Obinna2018@SafeSite"
"elibrooks1995@gmail.com","mustang67"
"ebrooks","Mustang67!WeldIron"
"nathalie.dubois.urban@free.fr","chamonix"
"ndubois","Chamonix2024@Urban"
"jorge.ramos.pipes@gmail.com","guadalajara"
"jramos","Guadalajara#PipeFit1"
"diego.silva.br@gmail.com","flamengo1981"
"dsilva","Flamengo1981@Corp"
"arto.virtanen@luukku.com","saunailta"
"avirtanen","Saunailta#2024!Audit"
"nadia.chernoff@gmail.com","baikallake"
"nchernoff","Baikallake$2024Trade"
"sunita_sharma@rediffmail.com","diwalisweets"
"ssharma3","Diwalisweets@2024!"
"javi_hernandez@yahoo.es","maradona10"
"jhernandez","Maradona10!PTeacher"
"einar.lindqvist@hotmail.se","fikafriday"
"elindqvist","Fikafriday@Library1"
"ingrid_vandijk@chello.nl","tulipfields"
"ivandijk","Tulipfields#Res2024"
"youssef.mansouri@menara.ma","carthage73"
"ymansouri","Carthage73#Faculty1"
"hannah.smith.art@gmail.com","watercolor5"
"hsmith4","Watercolor5!ArtStudio"
"amorales.music@gmail.com","guitarhero"
"moralesa","Guitarhero!2024adv"
"t.wisniewski@onet.pl","kantian"
"twisniewski","Kantian#Philosophy2024"
"zndiaye@gmail.com","dakarvibes"
"zndiay","Dakarvibes#Work2024"
"piotr.kowalski@wp.pl","pierogipower"
"pkowal","Pierogipower_Spring2024!"
"tariq.farooq@outlook.com","lahorefort"
"tfaroo","Lahorefort!9876Corp"
"aruiz.dev@gmail.com","guacamole99"
"aruiz5","Guacamole99@SysAdmin!"
"d.ivanov@mail.ru","taigawinter"
"divano","Taigawinter#1Server*"
"sjenkins.tech@gmail.com","goldenretriever"
"sjenki","Goldenretriever@Work99!"
"asilva.code@yahoo.com","guitarra92"
"asilva","Guitarra92#DevOps"
"sofia.rod@gmail.com","gatitofeliz"
"srodriguez","Gatitofeliz!SysAdmin"
"evelyn.chen.md@gmail.com","orchidsun7"
"echen","Orchidsun7#Clinic!"
"zoe.macleod.sw@gmail.com","hebrideswind"
"zmacleod","Hebrideswind_Hope9!"
"david.benami@bezeqint.net","negevdesert9"
"dbenami","Negevdesert9$Fiscal!"
"sofia.silva.rio@globo.com","flamengo81"
"ssilva","Flamengo81#Store!"
"aygul.aliyeva@box.az","bakuwind08"
"aaliyeva","Bakuwind08$Help"
"astrid.vanderbeek@kpnmail.nl","tulipfield"
"avanderbeek","Tulipfield#Store2"
"josh.wilson.surf@optusnet.com.au","surfsup2021"
"jwilson","Surfsup2021#Shift"
"lindstrom.johan@live.se","volvo240"
"jlindstr","Volvo240!Build1"
"aaliyah.brooks.wood@yahoo.com","oakwood12"
"abrooks","Oakwood12!Build#"
"meiling.zhao.cost@gmail.com","milktea88"
"mzhao","Milktea88$Office"
"danielle.demolition@gmail.com","bigrock99"
"dmartin","Bigrock99!Demo24"
"eleni.papand@outlook.gr","souvlaki2018"
"epapan92","Souvlaki2018!Banking"
"priya.chennai@gmail.com","filtercoffee"
"pswami1","Filtercoffee2024!#"
"takahashi.taro@ezweb.ne.jp","sakurabloom"
"ttakah7","SakuraBloom$2024"
"fz_benali@menara.ma","moroccanmint"
"fbenal2","MoroccanMint2024!"
"artem.mrzv@mail.ru","cyberzenit"
"amoroz5","CyberZenit@Online99"
"camila.ba@hotmail.com","quilmesfria"
"coconn8","QuilmesFria123$$$"
"sid_verma92@rediffmail.com","rohitsharma45"
"sverma3","RohitSharma45!Forex"
"ingrid.lind@telia.com","fikahelsingborg"
"ilindh2","FikaHelsingborg#2024"
"jp.blanc@orange.fr","chablisblanc"
"jblanc6","ChablisBlanc!Office1"
"daehyun.kim@daum.net","starcraft2pro"
"dkim11","StarCraft2pro!Secure"
"lucia.rossi85@libero.it","tiramisubello"
"lrossi4","TiramisuBello$$2024"
"badeleke@gmail.com","superflyeagles"
"badele1","SuperflyEagles%Finance"
"zofiakowalska@wp.pl","tatramountains"
"zkowal5","TatraMountains@Work1"
"chaonguyen91@gmail.com","saigonstreet"
"cnguye4","SaigonStreet!12345"
"soraya.rahbar@yahoo.com","shirazgrape"
"srahba2","ShirazGrape2024!M&A"
"alejandro_m@prodigy.net.mx","charrosdel99"
"amendo7","CharrosDel99$$Corp"
"hannah_mac@btinternet.com","obanwhisky"
"hmacin9","ObanWhisky!!1234"
"isa.silva.rio@gmail.com","carnaval2021"
"isilsa","Carnaval2021!Empresa"
"jiri.prochazka.dev@seznam.cz","pilsnerbeer4"
"jprochazka","Pilsnerbeer4!Prague1"
"bmendez.tech@gmail.com","tacosalpastor"
"bmendez","Tacosalpastor#2024!"
"arash.tehrani@protonmail.com","damavand56"
"atehrani","Damavand56@SOCIentry"
"andrei.muresan@yahoo.com","daciaclub05"
"amuresan","Daciaclub05#Firmware1"
"leila.kassem.bi@outlook.com","beirutsun11"
"lkassem","Beirutsun11$DataPortal"
"zoe.vanderbeek@ziggo.nl","stroopwafel2"
"zvanderb","Stroopwafel2##DevEnv"
"thao.nguyen.vn@gmail.com","banhmisaigon"
"tnguyen03","Banhmisaigon@Report1"
"maya.lin.sea@outlook.com","bubbletea05"
"mlin","Bubbletea05$$Kubernetes"
"joao_pereira_tiles@sapo.pt","benficacampeao"
"jpereira","Benficacampeao@2024"
"zane.meyer.za@gmail.com","springboks"
"zmeyer","Springboks#2023!#"
"brendan_oconnor_cork@yahoo.ie","guinnesspint"
"boconnor","Guinnesspint!1759"
"alvarez.mateo@yahoo.com","bocajuniors10"
"malvar4","Bocajuniors10$$Corp"
"mlchen_art@qq.com","bobaheaven12"
"mchen7","Bobaheaven12!@#45"
"nia.adebayo@yahoo.com","lagosvibes21"
"nadeba9","Lagosvibes21#Company!"
"sven.lindqvist@tele2.se","volvo240turbo"
"slindq4","Volvo240turbo!!2024"
"gabriel.silva91@globo.com","flamengo1981"
"gsilva2","Flamengo1981@Auth12"
"hana.tanaka@docomo.ne.jp","matchalatte03"
"htanak5","Matchalatte03$$2024"
"dmitry_sokolov@mail.ru","baikalblue"
"dsokol7","Baikalblue2024!@#"
"ewalker.gaming@gmail.com","halo3legend"
"ewalk8","Halo3legend!!Corp24"
"ingrid.hansen@online.no","fjordwalk89"
"ihanse1","Fjordwalk89#Company1"
"jihoon.park@naver.com","starcraftpro"
"jpark6","Starcraftpro@2024!"
"arjun.nair@outlook.com","keralabackwater"
"anair9","Keralabackwater!2024#"
"jonas.berg87@gmail.com","volvo240"
"jberg","Volvo240#Stockroom!"
"dirk.vandeberg@gmail.com","stroopwafel"
"dvandeberg","Stroopwafel!Office99"
"viktor.horvath@freemail.hu","balaton88"
"vhorvath","Balaton88@SecOps!"
"nurul.izzah@gmail.com","rendangsedap"
"nizzah","Rendangsedap$2024*"
"jari.korhonen@kolumbus.fi","saunabrew"
"jkorhonen","Saunabrew$Demo2024!"
"nia.v.athens@in.gr","santorinisun"
"nvardalos","Santorinisun@GreenEco24"
"rachelcampbell.gc@bigpond.com","blueyandbingo"
"rcampbell","Blueyandbingo!SiteBoss1"
"freja.lindstrom@spray.se","fikaontuesdays"
"flindstr","Fikaontuesdays!23"
"duc.nguyen.dev@gmail.com","hanoistreet88"
"dnguyen","Hanoistreet88#Office"
"camila.h@gmail.com","salsacali22"
"chernand","Salsacali22#Workstation"
"hassan.toure@orange.sn","terangadakar"
"htoure","Terangadakar123!?"
"martita.gomez@gmail.com","paellademarisco"
"mgomez","Paellademarisco2024!!"
"amina_diop88@yahoo.com","soleil77"
"adiop01","Soleil77#RetailWork"
"callum.oc99@gmail.com","guinnessboy"
"coconnor3","Guinnessboy1234$"
"santi_sec@hotmail.com","pitbullterrier"
"smorales5","Pitbullterrier#99!"
"kenji_sato@protonmail.com","ramenlover"
"ksato02","Ramenlover!@#2024"
"chloe.lefebvre@wanadoo.fr","chocolat89"
"clefebvre3","Chocolat89&Chocolat"
"nadiabenali@yahoo.fr","marrakech94"
"nbenali4","Marrakech94$$Office"
"h_lindqvist@outlook.com","volvo240"
"hlindqvist1","Volvo240Turbo#123"
"liam_murphy19@live.ie","celticfc"
"lmurphy2","Celticfc!Champ2024"
"camilasilva.rio@gmail.com","ipanema21"
"csilva7","Ipanema21#RetailOps"
"tariqhassan86@gmail.com","falafelday"
"thassan1","Falafelday2024!Night"
"ingrid.berg91@gmail.com","fjordhest"
"iberg03","Fjordhest*Secure99"
"divanov_88@yandex.ru","siberia01"
"divanov2","Siberia01@Company!"
"b_ndlovu@webmail.co.za","amakhosi"
"bndlovu1","Amakhosi#Security1"
"hana_kimmy@naver.com","seoulsky"
"hkim08","Seoulsky!!2024Retail"
"carlos.gomez77@gmail.com","elcamino77"
"cgomez6","Elcamino77$ShiftLead"
"tomi.novak@gmail.com","hajduk1911"
"tnovak2","Hajduk1911#ProduceTeam"
"leila.danesh@live.com","shirazpersia"
"ldanesh","Shirazpersia@Budget2024"
"garth.evans@sky.com","reddragon79"
"gevans","Reddragon79#DemoWorks"
"daria_popova89@yandex.com","baikalblue"
"dpopova","Baikalblue!SoundSafe12"
"chloe.lefevre@laposte.net","croissantlover"
"clefevre","!Croissantlover2023"
"sofia.alvarez.mx@outlook.com","chocolatito"
"alvarezs","Chocolatito@1234"
"priya.nair.blr@gmail.com","kathakali89"
"pnair9","Kathakali89$$Credit"
"amina.diop.sn@gmail.com","teranga221"
"adiop3","Teranga221@Compliance"
"tanaka_hiro_surf@yahoo.co.jp","shonanwave"
"htanak1","Shonanwave#Trading7"
"chloe.dubois.lyon@laposte.net","croissant7"
"cduboi2","Croissant7!Private#"
"liamoconnor.galway@gmail.com","celticpark"
"loconno5","CelticPark@Fin2024"
"sidgupta.iit@gmail.com","euleridentity"
"sgupta7","Euleridentity#3.1415"
"anja.lindqvist@tele2.se","fikaisthenew"
"alindq","Fikaisthenew!Nordic1"
"dkowalski.waw@gmail.com","legiawarszawa"
"dkowals","LegiaWarszawa!2024$"
"hanna.vdberg@planet.nl","stroopwafel"
"hvanden","Stroopwafel!Cards10"
"youssef.nader.cai@gmail.com","zamaleksc1"
"ynader1","ZamalekSC1@Corporate#"
"ksenia.sokol@mail.ru","siberianhusky"
"ksokolova","SiberianHusky!Compute8"
"nadia.bekele@outlook.com","addisababa"
"nbekele","AddisAbaba!Corporate9"
"hyunwoo.bae@naver.com","hangangwalk"
"hwbae","HangangWalk#DeviceSecure8"
"petrovic.aleks@eunet.rs","partizanbg"
"apetrovic","Partizanbg!2024!"
"mateosilva.art@gmail.com","cerveza22"
"msilva02","Cerveza22!!Counselor"
"priya.swami@gmail.com","ramanujan1729"
"pswaminathan","Ramanujan1729!Math"
"ananya.roy.kolkata@gmail.com","rosogolla3"
"aroy22","Rosogolla3#Advising!"
"fcalderon_sec@gmail.com","azteca70"
"fcalderon","Azteca70$Security1!"
"hannah.campbell.bio@gmail.com","darwin1809"
"hcampbell","Darwin1809!BioDept#"
"ivan.dragic@mail.ru","boxerigor"
"idragic","BoxerIgor123$Demo"
"rashed.alnuaimi@gmail.com","desertdune"
"ralnuaimi","DesertDune2024#MEP"
"chenmeiling94@163.com","bobaaddict"
"mchen22","Bobaaddict1234$!"
"devansh.patel@rediffmail.com","cricketguru"
"dpatel9","Cricketguru!9999"
"sypark88@naver.com","hanriver05"
"spark14","Hanriver05$$Spring"
"ananyasharma95@gmail.com","diwalilight"
"asharma31","Diwalilight@2024$$"
"avega_music@gmail.com","guitarhero"
"avega11","Guitarhero$$Store99"
"j.kowalski87@wp.pl","krakow123"
"jkowalski4","Krakow123$$Stockroom"
"nia.williams93@gmail.com","sunshineday"
"nwilliams8","Sunshineday!2024Apparel"
"baonguyen1996@gmail.com","saigoncafe"
"bnguyen17","Saigoncafe@RetailPrice1"
"thabo.sithole@webmail.co.za","amapiano10"
"tsithole","Amapiano10$$RetailTeam"
"camilarossi.art@libero.it","gelatofun"
"crossi5","Gelatofun2024!Sales"
"roman.varga@zoznam.sk","tatramt"
"rvarga","TatraMt#Demo2024Works"
"chen.jianping88@163.com","taiji1988"
"jpchen","Taiji1988!Work#"
"sofia.gomez_latam@gmail.com","queridafamilia"
"sgomez","QueridaFamilia@2024"
"amina.hashem@live.com","bakingcakes"
"aelhashem","BakingCakes*Chem24"
"patrick.harp@eircom.net","bodhranbeat"
"poconnor","BodhranBeat#Music1"
"zhou.mling@gmail.com","pandabear08"
"mlzhou","PandaBear08!Data"
"amira.elsayed@gmail.com","nilequeen"
"aelsayed","Nilequeen!2024#$"
"callum.davies.wales@gmail.com","reddragon7"
"cdavies","Reddragon7#Pipes!"
"hakan.demir.ist@gmail.com","cimbom1905"
"hdemir","Cimbom1905#Steel!"
"ingrid.vdb@ziggo.nl","stroopwafel"
"ivander","Stroopwafel99#Work"
"ebuka.obi@gmail.com","afrobeatsfan"
"cobinw","AfrobeatsFan2024!@"
"kovacs.niki.bp@gmail.com","balatonsummer"
"nkovacs","BalatonSummer!2024"
"alejandro_gomez_med@hotmail.com","paisaregion"
"agomezc","PaisaRegion@2024#"
"polina.smirnova.tech@gmail.com","hermitagecat"
"psmirno","HermitageCat#99Docs"
"arjun_nair_cochin@gmail.com","keralabackwaters"
"anair2","KeralaBackwaters#1"
"sunita.patil.pune@gmail.com","ganpati21"
"spatil","Ganpati21@Sprint1"
"arto.k.helsinki@luukku.com","sauna1984"
"akorhonen","Sauna1984!ServerRoom"
"ingrid.vdb@gmail.com","tulpen2000"
"ivanderbilt","Tulpen2000$Enterprise"
"j.washington99@yahoo.com","jordans23"
"jwashington","Jordans23@Network#"
"daria.novak.cz@seznam.cz","prague09"
"dnovak","Prague09!VaultAccess"
"reza.pahlavi.teh@gmail.com","damavand5"
"rpahlavi","Damavand5#Solutions!"
"niamh.kelly95@hotmail.com","clover17"
"nkelly","Clover17@DeployProd"
"priya.nair.blr@yahoo.com","motichoor99"
"pnair01","Motichoor99@Work"
"hiroshi.tanaka.jp@gmail.com","ramenlover01"
"htanaka5","Ramenlover01$$Corp"
"lucasvdb@quicknet.nl","ajaxamsterdam"
"lvander","Ajaxamsterdam#1234"
"diego_fernandez_ba@gmail.com","asadoamigos8"
"dfernan","Asadoamigos8$$Arg"
"lukas.meyer91@gmx.de","berlinwall89"
"lmeyer7","Berlinwall89##Pass"
"ananya.gupta.in@gmail.com","diwalilights"
"agupta6","Diwalilights@2024"
"nia.williams87@outlook.com","bluebird77"
"nwilli1","Bluebird77$$Money"
"bao.nguyen.hcm@gmail.com","saigoncafe92"
"bnguyen4","Saigoncafe92!!2024"
"siti.nur90@yahoo.com","sataylover88"
"snurhal","Sataylover88##Fin"
"gabriel_costa_rio@gmail.com","ipanema2016"
"gcosta8","Ipanema2016&&Corp"
"chloe.dubois@orange.fr","chocolat12"
"cdubois3","Chocolat12!!Spring"
"fatima.z.casa@yahoo.com","casablanca05"
"fzahra02","Casablanca05#Store"
"ngozi.eze91@gmail.com","chinelobaby"
"neze001","Chinelobaby!2024work"
"beatriz_silva@uol.com.br","praiaipanema"
"bsilva08","Praiaipanema#Summer24"
"georgie_m90@btinternet.com","arsenalguns"
"gmille05","Arsenalguns1886!!"
"lin_zhu82@163.com","pandabear88"
"lzhu03","Pandabear88$$2024"
"mariam.khoury@gmail.com","fairuzmusic"
"mkhoury1","Fairuzmusic#Shop12"
"ale_gomez79@terra.com.mx","azteca1986"
"agomez12","Azteca1986@ShiftA"
"hassan_tariq@gmail.com","lahoreqalandar"
"htariq01","Lahoreqalandar*99$"
"ananyasen93@gmail.com","darjeelingtea"
"asen002","Darjeelingtea2024!"
"johannes.becker@web.de","bratwurst90"
"jbecker4","Bratwurst90!!Retail"
"tmansour_geo@yahoo.com","falafellove"
"mansourt","Falafellove!99$"
"ananya.sen_kolkata@gmail.com","rasgulla24"
"as2911","Rasgulla24@ChemLab"
"ngozi.achebe79@gmail.com","egusisoup1"
"nachebe","EgusiSoup1#Admin"
"chloe.dupont.paris@free.fr","monetlily"
"cdupont8","Monetlily@Spring24"
"amina_alhassan@gmail.com","cardamomtea"
"aalhassan","Cardamomtea#2024Campus"
"bwalsh_hurling@eircom.net","corkrebel7"
"bwalsh","Corkrebel7!GymClass"
"garth_skye@scotmail.com","highlandcoo"
"gmacleod","Highlandcoo!2024Bio"
"soraya.ghaffari@protonmail.com","damaskrose4"
"sghaffari","Damaskrose4!Faculty"
"hanna.holmgren@spray.se","kanelbulle8"
"hholmgren","Kanelbulle8@SchoolAdmin"
"v_nguyen_danang@gmail.com","banhmisaigon"
"vnguyen1","Banhmisaigon!Finaid24"
"priya.swami@yahoo.com","filtercoffee"
"pswami","Filtercoffee#2024"
"mwashington_blood@gmail.com","bengalswin"
"mwashi","Bengalswin#1Lab"
"zhou.meiling@foxmail.com","bubbletea09"
"mzhou1","Bubbletea09!Health"
"aisling_dublin@eircom.net","shamrock99"
"aoconn","Shamrock99!WardB"
"nia_campbell@live.com","reggaebeats"
"ncampb","Reggaebeats?Safe1"
"arjunpatel_ldn@hotmail.co.uk","arsenalgunner"
"apate2","Arsenalgunner#4NHS"
"ingrid.johansen@online.no","fjordtrekker"
"ijohan","Fjordtrekker%99Med"
"boateng.k@yahoo.com","blackstars"
"kboateng","Blackstars@2024!"
"priya.narang89@gmail.com","badmintongirl"
"pnarang","Badmintongirl#2024"
"sione_tui@yahoo.co.nz","allblacks9"
"stuipulotu","Allblacks9!Rugby"
"jorge.castillo85@yahoo.com","tigres85"
"jcastillo","Tigres85$$Const!"
"acampbell_survey@gmail.com","thistleguy"
"acampbell","Thistleguy!2024*"
"yuli_gomez@hotmail.com","salsaqueen"
"ygomez","Salsaqueen!2024#"
"d.petrenko@meta.ua","dnipro2011"
"dpetrenko","Dnipro2011!Kyiv#"
"ananya.sharma92@outlook.com","jaipurdiaries"
"asharma01","Jaipurdiaries2024#"
"mateo.valencia@yahoo.com","cafecito88"
"mhernandez3","Cafecito88!Work2024"
"devin.miller_drums@gmail.com","drumbeat101"
"dmiller5","Drumbeat101$School"
"priya.robotics@gmail.com","robothobby"
"ppatel9","RobotHobby@2024Safe"
"grace.kim.bakes@gmail.com","cupcakelove"
"gkim12","Cupcakelove!Class2024"
"amina.diop_dakar@gmail.com","senegalsun"
"adiop4","Senegalsun@Dakar2024"
"benwright.kayak@outlook.com","riverpaddler"
"bwright","RiverPaddler99!Aid"
"jorgesantos.fix@yahoo.com","gardentools"
"jsantos2","Gardentools#Facility1"
"chen.david.ai@gmail.com","bobaaddict"
"dchen","BobaAddict#Data2024"
"jandevries87@gmail.com","amsterdambike"
"jdevries","AmsterdamBike$HelpDesk"
"nneka.okonjo@gmail.com","lagosliving"
"nokonjo","LagosLiving!Q3Planning"
"kim.bora.seoul@naver.com","gangnamcat"
"bkim","GangnamCat@DesignSystem"
"z_suleiman92@gmail.com","kofikitten"
"zsuleiman","Kofikitten!2023"
"priya.patel.orders@gmail.com","aaravbaby"
"ppatel12","AaravBaby!Order2024"
"ingrid.b.schmidt@gmail.com","freyadog"
"ischmidt","FreyaDog2024!Euro"
"alejandro.gomez89@yahoo.es","guitarrero"
"agomez05","Guitarrero!2024Pos"
"maya.lin.retail@gmail.com","dumplingcat"
"mlin09","DumplingCat!Shift24"
"chloemartin.qs@yahoo.fr","chocolat77"
"cmartin8","Chocolat77$$Survey"
"zhang.jianping.hvac@163.com","harbinice9"
"jzhang5","Harbinice9$$Duct"
"luciarossi_stone@libero.it","firenze14"
"lrossi3","Firenze14#StoneWork"
"yuki_sato_gis@yahoo.co.jp","sapporo55"
"ysato4","Sapporo55@TopoPoint"
"marta_weld_sp@terra.com.br","ipanema22"
"msantos9","Ipanema22#SteelTorch"
"farahhaddad_hso@hotmail.com","beirutsun"
"fhaddad","Beirutsun2024!HSE#"
"olga.voronina.rig@mail.ru","taigaforest"
"ovoronina","Taigaforest#RiggingSafe1"
"linh.nguyen.bid@gmail.com","saigoncoffee"
"lnguyen","Saigoncoffee#SupplyOps24"
"tariq.mansur.roof@gmail.com","falafelwrap"
"tmansur","Falafelwrap#RoofingPro24"
"david.kiprono.paving@gmail.com","riftvalley94"
"dkiprono","Riftvalley94@PavingOps1!"
"liam.oconnor85@yahoo.ie","guinness08"
"loconno1","Guinness08$Bank"
"mateo_rossi@libero.it","vespa1988"
"mrossi02","Vespa1988!Work"
"dmiller_us@gmail.com","goldengod"
"dmille7","Goldengod!2024$"
"thabo.mbeki89@webmail.co.za","springbok"
"tmbeki2","Springbok2024!@"
"alejandro.vega@terra.com.mx","taquitos9"
"avega04","Taquitos9$Underwrite"
"jinwoo.park@naver.com","starcraft2"
"jpark19","Starcraft2#Corporate"
"henrik.nielsen@protonmail.com","odense84"
"hnielse","Odense84!Finance"
"sunitapatel_in@rediffmail.com","diwali2020"
"spatel5","Diwali2020#Mumbai"
"fatou.diop@africamail.sn","dakar2018"
"fdiop01","Dakar2018#Banque1"
"s.becker74@gmx.de","autobahn99"
"sbecker","Autobahn99!Frankfurt"
"nadia.c@post.ro","dracula07"
"ncoman1","Dracula07#SysAdmin"
"lfischer.tech@web.de","currywurst"
"lfische2","Currywurst2023!"
"pnair_analytics@yahoo.com","keralamonsoon"
"pnair1","KeralaMonsoon@2024"
"aoife.murphy.dublin@gmail.com","shamrock08"
"amurph3","Shamrock08$Work"
"kwame.mensah@gmail.com","blackstars9"
"kmensa1","Blackstars9@Corp"
"ingrid.lindholm@telia.com","fikafriday"
"ilindho","Fikafriday!Spring24"
"hanna.novak95@centrum.cz","pilsner95"
"hnovak2","Pilsner95!Summer!"
"sunita.rao.ai@gmail.com","masalachai"
"srao04","Masalachai#Office1"
"jluc.vance@laposte.net","croissant4"
"jvance5","Croissant4!!Croissant4"
"beatriz.santos.br@gmail.com","ipanema99"
"bsanto8","Ipanema99#Login2024"
"ananya.sharma@gmail.com","gulabjamun"
"asharm7","Gulabjamun@123456"
"gabriel.dupont@orange.fr","bordeaux33"
"gdupont","Bordeaux33#Enterprise"
"thao.nguyen.saigon@gmail.com","phosaigon"
"tnguye6","Phosaigon123!@#"
"horvath.emil@centrum.sk","tatramtns"
"ehorvath","Tatramtns#Corp2024"
"chen.zhu.sh@163.com","pandaexpress"
"zchen01","Pandaexpress*888"
"arthur.pendelton@gmail.com","rolexsub89"
"apendel","Rolexsub89@Alpha"
"amina.demir.ist@yandex.com","bosphorus01"
"ademir","Bosphorus01%Bank"
"kenji.sato.japan@yahoo.co.jp","midorizaka"
"ksato03","Midorizaka$2024"
"dani.moreau@videotron.ca","bagelmtl514"
"dmoreau","Bagelmtl514!Office"
"anya.petrov94@gmail.com","babushka"
"apetrov","Babushka*Winter2024"
"jbecker.berlin@gmail.com","technoberlin"
"jbecker","TechnoBerlin#SecOps1"
"ethan.hawkesmith@gmail.com","labradorrex"
"ehawkesmith","LabradorRex!Enterprise1"
"chao.zhang.safety@163.com","pandahero88"
"czhang","PandaHero88$$2024"
"minh_nv82@gmail.com","saigoncafe7"
"mvnminh","Saigoncafe7#2024!"
"mireille.dubois@orange.fr","marseille13"
"mdubois","Marseille13#SiteLog"
"elijah.campbell.builds@gmail.com","bassfishing77"
"ecampbell","Bassfishing77#Pass"
"ifeoma.okonjo@gmail.com","chinuaachebe"
"iokonjo","Chinuaachebe#2024$"
"sofia.alvarez.t@outlook.com","dulcedeleche"
"salvarezt","Dulcedeleche$2024!"
"zainab_husain_rt@gmail.com","karachibreeze"
"zhusain","Karachibreeze@VentCare1"
"f.elamrani@gmail.com","yasmin2011"
"felamrani","Yasmin2011$School"
"george.papadop@hotmail.gr","souvlaki01"
"gpapadopoulos","Souvlaki01!Produce"
"youssef.benali@wanadoo.fr","atlaslion"
"ybenali","Atlaslion*Shop2024"
"meiling.chow@gmail.com","dimsumlover"
"mchow","Dimsumlover99!Retail"
"tariq.m.tech@gmail.com","lahorecricket"
"tmahmo","Lahorecricket$2024"
"laurent_camille@free.fr","macaronparis"
"clauren","Macaronparis@2024!"
"freja.nielsen@proton.me","hyggelife"
"fnielse","Hyggelife#Denmark88"
"zoekvance@gmail.com","brooklyn112"
"zkravit","Brooklyn112$$Care"
"khadija.diop@yahoo.com","dakarvibes"
"kdiop","Dakarvibes*Welcome1"
"elena.rostova91@gmail.com","marley2012"
"erosto01","Marley2012!Bank"
"tariq.mansoor@outlook.com","falcon77"
"talmans2","Falcon77#Risk2024"
"mateo.alvarez.cr@gmail.com","santiago09"
"malvare1","Santiago09$$Bank"
"priyasharma.mumbai@gmail.com","gulabjamun"
"psharm02","Gulabjamun!Wealth1"
"kenji.sato.jp@yahoo.co.jp","godzilla98"
"ksato08","Godzilla98$$Tokyo"
"fatimah.abd@gmail.com","kuchingcat"
"fabdul01","Kuchingcat#Audit12"
"lucas.dupont@orange.fr","montpellier"
"ldupon06","Montpellier2024!Bank"
"sofia.rossi89@libero.it","vesparider"
"srossi03","VespaRider$2024!"
"ananya.quant@gmail.com","matrixcalc"
"achatt07","MatrixCalc#99Bank"
"kwesi.mensah@gmail.com","kofikofi"
"kmensa01","KofiKofi@Settlement1"
"ingrid.nilsson.stockholm@gmail.com","fika1234"
"inils02","Fika1234!!Treasury"
"cmendez.loans@gmail.com","canelo2018"
"cmende04","Canelo2018#Mortgage"
"cndayi93@gmail.com","safari22"
"cndayi01","Safari22$$FraudStop"
"zeynep.yilmaz.ist@gmail.com","galatasaray"
"zyilma05","Galatasaray*2024#"
"msantos.manila@gmail.com","barako2020"
"msanto02","Barako2020##Teller"
"j.vandermeer@ziggo.nl","amsterdam1"
"jvand03","Amsterdam1$$Derivs"
"thabo.molefe.za@gmail.com","orlando99"
"tmolef01","Orlando99!!Branch"
"beatrix.nagy.hu@gmail.com","budapest01"
"bnagy04","Budapest01$$Compliance"
"dmiller.cre@gmail.com","buckeye21"
"dmille08","Buckeye21!!CRE2024"
"hina.khan.karachi@gmail.com","biryani05"
"hkhan02","Biryani05#KYCOnboard"
"sato_takashi@outlook.jp","gundamrx78"
"tsato","Gundamrx78!!work"
"tariq_hadid@live.com","desertrally"
"thadid","Desertrally!Pour2024"
"ivan.petrov.welder@mail.bg","balkanheat"
"ipetrov","Balkanheat%Pipefit44"
"zara.ahmed@yahoo.co.uk","biryanirice"
"zahmed","Biryanirice!Admin2024#"
"ethan.wright@gmail.com","campingtrip"
"ewright","Campingtrip@Prod#101"
"nnamdi.azikiwe@gmail.com","lagoslife99"
"nazikiwe","Lagoslife99$Block!Chain"
"devendra.verma@gmail.com","cricketlegend"
"dverma","Cricketlegend#Sol2024!"
"rajesh_p82@rediffmail.com","cricketbat"
"rpatel2","Cricketbat@786#"
"ibrahim_d90@yahoo.fr","dakarsoleil"
"idiallo","Dakarsoleil#Aid2024"
"hyojung.park88@naver.com","starcraft2"
"hpark3","Starcraft2#Blizzard2024!"
"natan.goldberg@gmail.com","hummusbar"
"ngoldberg","Hummusbar!TelAviv2024#"
"lars.lindholm@spray.se","volvo240gl"
"llindh01","Volvo240gl!Work#"
"liam_gallagher_phleb@gmail.com","guinnessdraft"
"lgalla02","GuinnessDraft#123"
"sunita.diet@gmail.com","mangolassi7"
"srao4","MangoLassi7#Clinic"
"zanele_d@webmail.co.za","simbacub22"
"zdlamin","SimbaCub22@Maternity"
"niarobinsonpt@gmail.com","sunflowersun"
"nrobin01","SunFlowerSun!2024PT"
"aoife_murphy_cns@gmail.com","cloverfield3"
"amurph04","CloverField3!WardB"
"hanna.zielinska.pl@wp.pl","pierogilove7"
"hzieli","Pierogilove7&Ward"
"park.jongseok.kr@naver.com","sonheungmin7"
"jpark3","Sonheungmin7!ICU"
"davies.marcus@yahoo.com","corgilover"
"mdavies","Corgilover#2023!"
"sofiabenitez92@gmail.com","perroblanco"
"sbenitez","Perroblanco*2024!"
"beatrice.vane.oxon@gmail.com","tudorroses"
"bvane","Tudorroses#1485!UK"
"oliver.bennett.psy@gmail.com","mindfulness"
"obennett","Mindfulness@2024Help"
"kmensah.phleb@gmail.com","accra2020"
"kmensah3","Accra2020!Health"
"drpriyapatel@gmail.com","chaiislove"
"ppatel08","Chaiislove#2024!"
"jldubois88@orange.fr","alouette9"
"jdubois1","Alouette9!Ortho24"
"aiko.tanaka.pt@gmail.com","sakura04"
"atanaka5","Sakura04#Therapy!"
"samuel.osei.mls@gmail.com","chelseafc"
"sosei9","ChelseaFC!2023#Lab"
"amara.okafor@yahoo.com","sunshine07"
"aokafor2","Sunshine07!Clinic2024"
"dr.m.rossi@virgilio.it","intermilan"
"mrossi6","Intermilan#Doc2024!"
"dirk.vdm@kpnmail.nl","zeilboot8"
"dvandermeer","Zeilboot8@Facility1!"
"zeynepdemir.rd@gmail.com","zeytinya"
"zdemir3","Zeytinya#Diet2024"
"dr.tariq.hashimi@gmail.com","baghdad01"
"talhashimi","Baghdad01$Medical24"
"ingrid.bsoto@gmail.com","mangoice7"
"isoto2","Mangoice7!Research1"
"hanh.nguyen.rev@gmail.com","saigonbaby"
"hnguyen8","Saigonbaby@Billing24!"
"lmorales.nicunurse@gmail.com","peque2019"
"lmorales1","Peque2019!NicuCare"
"l.moretti.urb@gmail.com","Vesuvio92"
"lmoretti","Vesuvio92!Progetto"
"minh.steel82@gmail.com","PhoGaSpecial"
"vminh","PhoGaSpecial#2024"
"eeva.korhonen@luukku.com","SaunaLover"
"ekorhonen","SaunaLover2024#Nordic"
"z.hosseini.cost@gmail.com","ShirazRose"
"zhosseini","ShirazRose#CostEstimate"
"eleni.pap1988@gmail.com","souvlaki99"
"epapan","Souvlaki99!Bank"
"priya.nataraj@outlook.com","diwalisweets"
"pnatar","DiwaliSweets@108"
"olga.ivanova.spb@mail.ru","siberiancat"
"oivano","Siberiancat!999$"
"tariq_adeleke@gmail.com","arsenalgunners"
"tadele","Arsenalgunners#14!"
"kavita.rao92@yahoo.com","bangalorerain"
"krao01","BangaloreRain*1992"
"noah.meyer.zurich@bluewin.ch","matterhorn44"
"nmeyer","Matterhorn44!Swiss"
"jack.davies.cardiff@gmail.com","rugbyunion"
"jdavie","Rugbyunion#2024!"
"hannah.campbell@edinburgh.co.uk","goldenretriever"
"hcampb","Goldenretriever@01!"
"bea_gomez_madrid@yahoo.es","sangriasummer"
"bgomez","Sangriasummer%2024"
"mariagonzalez_82@hotmail.com","canela2012"
"mgonzalez","Canela2012!Admin"
"tariq.m.hist@gmail.com","pyramids"
"tmahmoud","Pyramids@Faculty1"
"brian.macintyre@gmail.com","scotland78"
"bmacintyre","Scotland78#HighSchool"
"soren.nielsen.dk@gmail.com","vikingrock"
"snielsen","Vikingrock!Media2024"
"priya.sharma.rx@gmail.com","masalachai9"
"psharma7","Masalachai9#RxDept"
"jihoon.park94@naver.com","sojuweekend94"
"jhpark3","Sojuweekend94!ICUcare"
"clara.dubois.pt@laposte.net","croissant82"
"cdubois9","Croissant82*RehabPT"
"chihiro_sato@outlook.jp","matchatea10"
"csato5","Matchatea10#HealthRec"
"ananya.sen.eng@gmail.com","darjeeling03"
"asen4","Darjeeling03!Biomedical"
"zoe_b_nurse@gmail.com","goldendoodle7"
"zbennett6","Goldendoodle7!StJude"
"bia.santos.nutri@gmail.com","maracuja89"
"bsantos3","Maracuja89@Dietetics"
"sunyoung.kim.crc@gmail.com","gangnamcafe1"
"sykim2","Gangnamcafe1!Research"
"gabriel_pa_life@gmail.com","ipanema95"
"gsilva0","Ipanema95*Clinical"
"lucas.moreau@mail.fr","velofrance"
"lmoreau","VeloFrance#2024"
"fatimah.youssef@webmail.my","kucingcomel"
"fyoussef","KucingComel@2024!"
"hanakim98@daum.net","pinklipstick"
"hkim02","PinkLipstick@2024"
"nkechiadeleke@gmail.com","jollofrice"
"nadeleke","JollofRice$2024#"
"ingrid.larsson@telia.com","kanelbulle"
"ilarsson","Kanelbulle#Store24"
"kwame.asante.accra@gmail.com","kumasiwarriors"
"k_asante","Kumasiwarriors#2024"
"yasmin.hassan.cairo@gmail.com","zamaleksc22"
"yalhassan","Zamaleksc22#Admin2024"
"hannah.vanderberg@ziggo.nl","stroopwafel11"
"hvanderberg","Stroopwafel11!Clinic"
"siobhan_oc@proton.me","cloverField"
"soconn","CloverField2024!Audit"
"mateo.fernandez92@gmail.com","dulcedeleche"
"mferna","Dulcedeleche#1234Bank"
"jinwoo.park.quant@naver.com","starcraft99"
"jwpark","Starcraft99!!ModelRisk"
"ananya.rao.tech@gmail.com","gulabJamun1"
"arao02","GulabJamun1@Secure#24"
"zeynep.kaya.ist@gmail.com","bosphorus7"
"zkaya3","Bosphorus7!Report2024"
"dmurphy.dublin@gmail.com","wicklowHike"
"dmurph","WicklowHike2024!Lending"
"thandi.ndlovu@gmail.com","jacaranda12"
"tndlov","Jacaranda12#KYCsecure!"
"b.moretti.milan@gmail.com","vespaRed01"
"bmoret","VespaRed01!Compliance$"
"sam.cohen.ny@gmail.com","brooklynBagel"
"scohen","BrooklynBagel!Risk2024#"
"garethdavies_rugby@outlook.com","cardiffrugby"
"gdavies","CardiffRugby1876#"
"pavel.novak@seznam.cz","plzenpivo"
"pnovak","Plzenpivo2024@!"
"nadia_petrov95@abv.bg","sunnybeach"
"npetrov","Sunnybeach@2024!"
"ethan.cole98@gmail.com","chelsea98"
"ecole01","Chelsea98!Banking#"
"olga.smirnova.spb@mail.ru","kotikmurzik"
"osmirnov","Kotikmurzik!1991"
"nurul.huda.my@gmail.com","rendangenak"
"nhuda01","Rendangenak@Fintech1"
"chloe.martin.nz@gmail.com","marmalade14"
"cmartin2","Marmalade14#Settlement"
"tariq.hashimi@outlook.com","falcondesert"
"thashimi","Falcondesert$Wealth1"
"luciana.morales.baires@gmail.com","mateamargo"
"lmorales","Mateamargo#WireTransfer"
"sunhee.park.kr@naver.com","kimbaplunch"
"shpark1","Kimbaplunch!OpsRisk"
"rachelgreenbaum@gmail.com","bagelsmear"
"rgreenbaum","Bagelsmear@Diet123"
"jlmercier87@orange.fr","trottinette"
"jmercier","Trottinette!1234"
"pilar.gomez.kids@hotmail.com","tortillapatata"
"pgomez","Tortillapatata#EarlyEd"
"klindner_berlin@web.de","waldmeister99"
"klindner","Waldmeister99!2024"
"shpark.style@naver.com","borahae0613"
"spark88","Borahae0613!!Summer"
"beatriz_silva_sp@uol.com.br","pipocadocinho"
"bsilva05","Pipocadocinho2023*"
"amina_alhassan@live.com","safariqueen"
"aalhassa","Safariqueen#2024"
"nikki.papas.ath@gmail.com","santoriniblue"
"npapas3","Santoriniblue$100"
"jack.tremblay.mtl@outlook.com","poutineking1"
"jtrembla","Poutineking1@Receiving"
"linh.nguyen.hcm@gmail.com","cafesuada9"
"lnguyen44","Cafesuada9!!Returns"
"sara.lindholm.sthlm@spray.se","fikadags14"
"slindhol","Fikadags14!RetailStore"
"sid.nair@gmail.com","bullet350cc"
"snair0","Bullet350cc@Audit"
"amina_bello@hotmail.com","lagosvibes1"
"abell2","LagosVibes1!Access"
"ewa.kowalska@onet.pl","krakowpiesek"
"ekowal","KrakowPiesek#123"
"nia.roberts@cardiffnet.co.uk","daffodil2018"
"nrober","Daffodil2018%Bank"
"jorge_gutierrez@prodigy.net.mx","chivascampeon"
"jgutie","ChivasCampeon!99"
"zainab_q@fastmail.com","karachichai"
"zqures","KarachiChai$2024"
"arjun.patel01@outlook.com","currypower42"
"apatel9","CurryPower42@Corp"
"thanh_nguyen85@fpt.vn","saigonpho88"
"tnguye4","SaigonPho88$$Work"
"zoe.vandermerwe@mweb.co.za","proteaflower"
"zvandermerwe","Proteaflower#Eco1"
"einar.lindholm@gmail.se","mjolnir77"
"elindholm","Mjolnir77#Steel"
"marekhorvath.bl@centrum.sk","tatramtns"
"mhorvath","Tatramtns!Demo99"
"hassan.raza.pk@yahoo.com","biryaniking"
"hraza","Biryaniking@Work!1"
"mikhail.popov.sec@yandex.ru","redsquare7"
"mpopov","Redsquare7!Login123"
"aris.thorne.md@gmail.com","perseus2012"
"athorne","Perseus2012!Med"
"bea.ortiz.diet@gmail.com","aguafresca"
"bortiz","AguaFresca!Nutrition#1"
"sjackson.read@gmail.com","gatsbygreen"
"sjackson","Gatsbygreen@Light1925!"
"anastasiya.iva@mail.ru","barsik2018"
"aivanova","Barsik2018!Secure"
"tariq.hashimi@gmail.com","falconeye"
"talhash","Falconeye#2024!"
"sophie.vdb@kpnmail.nl","stroopwafel"
"svanderb","Stroopwafel2024!"
"ingrid.lindqvist@telia.se","fikapaus01"
"ilindqvi","Fikapaus01!Work"
"aysha.tech@gmail.com","biryaniking"
"asiddiq","Biryaniking@Retail1"
"b.moreau@orange.fr","macarons92"
"bmoreau","Macarons92#Store"
"hiba.khoury@gmail.com","cedarspring"
"helkhour","Cedarspring#Retail9"
"fiona.campbell@btinternet.com","piperdog09"
"fcampbel","Piperdog09!Glasgow"
"liam.oconnor77@yahoo.ie","shamrock08"
"locon1","Shamrock08$Dublin"
"cmendoza_bogota@hotmail.com","millonarios"
"cmendo1","Millonarios#2024!"
"yuki.tanaka.jp@gmail.com","shiba_kento"
"ytanak2","Shiba_kento#Tokyo99"
"f.alzahrani@gmail.com","jasminetea"
"falzah1","JasmineTea#Spring24"
"lucas.silva.rio@globo.com","flamengo81"
"lsilva5","Flamengo81$$Finance"
"henrik.lindqvist@mail.se","fikaforlife"
"hlindq1","Fikaforlife#Stockholm1"
"artem.sokolov@yandex.ru","taigaforest"
"asokol1","Taigaforest#BankSec99"
"nkechi_adeleke@yahoo.com","egusisoup"
"nadele2","Egusisoup!Lagos2024"
"jonas.vandenberg@telenet.be","trappistale"
"jvande1","Trappistale$Brussels1!"
"dmacleod_highland@sky.com","bagpipes44"
"dmacle1","Bagpipes44!Edinburgh"
"zsombor.kovacs@freemail.hu","balatonlake"
"zkovac1","Balatonlake#Budapest9"
"aaliyah.brooks@gmail.com","peaches2011"
"abrook3","Peaches2011$Atlanta1"
"h.sato.fin@gmail.com","matchaice"
"hsato02","Matchaice#TokyoFx2024"
"sunita_pt@rediffmail.com","diwali05"
"spatel4","Diwali05#Clinic"
"thierry.dubois71@wanadoo.fr","bordeaux92"
"tdubois","Bordeaux92!MedSafe"
"ingrid.vandermeer@ziggo.nl","tulpen22"
"ivanderm","Tulpen22!Safety*"
"volkov_sergei@mail.ru","baikal85"
"svolkov","Baikal85#Testing!"
"agomez_bogota@yahoo.es","cafecito"
"agomez9","Cafecito#2024$Cardio"
"ananya.sen@kolkata.net","rasgulla"
"asen3","Rasgulla!1234#"
"dr.chloemartin@orange.fr","provence08"
"cmartin5","Provence08$Doctor"
"greta.mueller@gmx.de","schokolade"
"gmuelle","Schokolade2024!Rx"
"hannah.midwife@btinternet.com","daisycat"
"hcampbe","Daisycat2024!Baby"
"mateorossi_vr@libero.it","juventus77"
"mrossi9","Juventus77#Store1"
"oliver.jones.uk@outlook.com","arsenalgunner"
"ojones3","Arsenalgunner@01!"
"elena_ivanova88@mail.ru","matryoshka"
"eivanova1","Matryoshka$2024*"
"park.jihoon94@daum.net","taekwondo1"
"jpark5","Taekwondo1#Dept2"
"emily.davis.retail@gmail.com","goldenhoney"
"edavis7","Goldenhoney$1234"
"hassanraza_pk@yahoo.com","cricketbat"
"hraza2","Cricketbat#Retail24"
"zoe_tremblay@videotron.ca","poutine101"
"ztremblay","Poutine101!Sales#"
"kavita_sharma@yahoo.co.in","masalachai"
"ksharma3","Masalachai#2024!"
"bella.gomez.fl@hotmail.com","fluffycat7"
"igomez1","Fluffycat7#StoreAccess"
"tanaka.hiroshi.photo@yahoo.co.jp","sakura04"
"htanaka2","Sakura04!Spring2024"
"deepak_cricket11@outlook.com","tendulkar"
"dpatel3","!Tendulkar#100ton"
"jonas.jonaitis.v@inbox.lt","vilnius05"
"jjonaiti","Vilnius05$WardPsych!"
"david.kim.surfer@daum.net","busanwaves"
"dkim09","Busanwaves!ORSurgery1"
"loconnor_dublin@hotmail.com","guinness04"
"loconn9","Guinness04&StJamesGate"
"lweber.berlin@gmx.de","kebabberlin"
"lwebe7","Kebabberlin!10115#Safe"
"hanna.lindqvist@tele2.se","fikafriday"
"hlindq4","Fikafriday*Stockholm24"
"sven_jansen85@ziggo.nl","stroopwafel"
"sjanse9","Stroopwafel!Gouda2024#"
"olga.kowalska@onet.pl","tatryhiking"
"okowal1","Tatryhiking&Poland2024!"
"arjun_patel90@gmail.com","ahmedabad1990"
"apate7","Ahmedabad1990$Workstation!"
"yuki.tanaka77@infoseek.jp","onigiri77"
"ytanak4","Onigiri77*TokyoSecure#"
"zainab.khatib@gmail.com","shawarmahot"
"zalkha2","Shawarmahot!AmmanWork#"
"nia.williams89@outlook.com","bluejay89"
"nwilli8","Bluejay89@TorontoOffice!"
"v.horvath@freemail.hu","goulashsoup"
"vhorva5","Goulashsoup*Budapest2024!"
"rajesh_kulkarni@yahoo.co.in","punerider82"
"rkulkarni","PuneRider82$$Campus"
"piotr.wiz@onet.pl","quantumfrog"
"pwisniewski","Quantumfrog@Lab99"
"hassan_alfassi@gmail.com","medinaancient"
"halfassi","Medinaancient$HighSchool"
"linazhang85@163.com","xiaolongbao8"
"lzhang","Xiaolongbao8!EnglishEdu"
"zoya.ivanova90@yandex.ru","pushkin01"
"zivanova","Pushkin01#ICUshift!"
"nieminen.arvo@kolumbus.fi","saunatime05"
"anieminen","Saunatime05#Sterile1"
"zainab.tariq@protonmail.com","karachikid"
"ztariq","KarachiKid!Canvas24"
"lars.vandermeer.ams@gmail.com","windmill77"
"lvandermeer","Windmill77#HistoryRoom"
"katia.smirnova.phys@gmail.com","sputnik61"
"esmirnova","Sputnik61#LabResearch"
"keanu.crafts@gmail.com","woodturner"
"kreeveson","WoodTurner@Shop101!"
"sophia.ramirez.peds@gmail.com","charliebear08"
"sramirez2","Charliebear08!Med"
"mateo_surf_silva@hotmail.com","copacabana10"
"msilva1","Copacabana10*EMS"
"ananya_dna@gmail.com","diwalilight"
"asharma8","Diwalilight@2025"
"ravi.naidoo.durban@gmail.com","sharkswin07"
"rnaidoo","Sharkswin07@Ward"
"grace_kim_trials@gmail.com","hanbokgirl"
"gkim5","Hanbokgirl#Study1"
"murphy.finnian.ems@outlook.com","dublindawg"
"fmurphy","Dublindawg#Rescue"
"zainab.hashimi@example.com","greentea33"
"zalhashimi","Greentea33##Diet24"
"camille.laurent.fr@example.fr","chocolatnoir"
"claurent","Chocolatnoir2024!#"
"noor.alzahra@example.ae","starlight9"
"nalzahra","Starlight9!!Analytics"
"maya.patel.uk@example.co.uk","peacock22"
"mpatel","Peacock22$$RenalCare"
"asante.kwame@outlook.com","chelseafc99"
"kwasan","ChelseaFC99#Corp!"
"carlos.gomez.v@yahoo.com","bocajuniors"
"cgomezv","BocaJuniors2024!#"
"zainab_badawi@yahoo.com","hibiscustea"
"zbadaw","Hibiscustea!Enterprise1"
"pavlov.dima@mail.ru","redoctober"
"dpavlov","RedOctober2024!Admin"
"soraya.nour@gmail.com","bookworm85"
"snour0","Bookworm85!Docs2024"
"adeyemi.oluwaseun@gmail.com","lagosballer"
"oadeye","Lagosballer2024$$Corp"
"kowalska.hanna@wp.pl","pierogilove"
"hkowal","Pierogilove@Workplace1!"
"yuki.tanaka@gamenet.jp","zeldafan99"
"ytanak","Zeldafan99!StudioPass"
"sarahj_nurse@comcast.net","goldieretriever"
"sjenkins2","GoldieRetriever!Np1"
"cmendez_chivas@yahoo.com","chivas1906"
"cmendez1","Chivas1906!Logistics"
"mgoldblum@optimum.net","bagellover"
"mgoldblum","BagelLover#OTclinic"
"dayo.adeyemi@yahoo.com","lagoscity"
"dadeyemi","LagosCity!Dialysis1"
"sofia.morales.cr@gmail.com","puravida"
"smorales2","PuraVida2024!#"
"minh_mobile@gmail.com","pho24bo"
"nminh","Pho24bo!SecurePass"
"hanna.zielinska@interia.pl","pierogilove"
"hzawadzka","PierogiLove!2024#"
"nia.evans.wales@gmail.com","snowdonia"
"nevans2","Snowdonia!Work2024"
"hannah.berg.berlin@web.de","apfelstrudel"
"hberg","Apfelstrudel$100"
"amina.mansoor92@outlook.com","yasminflower"
"aalman819","Yasminflower#2024"
"liam_hurling_fan@yahoo.ie","hurlingchamp"
"loconn112","Hurlingchamp$1234"
"spatel.mumbai@gmail.com","chailatte08"
"spate992","Chailatte08!Work"
"chloe.artdubois@free.fr","monchervalentin"
"cdubo304","Monchervalentin@01"
"kenjisato_retro@yahoo.co.jp","gundamwing95"
"ksato518","Gundamwing95!Shift"
"elena_spb89@mail.ru","solnishko89"
"erost221","Solnishko89#Store"
"marcus.j.hoops@gmail.com","bullsnation"
"mjohn607","BullsNation*2024!"
"daehyun.gaming@naver.com","starcraftpro"
"dpark110","Starcraftpro#99Logistics"
"ananya_books96@gmail.com","potterhead07"
"ashar339","Potterhead07$Retail"
"gsantos_surf@hotmail.com","praiadotombo"
"gsant552","PraiaDoTombo#123"
"tariq_cairo88@yahoo.com","ahlyclub88"
"tmans445","Ahlyclub88@Service"
"zara.chen.tech@gmail.com","bobaaddict"
"zchen920","Bobaaddict!2024POS"
"kofi.kumasi@live.com","blackstars10"
"kmens671","Blackstars10#Warehouse"
"smurphy_galway@eircom.net","wildatlantic"
"smurp883","WildAtlantic$2024"
"morales.alejo@gmail.com","guitarraacustica"
"amora249","Guitarraacustica!1"
"luka_zagreb@net.hr","dinamozg1986"
"lhorv319","Dinamozg1986@Shift1"
"mlzhou_tea@qq.com","greentealover"
"mzhou012","GreenTeaLover#2024"
"josh.miller.outdoors@gmail.com","campingweekend"
"jmill482","Campingweekend@Night!"
"nia_lagos@yahoo.com","suyaandjollof"
"nadeb715","Suyaandjollof*100%"
"carlitos.gomez84@hotmail.com","perritotoby"
"cgome633","Perritotoby$Cash24"
"thao.nguyen.hcmc@gmail.com","phohanoi2020"
"tnguy558","Phohanoi2020!Office"
"hannah.krause.berlin@web.de","schokolade99"
"hkrau901","Schokolade99#Supermarket"
"chen.jp99@163.com","badminton7"
"jchen","Badminton777!!"
"ortiz.alejandro77@hotmail.com","maderafina"
"aortiz","Maderafina2024#"
"hanna.nowak@poczta.fm","tatramountains"
"hnowak","Tatramountains01!"
"youssef.masri@yahoo.fr","cairobridge"
"yelmasri","Cairobridge123$"
"brooke.taylor@optusnet.com.au","goldenretriever"
"btaylor","Goldenretriever2024!"
"priyabala.bio@outlook.com","dosalover12"
"pbala2","#DosaLover12!2024"
"chenwei_rx@163.com","bubbletea8"
"wchen8","BubbleTea8!!Pharm"
"k.asante.pt@gmail.com","chelsea1995"
"kasante3","Chelsea1995@Rehab"
"sofia.hndez@hotmail.com","chihuahua07"
"shernandez9","Chihuahua07##Lab"
"taka.sato82@gmail.com","gundamfan7"
"tsato1","Gundamfan7!Hospital"
"nia.williams89@yahoo.com","cupcakes22"
"nwilliams6","Cupcakes22&HIMrecords"
"jldubois65@orange.fr","croissant44"
"jdubois8","Croissant44??Health"
"ananya.sen.icu@gmail.com","rasgulla84"
"asen5","Rasgulla84$$CriticalCare"
"lucas.vandenberg@ziggo.nl","oranje2010"
"lvandenb","Oranje2010!!Ambulance"
"yuki.tanaka94@gmail.com","matchalatte3"
"ytanaka4","MatchaLatte3##Sono"
"carlos_mendoza01@gmail.com","jalapeno18"
"cmendoza7","Jalapeno18$$Patient"
"minjun.park.tech@naver.com","starcraft99"
"mpark0","Starcraft99$$ITDesk"
"isabella.rossi.md@gmail.com","gelato2021"
"irossi3","Gelato2021!!NICU"
"m_becker_berlin@gmx.de","currywurst44"
"mbecker","Currywurst44!Totalstation"
"jtaylor_music@hotmail.com","bassguitar8"
"jtaylor","Bassguitar8$$Aid"
"nushivarma@gmail.com","mangoseason"
"nvarma","Mangoseason@2024!"
"miriam.gold@gmail.com","bagelcream"
"mgold","Bagelcream@Release2024"
"gaby.castro@gmail.com","churros99"
"gcastro","Churros99!Helpdesk2024"
"thandi.khumalo@webmail.co.za","jacaranda"
"tkhumalo","Jacaranda#SafeClinic24"
"kavita.nair88@yahoo.com","monsoontea"
"knair","Monsoontea#2024Eng"
"aga_kowalska@interia.pl","tatramountains"
"akowalska","TatraMountains#Safety1"
"b.dubois.design@free.fr","chocolatnoir"
"bdubois","Chocolatnoir&Const2024"
"mariamkourouma9@gmail.com","conakrysun"
"mkourouma","Conakrysun$$DemoSite2"
"zdenek.scaffold@centrum.cz","plzenpivo"
"zpospisil","Plzenpivo&Scaffolding8"
"mirela_ionescu@yahoo.com","draculacastle"
"mionescu","DraculaCastle$$Audit23"
"fatimah.yasin@gmail.com","kucingoren"
"fyasin","Kucingoren$2024!"
"ana.morales.env@gmail.com","tortuga99"
"asmorales","Tortuga99$$Enviro"
"bridget.ndebele@gmail.com","sunflower12"
"bndebele","Sunflower12!!Logistics"
"soraya.ghasemi@gmail.com","shiraz2015"
"sghasemi","Shiraz2015#Struct!"
"marko.nikolic89@sbb.rs","rakija100"
"mnikolic","Rakija100##DemoJob"
"mateo.hndez91@outlook.com","tigreblanco"
"mhernandez1","Tigreblanco!2024$"
"arjun.rao.blr@gmail.com","masaladosa"
"arao1","Masaladosa$99Lab!"
"cami_morales89@gmail.com","perrolindo"
"cmorales5","Perrolindo!Resp2024"
"andreas.pap@in.gr","aegeanblue"
"apapandreou","Aegeanblue1975!Bones"
"yulia.morozova@ukr.net","kalynared"
"ymorozova","Kalynared$Clean2024!"
"priya.bala88@yahoo.com","kannan2015"
"pbala01","Kannan2015@Secure1"
"sam.osei78@gmail.com","kumasi2020"
"sosei1","Kumasi2020$$Lock"
"cmendoza_bogota@outlook.com","millonarios14"
"cmendoza02","Millonarios14!!Safe"
"park.jihoon1992@naver.com","starcraft99"
"jhpark7","Starcraft99$$2024"
"amina.diop90@gmail.com","dakarplage"
"adiop6","Dakarplage#2023!W"
"oliversmith_95@btinternet.com","arsenalgunner"
"osmith12","Arsenalgunner123!@"
"ananya.desai85@rediffmail.com","diwalisweets"
"adesai8","Diwalisweets@999$"
"guisilva.sp@uol.com.br","flamengo1981"
"gsilva4","Flamengo1981!!Bank"
"tariq_haddad@yahoo.com","cedar2019"
"thaddad2","Cedar2019$$Finance"
"zoe.papadop@hotmail.gr","santorini08"
"zpapadop","Santorini08!Legal$"
"liam.nguyen93@gmail.com","pho24bo"
"lnguyen11","Pho24bo##Pass2024"
"sipho.ndlovu89@webmail.co.za","orlandopirates"
"sndlovu5","Orlandopirates*99!"
"astrid.sorensen@mail.dk","havfrue01"
"asorensen","Havfrue01$$Nordic"
"fahad_zahrani@gmail.com","jeddahsunset"
"falzahrani","Jeddahsunset@2024#"
"monika.kowalska91@onet.pl","krakowwawel"
"mkowalska2","Krakowwawel!@2023"
"inez.creates@gmail.com","ceramica07"
"imorales","Ceramica07!Studio"
"bcoop_fishing@gmail.com","bassmaster"
"bcooper","Bassmaster!Work01"
"farhan.akhtar91@rediffmail.com","karachiking"
"fakhtar","Karachiking#12345"
"camila.santos.cloud@gmail.com","ipanema2016"
"csantos","Ipanema2016@Secure"
"takahashi.aoi@gmail.com","matchalatte8"
"atakah","Matchalatte8!2024"
"chloe.lefebvre@free.fr","petitprince3"
"clefeb","PetitPrince3%RxDesk"
"linzhu_87@qq.com","sweetbubbletea"
"lzhu01","SweetBubbleTea@Phleb24"
"amara.diallo@laposte.net","dakarvibes12"
"adiall","DakarVibes12!Nutrition"
"kavita.nair.pt@gmail.com","monsoonrain5"
"knair2","MonsoonRain5#Therapy!"
"snovak.med@seznam.cz","tatramountains"
"snovak","TatraMountains@Gas2024"
"mariana_m_94@live.com","chihuahua14"
"mmoral","Chihuahua14$Health"
"greta.weiss@web.de","schwarzwald6"
"gweiss","Schwarzwald6#Hygiene1"
"amoretti75@gmail.com","forzaitalia90"
"amoret","ForzaItalia90$Safety"
"cherif_leila@yahoo.fr","couscousparty"
"lcheri","CouscousParty#Ward4B"
"dkim_anesthes@gmail.com","fenderstrat88"
"dkim03","FenderStrat88!SurgiCare"
"kmensah_accra@yahoo.com","kofi2012"
"KMENS01","Kofi2012$Accra#"
"ingrid.bergman.de@web.de","pretzeltree"
"IBERG0","Pretzeltree!99Bank"
"nnamdi.eze.fin@gmail.com","lagosvibes"
"NEZE08","Lagosvibes#2024Secure"
"gdubois.paris@orange.fr","croissant7"
"GDUBOI","Croissant7@Paris123"
"jamal.hassan93@gmail.com","karakchai"
"JALHAS","Karakchai!Trade2024"
"r.kovacs.bp@gmail.com","balaton06"
"RKOVAC","Balaton06#Protect$"
"beatriz.ramos.rio@uol.com.br","samba2010"
"BRAMOS","Samba2010!Global#"
"henrik.nielsen.cph@mail.dk","hygge2019"
"HNIELS","Hygge2019@Finans!"
"linh.nguyen.hcmc@gmail.com","phohoat90"
"LNGUYE","Phohoat90#BankSafe!"
"d.tanaka88@gmail.com","ramenlover14"
"dtanaka","Ramenlover14@Work"
"siddharth.rao@rediffmail.com","primespiral"
"srao_math","Primespiral_31415"
"ananyasharma_95@gmail.com","gulabjamun"
"asharma_adm","Gulabjamun@100%"
"seanmaccarthy@eircom.net","shamrockrover"
"smaccarthy","Shamrockrover&01"
"hana.husseini@gmail.com","olivebranch3"
"halhusseini","Olivebranch3!2024"
"sven.devries@kpnmail.nl","tulipbike7"
"sdevries","Tulipbike7@Werk24"
"yuki.mori.chem@gmail.com","matchatea22"
"ymori_lab","Matchatea22??Chem"
"olumide.balogun@yahoo.com","lagosbeast"
"obalogun","Lagosbeast_2024!"
"nurse_maria_s@gmail.com","fluffybunny01"
"msantos_nurse","Fluffybunny01#Clinic"
"jldupont@free.fr","velofrance"
"jldupont","Velofrance#2024Paris!"
"biasilva_sp@gmail.com","pipoca12"
"bsilva5","Pipoca12#Banco2024"
"chloe.tremblay@videotron.ca","poutine77"
"ctrembl","Poutine77#Montreal1!"
"farhan.siddiqui@gmail.com","biryani05"
"fsiddiq","Biryani05$Liquidity!"
"marta.kowalska@op.pl","pierogi04"
"mkowalsk","Pierogi04#Settlement$"
"fatimah.hassan@fastmail.com","calligraphy8"
"fhassan","Calligraphy8$$2024"
"igor.smirnov.code@yandex.com","spartakwin"
"ismirnov","SpartakWin_2024!OK"
"thomas.mueller.tech@web.de","feuerwehr112"
"tmueller","Feuerwehr112#Secure"
"zainab.siddiqui@gmail.com","chaiandbooks"
"zsiddiqui","Chai&Books_Winter24!"
"hanna.lindholm@outlook.se","fikatime8"
"hlindholm","FikaTime8!!Enterprise"
"tariq_hasan@fastmail.com","biryanilove"
"thasan","BiryaniLove$Shift"
"varga.nikolett@freemail.hu","balatonnyar"
"nvarga","BalatonNyar!Store8"
"grace.kimani85@gmail.com","serengeti01"
"gkimani","Serengeti01!RetailHR"
"isla_macleod@scotnet.co.uk","highlandshea"
"imacleod","HighlandShea@Floor"
"amara.nnamdi@gmail.com","enugu2010"
"annamdi","Enugu2010$Geotech"
"ramesh_sharma77@rediffmail.com","jaipur77"
"rsharma","Jaipur77#Build*"
"gabrielosei44@yahoo.com","blackstars"
"gosei","Blackstars#2024!"
"dani_jackson82@gmail.com","mustang67"
"djackson","Mustang67#Work!"
"david.chen.sf@gmail.com","bobatea2020"
"dchen4","Bobatea2020!Corp$"
"carlossilva_rio@globo.com","flamengo10"
"csilva04","Flamengo10@WorkSafe"
"swpark_korea@naver.com","kimchijjigae"
"spark22","Kimchijjigae!Blood1"
"sjenkins.crafts@gmail.com","biscuitcat"
"sjenkins_sped","Biscuitcat123$$$"
"f.diop.dakar@yahoo.fr","teranga221"
"fdiop_lib","Teranga221!Books"
"csilva_rio@gmail.com","flamengo81"
"csilva_adm","Flamengo81!Welcome"
"nkowalski.psy@interia.pl","pierogi_love"
"nkowalski","Pierogi_love2024!$"
"davidchen.seattle@gmail.com","mariners95"
"dchen_dean","Mariners95#School!"
"lucas.jensen.cph@gmail.com","vikingboat"
"ljensen","Vikingboat1066!?"
"jorge.morales.tech@gmail.com","stratocaster"
"jmorales_it","Stratocaster@2024!"
"maria.santos.mnl@yahoo.com","halo_halo"
"msantos_sl","Halo_halo2024!Campus"
"ben.miller.curric@gmail.com","trailrunner"
"bmiller_curr","Trailrunner#2024!"
"zainab.q.sci@gmail.com","emerald_gem"
"zqureshi_lab","Emerald_gem#Chem24"
"alistair.macleod.edin@gmail.com","bagpipes42"
"amacleod","Bagpipes42!Office"
"camila.vega.sw@gmail.com","canela_perro"
"cvega_sw","Canela_perro@2024!"
"yuki_mori_kyoto@gmail.com","sakurabloom"
"ymori","Sakurabloom@Class1A"
"jpblanc.lyon@laposte.net","bordeauxwine"
"jblanc","Bordeauxwine!Dept2023"
"oliver.taylor.uk@gmail.com","hamiltonfan"
"otaylor","Hamiltonfan!Stage24"
"zoe.papan.ath@gmail.com","santorini9"
"zpapantoniou","Santorini9!AthensEdu"
"clara.lindqvist.sthlm@gmail.com","fikapausen"
"clindqvist","Fikapausen!EcoCampus24"
"khadija.mansoor@yahoo.com","karakchai3"
"kalmansoor","Karakchai3$$Costing"
"c.delgado76@yahoo.com","golazo9"
"cdelgado","Golazo9!Principal24"
"amercer.athletics@gmail.com","ironman99"
"amercer","Ironman99!Coach2024"
"hakeem.zahra@gmail.com","falafel99"
"hzahra","Falafel99$ScienceDean"
"priya.sharma88@gmail.com","gulabjamun88"
"psharm01","Gulabjamun88!#2024"
"jpdubois.bx@yahoo.fr","bordeaux94"
"duboisj","Bordeaux94$$Bank"
"sofi_rdgz92@outlook.com","gatitolindo"
"srodrigu","Gatitolindo#2024!"
"tariq.almansoor@hotmail.com","arsenalfan1"
"almansot","ArsenalFan1@Treasury"
"katya.ivanova@mail.ru","matryoshka12"
"ivanove1","Matryoshka12!!Audit"
"haruto.takahashi87@yahoo.co.jp","narutofan8"
"takahashh","NarutoFan8&Tokyo!"
"rossi_elena91@libero.it","gelatocaffe"
"rossiel","GelatoCaffe2024!!"
"marcus.lindqvist@telia.com","volvov70turbo"
"lindqvm","VolvoV70Turbo#01"
"fzhaddad@yahoo.com","tajinemelody"
"haddadfz","TajineMelody99$$"
"carlos.silva.fla@uol.com.br","flamengo1981"
"silvac02","Flamengo1981@Ibank"
"sarahj_dogs@btinternet.com","daisypuppy"
"jenkinss","DaisyPuppy2024!"
"ducnguyen.hanoi@gmail.com","hanoicoffee7"
"nguyendv","HanoiCoffee7##Kyc"
"ananya.patel.tech@gmail.com","diwalilight"
"patelan","DiwaliLight2024@Admin"
"lucas.novak.prg@seznam.cz","pilsnerurquell"
"novakl01","PilsnerUrquell12#$"
"amira_yilmaz@hotmail.com","bosphorus90"
"yilmaza","Bosphorus90**Bank"
"bkatz.ny@gmail.com","metsfan1986"
"katzb01","Metsfan1986!!Risk"
"chiamakanwosu@yahoo.co.uk","jollofrice1"
"nwosuc","JollofRice1$$Cash"
"ingrid.bvisser@kpnmail.nl","stroopwafel3"
"visseri","Stroopwafel3!Liquidity"
"mateo.gomez.arg@gmail.com","messi10goat"
"gomezm03","Messi10Goat@2024!"
"sy.park89@naver.com","kimchijigae"
"parksy1","KimchiJigae2024$$"
"zayd.hendricks@mweb.co.za","tablemountain"
"hendriz","TableMountain99#!"
"claudia_gutierrez@gmail.com","cafecolombia8"
"gutierrc","CafeColombia8*Acct"
"emil.kowalski.pl@onet.pl","pierogi77"
"ekowalski","Pierogi77$$Shift2024"
"lucia.rossi88@libero.it","vespaprima"
"lrossi2","Vespaprima@Corp2024"
"hannah.vandenberg@xs4all.nl","tulipfields3"
"hvandenberg","Tulipfields3!Office1"
"alex.silva@prodigy.net.mx","goku99"
"asilva3","Goku99!Records2024"
"daniel.kim.it@gmail.com","starcraft2"
"dkim9","Starcraft2#SysAdmin!"
"sunita_rao@rediffmail.com","krishna08"
"srao6","Krishna08#NursePass!"
"hina_takahashi@ezweb.ne.jp","matcha101"
"htakahashi","Matcha101$RxPharmacy!"
"zheng.wei.db@163.com","pandaexpress"
"zwei","PandaExpress888$$$"
"bao.nguyen.sec@gmail.com","phoheo10"
"bnguyen2","PhoHeo10!SaigonSpecial"
"soraya.benali@outlook.fr","minttea4me"
"sbenali","MintTea4Me!SweetSugar24"
"astrid.nygard@online.no","northernlight"
"anygard","NorthernLight!Tromso2024"
"tshepo.dlamini@iafrica.com","springboks"
"tdlamini","Springboks!WorldCup2023"
"lucas.dupont.pro@orange.fr","marseille13"
"ldupont","Marseille13!!Shop"
"ananya.p.code@gmail.com","gulabjamun"
"apatel4","Gulabjamun!2024"
"dkim.secops@gmail.com","stargraft"
"dkim1","Stargraft#SecOps1!"
"zzhang.ai@gmail.com","hotpotlover"
"zzhang2","Hotpotlover#AI2024"
"jsilva.tech@uol.com.br","maracana70"
"jsilva5","Maracana70!Helpdesk"
"johan.beek@protonmail.com","stroopwafel"
"jvanderbeek","Stroopwafel*2024*"
"fatimah.ahmad@gmail.com","kuchingku"
"fahmad","Kuchingku#2024Edu"
"mvolkov_math@inbox.ru","chessmaster"
"mvolkov","Chessmaster#1E4E5!"
"omar.haddad@gmail.com","dabkequeen"
"ohaddad","DabkeQueen!Spring24"
"astrid_lindholm@proton.me","fika123"
"alindh","Fika123#CriticalCare"
"sidnair_hosp@gmail.com","kathakali"
"snair1","Kathakali@Admin365"
"mjpark_lab@naver.com","kimchi55"
"mpark2","Kimchi55#Pathology!"
"igor_emt_spb@gmail.com","spartak"
"ismirn","Spartak!EMSdispatch1"
"leila_hoss_rd@yahoo.com","saffron4"
"lhosse","Saffron4!NutritionWard"
"bfernandez_ic@gmail.com","canela12"
"bferna","Canela12@InfectionCtrl"
"chia.okonjo@yahoo.com","afrobeatsfan99"
"cokojo","Afrobeatsfan99$Clinic"
"sunita_baking@gmail.com","gulabjamun7"
"srao8","Gulabjamun7@MedLab1"
"minhopark94@naver.com","taekwondodan3"
"mpark03","Taekwondodan3#HIMpass"
"d.weber.alps@web.de","zugspitzberg"
"dweber","Zugspitzberg#Med2024!"
"aisha.alnuaimi@outlook.com","pearlfalcon77"
"aalnuaimi","Pearlfalcon77#Cardiac1"
"grace.auma.kisumu@yahoo.com","tilapialakevic"
"gauma","Tilapialakevic@Safety01"
"yuna_kim_slp@yahoo.com","tteokbokki"
"ykim","Tteokbokki@RehabCare1"
"sorayarostami@gmail.com","shirazpersia"
"srostami","Shirazpersia!Plan24#"
"marcus.adebayo@yahoo.co.uk","arsenalfan99"
"madebayo","ArsenalFan99#Edu"
"sofia.chen92@outlook.com","bobaaddict"
"schen","BobaAddict#2023$"
"hassan_altikriti@yahoo.com","tigrisriver"
"haltikriti","TigrisRiver!!2024"
"isaac.cohen@outlook.com","blueskyday"
"icohen","BlueSkyDay!77Edu"
"soraya.mansoor@outlook.com","jasminepetals"
"salmansoor","Jasminepetals@2024"
"zainab.farooq@gmail.com","barafwater"
"zfarooq","Barafwater$Critical!"
"piotr.wozniak@onet.pl","tatramountains"
"pwozniak","Tatramountains#Gas24"
"jackie.oconnor@eircom.net","guinnesspint"
"joconnor","Guinnesspint!Dock99"
"joao.silva.rio@gmail.com","flamengo81"
"jsilva12","Flamengo81!Caixa1"
"siti.kassim89@gmail.com","kucingcomel"
"skassim","Kucingcomel@Rewards9"
"liam.murphy.cork@outlook.ie","hurlingfan"
"lmurphy02","Hurlingfan!CorkFloor1"
"sammy.cohen.tlv@gmail.com","hummusplate"
"scohen4","Hummusplate!ShiftOpen24"
"sofiagutierrez_edu@gmail.com","chocolatito"
"sgutierrez","Chocolatito$100"
"david_kamau_nbo@yahoo.com","safari77"
"dkamau","Safari77!!2024"
"hannah_weiss_music@web.de","beethoven5"
"hweiss","Beethoven5!Symphony"
"priya_sharma_91@yahoo.com","laddoo2015"
"psharm1","Laddoo2015!Capital"
"liamoc90@outlook.com","guinnessfan"
"loconn1","Guinnessfan@12345"
"sophie_dubois84@free.fr","baguettelover"
"sduboi1","Baguettelover#0102"
"hiro.tanaka@yahoo.co.jp","shiba_ken"
"htanak3","Shiba_ken!Tokyo2024"
"biasilva1993@gmail.com","maracuja93"
"bsilva8","Maracuja93@FinOps"
"mbrody_invest@gmail.com","broncos7"
"mbrody1","Broncos7#DenverBank"
"jankowalski.waw@onet.pl","pierogi88"
"jkowal1","Pierogi88!Treasury"
"ardi.pratama@gmail.com","bandungboy"
"aprata1","Bandungboy@Bank2024"
"ingrid.lindqvist@live.se","fikatime"
"ilindq1","Fikatime#Secured99"
"sam.adeyemi85@gmail.com","lagosboy01"
"sadeye3","Lagosboy01$Compliance"
"l_moretti92@virgilio.it","vesparider"
"lmoret1","Vesparider!Milan100"
"dan.kim95@gmail.com","maplestory"
"dkim012","Maplestory#95Bank!"
"ananyasen_kolkata@rediffmail.com","darjeeling"
"asen004","Darjeeling!Secure24"
"lucas.vandenberg@gmail.com","heineken00"
"lvande1","Heineken00!Asset2024"
"aaliyah.b.brooks@gmail.com","sunshine89"
"abrook4","Sunshine89#Vault123"
"smirnov.igor94@yandex.ru","lada2107"
"ismirn1","Lada2107!SystemSecure"
"gaby.fernandez@gmail.com","flamenco99"
"gferna2","Flamenco99#MadridCorp"
"daria.ivanova.tech@gmx.de","berlinnight"
"divanova","Berlinnight!9922"
"ingrid.jensen@online.no","fjordhike"
"ijensen","Fjordhike#2024Secure"
"pieter.vandenberg@ziggo.nl","tulipfield"
"pvandenberg","Tulipfield@2024Net"
"tjankowski84@interia.pl","legiawarszawa"
"tjankowski","LegiaWarszawa!2024"
"soraya.nader@gmail.com","bluewhale"
"snader","BlueWhale!998877"
"amara.eze@gmail.com","jollofrice"
"aeze","JollofRice#Global1"
"doconnor.tech@gmail.com","guinness88"
"doconno","Guinness88#Enterprise!"
"chloe.evans.design@icloud.com","sunflower9"
"cevans","SunFlower9#WorkSpace!"
"liam.tremblay@sympatico.ca","hockeypuck"
"ltrembl","HockeyPuck!Admin2024$"
"felix.weber@gmx.de","bretzel86"
"fweber","Bretzel86!Embedded#1"
"nguyen.vt.cloud@gmail.com","hanoicafe"
"tvnguye","HanoiCafe!SecureCloud#"
"yulia_ivanova@mail.ru","matryoshka"
"yivano","Matryoshka$2024"
"jw_park88@naver.com","starcraft2"
"jpark1","Starcraft2@Office"
"emma.wtaylor@btinternet.com","teapot91"
"ewatso","Teapot91#Access"
"arshad.khan.pk@gmail.com","biryani1"
"akhan2","Biryani1$Retail12"
"nchai.bkk@gmail.com","somtum55"
"nchai1","Somtum55$Register"
"ethan.campbell@optusnet.com.au","boomerang8"
"ecampb","Boomerang8#Retail!"
"sarah.jenkins.home@outlook.com","goldenretriever"
"sjenki02","Goldenretriever!1"
"kwesi.appiah.accra@gmail.com","chelsea2012"
"kappia01","Chelsea2012#Safe"
"liam.oconnor.eire@gmail.com","guinnesspub"
"loconn03","Guinnesspub!2023"
"tanaka.hiroshi.osaka@yahoo.co.jp","gundamrx78"
"htanak01","Gundamrx78#Store"
"amara.diallo.sen@gmail.com","dakarvibes"
"adiall02","Dakarvibes!2024"
"sofia.rossi.roma@virgilio.it","tiramisu21"
"srossi01","Tiramisu21@Store"
"ananya.patel.in@gmail.com","rangoli123"
"apatel04","Rangoli123$Online"
"fatimah.zahra.bh@gmail.com","saffrontea"
"falzah","Saffrontea!Shop1"
"lucas.martin.lyon@laposte.net","bluesky99"
"lmarti09","Bluesky99#Admin!"
"chloe.dupont.fashion@gmail.com","croissant7"
"cdupon01","Croissant7@Paris1"
"aaliyah.j.atl@gmail.com","butterfly9"
"ajohns14","Butterfly9!Retail"
"beatriz.santos.salvador@bol.com.br","capoeira88"
"bsanto","Capoeira88$Guard"
"noah.vandijk.nl@kpnmail.nl","ajaxamsterdam"
"nvandi","Ajaxamsterdam!01"
"miriam.cohen.telaviv@gmail.com","bagellover"
"mcohen02","Bagellover!Retail1"
"ingrid.bergman.oslo@protonmail.com","northernlight"
"ibergm","Northernlight!2024"
"zoe_papan@otenet.gr","santorinisunset"
"zpapanto","Santorinisunset!22"
"nour.haddad@inco.com.lb","cedartree06"
"nhaddad","Cedartree06@RxHosp"
"thanh_nguyen79@gmail.com","hanoicafe88"
"tnguyen12","Hanoicafe88!Onco"
"hannah.clarke95@outlook.com","goldenretriever"
"hclarke","Goldenretriever#404"
"zoe.zim93@web.de","berlinrunner"
"zzimmerm","BerlinRunner#1234"
"kspark.ml@naver.com","starcraft00"
"kspark","StarCraft00#Deploy"
"fatima.bello95@gmail.com","lagosvibes"
"fbello","LagosVibes2024!!"
"liam.h88@gmail.com","catdigger"
"lhenderson","Catdigger2024!#"
"cramirez_77@hotmail.com","azulcrema"
"cramirez","Azulcrema#Est2024"
"arvo.makinen@luukku.com","sisu1975"
"amakinen","Sisu1975#CraneOp!"
"chloe.sparks@gmail.com","sparkyboo"
"cbennett","Sparkyboo!Volt2024"
"hbouazza@gmail.com","casablanc"
"hbouazza","Casablanc!Drywall24"
"greta.weber@web.de","polarbear7"
"gweber","Polarbear7#HvacKlima"
"johan.vdm@webmail.co.za","springbok95"
"jvanderm","Springbok95##24"
"priya.raman92@gmail.com","filtercoffee"
"pramanathan","Filtercoffee@2024!"
"somchai.bkk.guard@gmail.com","muaythaiboy"
"sprasert","Muaythaiboy!Safe24"
"zoe.vandenberg@xs4all.nl","tulpenveld05"
"zvandenberg","Tulpenveld05@Secure9"
"l.weber84@web.de","schatten99"
"lweber1","Schatten99!Access"
"kenjisato.tokyo@gmail.com","ramenmaster"
"ksato9","Ramenmaster#9999"
"s.rossi91@virgilio.it","micetto12"
"srossi5","Micetto12#Audit!"
"priya.patel@gmail.com","rangoli01"
"ppatel1","Rangoli01#Report"
"sunita_rao19@gmail.com","ladduqueen"
"srao02","Ladduqueen@100k!"
"kmurphy_dublin@gmail.com","celticfc07"
"kmurph1","Celticfc07#WallSt"
"aisyah.putri@cbn.net.id","kucingtidur"
"aputri6","Kucingtidur#99Bank"
"zoya_vanya@mail.ru","solnyshko22"
"zivanov","Solnyshko22@Pmt!"
"mvance.ny@gmail.com","bluejays04"
"mvance7","Bluejays04#Broker"
"bia.nogueira.kids@uol.com.br","PipocaMel05"
"bnogueira","PipocaMel05@PreK!"
"zoe_walker96@icloud.com","sunflowerdaisy"
"zwalker","Sunflowerdaisy2024&"
"nadia.abadi@yahoo.com","jasminebreeze"
"nabadi","Jasminebreeze123@#"
"carlitos_mendoza84@gmail.com","chelsea98"
"cmendoz2","Chelsea98!Banker"
"karin_sthlm@posten.se","fikaalltid"
"klindqv","Fikaalltid!2024Bank"
"emeka_okoro@gmail.com","superfalcons"
"cokoro1","Superfalcons!99Bank"
"oliver.smith.uk@outlook.com","arsenalgunner"
"osmith4","Arsenalgunner#1London"
"biadasilva_rio@uol.com.br","flamengo1981"
"bsilva6","Flamengo1981!Brasil"
"ananya.sen.kolkata@gmail.com","darjeeling"
"asen02","Darjeeling@Tea100%"
"hannah.berlin.fin@web.de","pretzeltime"
"harendt","Pretzeltime$Finanz1"
"isa_gonzalez91@gmail.com","dulcedeleche"
"igonzal","Dulcedeleche!2024*"
"ola_wozniak@onet.pl","krakowwawel"
"awoznia","Krakowwawel@Bank12"
"cohen_david_tlv@gmail.com","shakshuka"
"dcohen9","Shakshuka!Finance24"
"mateo.silva88@gmail.com","flamengo1981"
"msilva88","Flamengo1981!Retail"
"rossi.sofia92@virgilio.it","vespaprima"
"srossi92","Vespaprima2024*"
"hannah.schmidt96@web.de","munichsunset"
"hschmidt96","Munichsunset?2024"
"sunhee_park94@naver.com","bibimbap77"
"spark77","Bibimbap77!!Hospital"
"priya.bala.stats@gmail.com","marigold12"
"pbalakrishnan","Marigold12#AdminMed"
"chao.wang.biz@163.com","mahjongmaster"
"cwang","MahjongMaster$8888"
"loconnor.cork@outlook.com","hurlingking"
"loconnor8","Hurlingking2024!#"
"mendoza.carlos.mx@hotmail.com","tacosalpastor"
"cmendoza9","Tacosalpastor$2024!"
"ytanaka.shibuya@gmail.com","matchalatte07"
"ytanaka2","Matchalatte07!Retail"
"kwame.mensah.accra@gmail.com","blackstars9"
"kmensah7","Blackstars9#2024work"
"sofia.hernandez.bog@outlook.com","colombiamagic"
"shernandez6","Colombiamagic123!@"
"nils.lindqvist.sthlm@gmail.com","kanelbulle8"
"nlindqvist","Kanelbulle8$$Stockholm"
"tariq.haddad.amman@gmail.com","falafelking"
"thaddad9","Falafelking!2024$$"
"ingrid.visser.adam@ziggo.nl","stroopwafel9"
"ivisser4","Stroopwafel9@ShiftLead"
"jack.thompson.syd@hotmail.com","surfingwaves"
"jthompson8","Surfingwaves123!Retail"
"meiling.chen.tp@gmail.com","bubbletea01"
"mchen15","Bubbletea01!Workstation"
"zainab.bello.kano@gmail.com","suyaandrice"
"zbello2","Suyaandrice#2024Store"
"hannah.smith.retail@gmail.com","daisypuppy1"
"hsmith22","Daisypuppy1!Register01"
"kenji.sato.osaka@gmail.com","takoyaki88"
"ksato6","Takoyaki88#FloorTeam!"
"leila.mansour.cairo@gmail.com","pyramidsun"
"lmansour5","Pyramidsun123#Retail!"
"taka_sato@yahoo.co.jp","ramenlover"
"tsato09","Ramenlover*0721!"
"dmiller_fishing@gmail.com","bassmaster"
"dmille2","Bassmaster#1Spring"
"bojan.kovacic@gmail.com","rakijamaster"
"bkovaci","Rakijamaster!Password12"
"priscilla_c_rio@yahoo.com.br","ipanema2016"
"pcoelho","Ipanema2016#RioCorp!"
"thao_nguyen90@gmail.com","banhmi2020"
"tnguye11","Banhmi2020!BankPass#"
"dimitris_papadop@hotmail.gr","olympiacos7"
"dpapadop","Olympiacos7@Piraeus24"
"s.mueller94@web.de","bretzel21"
"smueller8","Bretzel21@Munich"
"amara_okafor@yahoo.com","lagosbaby7"
"aokafor3","Lagosbaby7!Audit"
"ananya_sen@outlook.com","chocoholic"
"asen12","Chocoholic#1234!"
"tariq.haddad@hotmail.com","beirutrock"
"thaddad1","Beirutrock$100!"
"jldubois@laposte.net","bordeaux20"
"jldubois","Bordeaux20!Fin24"
"chloe.martin@icloud.com","sunsetbeach"
"cmartin4","Sunsetbeach#2024!"
"z_yusuf90@gmail.com","cupcake2020"
"zyusuf","Cupcake2020$Bank!"
"meiling.chang@gmail.com","taipei101cat"
"mchang7","Taipei101cat#Assets"
"devans_wales@gmail.com","rugbyball15"
"devans2","Rugbyball15!Cardiff"
"sunita_chem@yahoo.in","masalachai"
"ssharma9","Masalachai#12345"
"beatriz_sgomez@gmail.com","tequila99"
"bsilvagomez","Tequila99@Admissions!"
"clara.vandenberg@xs4all.nl","tulpenveld"
"cvandenberg","Tulpenveld!Clinic2024"
"sunita_sharma92@outlook.com","mithoo2018"
"ssharm8","Mithoo2018#Risk"
"amara.okafor95@yahoo.com","chimamanda"
"aokafo2","Chimamanda$100!"
"hassan.mansoor@gmail.com","alainfc90"
"halman3","Alainfc90@Bank24"
"k.takahashi@yahoo.co.jp","sakurabloom"
"ktakah9","SakuraBloom#2024!"
"zainab.fassi@gmail.com","marrakesh04"
"zalfas1","Marrakesh04!Finance"
"ananyasen1991@gmail.com","rasgulla84"
"asenn3","Rasgulla84*Corporate!"
"volkov_dmitry@inbox.ru","chessmate9"
"dvolko8","Chessmate9#Delta1!"
"siti_nur90@yahoo.com","kucingkucing"
"snurha2","Kucingkucing@123#"
"beatriz.santos.rio@gmail.com","carnaval06"
"bsanto9","Carnaval06#Access!"
"tariq_fraud_prevent@outlook.com","falafelking"
"tmanso4","Falafelking!Protect99"
"ingrid.vandermeer@kpnmail.nl","tulpenveld"
"ivande1","Tulpenveld#Vault2024"
"evelyn.martinez@att.net","daisydog12"
"emarti8","Daisydog12!Spring24"
"yingying.chen@163.com","boba100sugar"
"ychen7","Boba100sugar$Deal*"
"arthur.pendelton@btinternet.com","earlgrey4pm"
"apende3","Earlgrey4pm!Trust2024"
"chen.jianping1984@163.com","cranehero84"
"jchen12","CraneHero84@Site!"
"kwame.appiah.gh@yahoo.com","kumasi_boy"
"kappiah3","Kumasi_Boy$$2024!"
"ingrid.visser83@kpnmail.nl","tuliptime83"
"ivisser2","TulipTime83$$Green"
"bellini_marco@libero.it","forzajuve"
"mbellini","ForzaJuve!!1996#"
"priya.nair.geo@gmail.com","monsoontea"
"pnair5","MonsoonTea@2024*"
"eoin.macbride@eircom.net","celticfc67"
"emacbride","Celticfc67$$Super!"
"valeria_sparky@gmail.com","sparkygirl"
"vmorales8","SparkyGirl!Electric9"
"alecruz_framing@gmail.com","tacosalpastor"
"acruz11","TacosAlPastor#2024$"
"hansen_lucas_iron@gmail.com","motorcross7"
"lhansen3","MotorCross7$$Steel"
"priya.narayan88@yahoo.com","chennaiexpress"
"pnarayanan","ChennaiExpress!2024"
"kavita.sharma.words@gmail.com","bookwormlife"
"ksharma","Bookwormlife!Docs2024"
"falmansoor88@gmail.com","safiya2015"
"falman01","Safiya2015!Nurse"
"mateosilva.surf@yahoo.com","costarica99"
"msilva99","CostaRica99#Hospital"
"sunitarao.pharma@outlook.com","motichoor"
"srao44","Motichoor@2024!"
"kmensah1985@gmail.com","kotoko12"
"kmensa03","Kotoko12#Shift1"
"meiling.chen.tpe@yahoo.com","bobatea2020"
"mchen08","BobaTea2020*Health"
"morales_alex92@gmail.com","chihuahua4"
"amoral11","Chihuahua4!LabTech"
"jonas.lindqvist@tele2.se","fikaandkaffe"
"jlindq01","FikaAndKaffe123!"
"zainab_qasim@live.com","karachibreeze"
"zqasim01","KarachiBreeze#2024"
"chuks.eze.pt@gmail.com","arsenalgunner"
"ceze05","ArsenalGunner!!99"
"hana_takahashi_jp@yahoo.co.jp","matchalover"
"htakah02","MatchaLover?2023"
"dr.gsantos@uol.com.br","flamengo81"
"gsanto09","Flamengo81!MedCenter"
"ananya.nutri@gmail.com","paneertikka"
"asharm03","PaneerTikka@101Diet"
"lukas.weber90@gmx.de","alpenkraxler"
"lweber04","Alpenkraxler!2022Herz"
"campbell.nia96@outlook.com","bluewave96"
"ncampb01","BlueWave96$$FrontDesk"
"divanov.spb@gmail.com","zenitpiter"
"divano02","ZenitPiter#ICU2024"
"soraya.haddad@hotmail.com","fairuzsong"
"shadda01","FairuzSong&Teeth1"
"tariqmansour77@yahoo.com","falafelking"
"tmanso02","FalafelKing*Safe12"
"chloe.martin.ot@gmail.com","croissant89"
"cmarti07","Croissant89%Rehab"
"minho.park.lab@naver.com","gangnamcat"
"mpark15","GangnamCat!BioLab24"
"esme.vega.tx@gmail.com","guadalajara"
"evega03","Guadalajara$Claims1"
"patmurphy_counselor@gmail.com","guinnessdraft"
"pmurph04","GuinnessDraft#Therapy1"
"yousuf.medic@outlook.com","dunecrews99"
"yalbad01","DuneCrews99@Ambulance"
"kenji.sato.jp@gmail.com","ramenlover88"
"ksato88","Ramenlover88!2024"
"chen.huizhong@qq.com","panda0808"
"hchen7","Panda0808#Tech2024"
"aisha.khan.pk@gmail.com","biryanitime"
"akhan14","Biryanitime!Corp99"
"hannah.vanderberg@xs4all.nl","stroopwafel"
"hvanderb","Stroopwafel2024!Work"
"ananya.roy.kol@gmail.com","sweetrosogolla"
"aroy2","Sweetrosogolla@1234#"
"camilasantos_sp@uol.com.br","sambabrasil"
"csanto","SambaBrasil2024!"
"hanna.korhonen_fi@suomi24.fi","saunakesa"
"hkorho","Saunakesa#2024Fin"
"gavin.macleod@btinternet.com","lochlomond"
"gmacle","Lochlomond_Night2024!"
"isabella.gomez_col@gmail.com","chocobreak"
"igomez","Chocobreak#CustomerReturns1"
"tane_rigging@gmail.com","allblacks"
"tmahuta","Allblacks#1Kiwi!"
"birgit_lindqvist@telia.com","fika10am"
"blindqvist","Fika10am!Vasteras"
"tariq_mep@hotmail.com","burjkhalifa"
"talnuaimi","Burjkhalifa@Tower1"
"farhan.qureshi@gmail.com","cricketking"
"fqureshi","Cricketking123@Work"
"abbyclark_safety@gmail.com","daisymae"
"aclark","Daisymae2024!Safety"
"reyes_marilou@manilawave.ph","boracaytrip"
"mreyes","Boracaytrip*Renal1"
"youssef.bennani@maghrebmail.ma","casablanca9"
"ybennani","Casablanca9+Pharmacy"
"ananya.sen.science@gmail.com","kolkatachai"
"asengupta","KolkataChai#101"
"pavel.horvath@seznam.cz","slaviapraha"
"phorvath","SlaviaPraha!1234"
"dan.thorne@outlook.com","trailrunner1"
"dthorne","TrailRunner1$Secure"
"smartinez.arg@outlook.com","dulcedeleche"
"smartinez","Dulcedeleche$123"
"ingrid.vdberg.amsterdam@xs4all.nl","tulipsandbikes"
"ivanderberg","Tulipsandbikes123!"
"mateo.rossi.82@gmail.com","ducati848"
"mrossi71","Ducati848!Build2024"
"carlitos.mendez74@hotmail.com","chivasregal"
"cmendez5","Chivasregal@Project2024"
"msantos.builds@gmail.com","pipoca2019"
"msantos8","Pipoca2019@Drywall1"
"diego.ironworks@gmail.com","sparky1980"
"dfernandez3","Sparky1980#WeldTech!"
"t.kowalski1977@wp.pl","warszawa77"
"tkowalski6","Warszawa77#BrickWork1"
"aaliyah.hvac@gmail.com","smoothjazz"
"abrooks5","Smoothjazz#Cooling24"
"gabriel.silva.glass@gmail.com","flamengo81"
"gsilva9","Flamengo81$GlassCorp"
"hanneke.vandijk@kpnmail.nl","tulpenland"
"hvandijk1","Tulpenland!Bids2024#"
"reza.plumb76@yahoo.com","shahrzad99"
"rpahlavan4","Shahrzad99#PipingSite"
"fiona.macleod.demo@gmail.com","highlandcow"
"fmacleod8","Highlandcow!Demo2024!"
"ingrid.bergman.rig@outlook.com","valkyrie18"
"ibergman7","Valkyrie18$RiggingPro"
"verma.rahul@gmail.com","cricketfan7"
"rverma","CricketFan7!Cardio"
"pavel.crane@centrum.cz","slavia1892"
"phorvat","Slavia1892&&Site"
"dirkvanderbeek@kpnmail.nl","oranjeleeuw"
"dvanderb","Oranjeleeuw1988!"
"ingrid.lowe.geo@gmail.com","granite78"
"ilowe","Granite78$$Earth"
"priya.narayan94@gmail.com","filtercoffee7"
"pnaray","FilterCoffee7$$Tech"
"jonas.schmidt.eng@web.de","brezelundbier"
"jschmi","BrezelUndBier!99"
"camiladuarte.rio@gmail.com","ipanemabeach"
"cduart","IpanemaBeach!1989"
"hassanraza85@yahoo.com","lahoriqalandar"
"hraza0","LahoriQalandar@999"
"zoe.campbell.syd@hotmail.com","vegemiteontoast"
"zcampb","VegemiteOnToast!!24"
"nadia.kowalska.pl@gmail.com","pierogiruskie"
"nkowal","PierogiRuskie$2024$"
"tom.miller.us@gmail.com","bassfishing9"
"tmiller","Bassfishing9#ProdRelease!"
"nadia.boukrouba@gmail.com","couscous33"
"nboukrouba","Couscous33!AdminPass2024"
"lupita_mendez90@outlook.com","chocolatito"
"mmendez","Chocolatito$1234"
"soraya_gholami91@gmail.com","pomegranate1"
"sgholami","Pomegranate1!Clinic"
"giulia.moretti.icu@libero.it","vespaprima"
"gmoretti","Vespaprima!ICU24"
"siti_nurhaliza_my@gmail.com","nasilemak88"
"sishak","Nasilemak88!Diet"
"einar.gudmunds.is@simnet.is","geysirhot"
"egudmund","Geysirhot@Psych1"
"camila_restrepo_co@yahoo.es","arepaconqueso"
"crestrepo","Arepaconqueso*2024"
"aoife.gallagher85@eircom.net","galwaybay"
"agallagh","GalwayBay2023!OT"
"cgomez_bloodlab@yahoo.com","salsaweekend"
"cgomez3","SalsaWeekend!12Lab"
"lucassilva.rio@globo.com","copacabana"
"lsilva1","Copacabana2024!PT"
"nkowalski_gdansk@interia.pl","balticocean"
"nkowalsk","BalticOcean%Clinic1"
"esteban.morales.bogota@gmail.com","aguapanela"
"emorales5","Aguapanela2024!Hosp"
"sora.takahashi@yahoo.co.jp","ramenlover"
"stakah","Ramenlover1234!!"
"chen.zhenghao95@163.com","haidilao"
"zchen8","Haidilao#888888"
"diegomorales_col@gmail.com","cafecito"
"dmoral","Cafecito*2024$$"
"f.alhassan@gmail.com","karaktea"
"falhas","Karaktea2024!Safe"
"nneka_okonjo@gmail.com","chin2chin"
"nokonj","Chin2chin!Lagos2024"
"minapark88@daum.net","ddokbokki"
"mpark9","Ddokbokki2024@@!"
"meiling.zhou.sg@gmail.com","bobaAddict"
"mzhou03","BobaAddict#1234"
"siobhan.murphy.cork@gmail.com","galwaygirl"
"smurph2","Galwaygirl@2024"
"fatimah.yusuf@live.com","yasmin2019"
"fyusuf","Yasmin2019$$Bank"
"hans.becker.ffm@web.de","pretzel01"
"hbecke","Pretzel01#Secure!"
"leila.haddad@hotmail.com","beirutsun"
"lhadda","BeirutSun!9988$"
"diego.fernandez.baires@gmail.com","asado2021"
"dferna","Asado2021!Research"
"aaliyah.j.jackson@gmail.com","peaches07"
"ajacks4","Peaches07$$Work!"
"chen.zhihao87@163.com","pandaexpress"
"zchen02","Pandaexpress!2024"
"nadia.benali.casa@gmail.com","olivetree"
"nbenal","OliveTree#Bank2024"
"fatimah.noor@yahoo.com","tulipblossom"
"fnoor","Tulipblossom#1234"
"coach_brooks@gmail.com","touchdown84"
"jbrooks","Touchdown84!Wildcats"
"freja_nygard@live.se","fikaforlife"
"fnygard","Fikaforlife!PreK2024"
"andrei.popescu90@protonmail.com","dota2midlane"
"apopescu","Dota2midlane@2024"
"sjenkins_mom@hotmail.com","sunshinebear"
"sjenkins3","Sunshinebear*2023"
"deepanarang@gmail.com","marigold108"
"dnarang","Marigold108@Corp!"
"carlossilva_sp@uol.com.br","flamengo1981"
"csilva9","Flamengo1981#Secure"
"isabelle.dubois@wanadoo.fr","macaronchoc"
"idubois","Macaronchoc#Paris24"
"mayalin.sf@gmail.com","bobaaddict"
"mlin04","Bobaaddict#Bank24"
"hbenali_casa@hotmail.com","couscous77"
"hbenali","Couscous77#Trade!"
"sbergstrom_swe@pm.me","kanelbulle"
"sbergstrom","Kanelbulle!Banking9"
"nia.evans.cardiff@outlook.com","dragonflag11"
"nevans","DragonFlag11!!Boom#"
"hana.alzahra@gmail.com","yasmeen"
"halzahra","Yasmeen#Design1"
"mateorossi88@gmail.com","forzajuve"
"mrossi88","ForzaJuve#2024!"
"amina.yusuf99@gmail.com","sunflower99"
"ayusuf1","Sunflower99!!Store"
"jiwoo.kim.kr@naver.com","starlight"
"jkim94","StarLight2024!@"
"camilasilva.br@gmail.com","samba10"
"csilva10","Samba10#StoreFulfill"
"gkellyevans@btinternet.com","daffodil"
"gevans3","Daffodil#Spring2024"
"ananya.sen92@rediffmail.com","kolkatamagic"
"as9941","KolkataMagic2024!"
"elena.rossi.art@libero.it","vangoghsun"
"erossi2","VanGoghSun#Class!"
"kwame_boateng@gmail.com","blackstar99"
"knkrumah","BlackStar99$Advising"
"spetrova_psy@rambler.ru","dostoyevsky"
"spetrova","Dostoyevsky#PsyCare1"
"lucas_runner94@free.fr","tourdefrance"
"lmarti1","TourDeFrance2024!PE"
"aisha_alnuaimi@gmail.com","karakchai22"
"aalnuaim","KarakChai22#Admit!"
"parkminho_seoul@naver.com","hanrivernight"
"mpark01","HanRiverNight#ESL101"
"asmirnov.it@yandex.ru","sputnikorbit"
"asmirnov","SputnikOrbit@NetAdmin99"
"priya.swami@outlook.com","mangolassi"
"pswamin","MangoLassi2024#"
"zainab.mansoor@proton.me","falafellover"
"zalmans","FalafelLover_2023"
"ananya.roy@gmail.com","calcuttaboy"
"aroy9","CalcuttaBoy#2024"
"adeleke.ngozi@yahoo.com","afrobeats"
"nadelek","Afrobeats_Pass1"
"thiago.silva.dev@uol.com.br","flamengo81"
"tsilva1","Flamengo81#Work"
"mateosilva92@outlook.com","flamengo2019"
"msilva84","Flamengo2019!Retail"
"kiran_patel88@yahoo.com","arsenalgonner"
"kpatel12","Arsenalgonner@123"
"hana_tanaka@icloud.com","matchalover"
"htanaka9","Matchalover.1234"
"carlitosgomez85@yahoo.com","tacosalpastor"
"cgomez77","Tacosalpastor!2024"
"sunwoo.park99@naver.com","starcraft2"
"spark55","Starcraft2!!Shift"
"jl.moreau@wanadoo.fr","baudelaire"
"jlmoreau","Baudelaire!Univ2024"
"cmendoza_pdx@gmail.com","tigretico2010"
"cmendo01","Tigretico2010!#Retail"
"sofia.guimaraes@uol.com.br","pipoca2018"
"sguimaraes","Pipoca2018$WorkPass"
"pnambiar.art@yahoo.com","chaiandcats"
"pnambi01","Chaiandcats!2024"
"mateosilva_surf@yahoo.com","surfbaja"
"msilva7","Surfbaja#Clinic1"
"linnea.lindqvist88@outlook.com","fika2016"
"llindq01","Fika2016!BuildSite"
"priya.sengupta88@gmail.com","stargazer88"
"psengupta","Stargazer88#Edu2024"
